schema_name,table_name,column_name,column_data_type,full_data_type,CEDS_GlobalId,CEDS_Element
RDS,BridgeAeStudentEnrollmentRaces,BridgeFactAeStudentEnrollmentRaceId,int,int,NULL,NULL
RDS,BridgeAeStudentEnrollmentRaces,FactAeStudentEnrollmentId,int,int,NULL,NULL
RDS,BridgeAeStudentEnrollmentRaces,RaceId,int,int,NULL,NULL
RDS,BridgeK12ProgramParticipationRaces,BridgeK12ProgramParticipationId,bigint,bigint,NULL,NULL
RDS,BridgeK12ProgramParticipationRaces,FactK12ProgramParticipationId,bigint,bigint,NULL,NULL
RDS,BridgeK12ProgramParticipationRaces,RaceId,int,int,NULL,NULL
RDS,BridgeK12SchoolGradeLevels,BridgeK12SchoolGradeLevelId,int,int,NULL,NULL
RDS,BridgeK12SchoolGradeLevels,K12SchoolId,int,int,NULL,NULL
RDS,BridgeK12SchoolGradeLevels,GradeLevelId,int,int,NULL,NULL
RDS,BridgeK12StudentAssessmentAccommodations,FactK12StudentAssessmentAccommodationId,int,int,NULL,NULL
RDS,BridgeK12StudentAssessmentAccommodations,FactK12StudentAssessmentId,int,int,NULL,NULL
RDS,BridgeK12StudentAssessmentAccommodations,AssessmentAccommodationId,int,int,NULL,NULL
RDS,BridgeK12StudentAssessmentRaces,BridgeK12StudentAssessmentRaceId,int,int,NULL,NULL
RDS,BridgeK12StudentAssessmentRaces,FactK12StudentAssessmentId,int,int,NULL,NULL
RDS,BridgeK12StudentAssessmentRaces,RaceId,int,int,NULL,NULL
RDS,BridgeK12StudentCourseSectionK12Staff,BridgeK12StudentCourseSectionK12StaffId,int,int,NULL,NULL
RDS,BridgeK12StudentCourseSectionK12Staff,K12StaffId,bigint,bigint,NULL,NULL
RDS,BridgeK12StudentCourseSectionK12Staff,FactK12StudentCourseSectionId,bigint,bigint,NULL,NULL
RDS,BridgeK12StudentCourseSectionK12Staff,TeacherOfRecord,bit,bit,000647,Teacher of Record
RDS,BridgeK12StudentCourseSectionRaces,BridgeK12StudentCourseSectionRaceId,bigint,bigint,NULL,NULL
RDS,BridgeK12StudentCourseSectionRaces,FactK12StudentCourseSectionId,bigint,bigint,NULL,NULL
RDS,BridgeK12StudentCourseSectionRaces,RaceId,int,int,NULL,NULL
RDS,BridgeK12StudentCourseSectionsCipCodes,BridgeK12StudentCourseSectionsCipCodeId,bigint,bigint,NULL,NULL
RDS,BridgeK12StudentCourseSectionsCipCodes,FactK12StudentCourseSectionId,bigint,bigint,NULL,NULL
RDS,BridgeK12StudentCourseSectionsCipCodes,CipCodeId,int,int,NULL,NULL
RDS,BridgeK12StudentDisciplineDiscplineReasons,BridgeK12StudentDisciplineDiscplineReasonId,int,int,NULL,NULL
RDS,BridgeK12StudentDisciplineDiscplineReasons,FactK12StudentDisciplineId,int,int,NULL,NULL
RDS,BridgeK12StudentDisciplineDiscplineReasons,DisciplineReasonId,int,int,NULL,NULL
RDS,BridgeK12StudentDisciplineIdeaDisabilityTypes,BridgeK12StudentDisciplineIdeaDisabilityTypeId,int,int,NULL,NULL
RDS,BridgeK12StudentDisciplineIdeaDisabilityTypes,IdeaDisabilityTypeId,int,int,NULL,NULL
RDS,BridgeK12StudentDisciplineIdeaDisabilityTypes,FactK12StudentDisciplineId,int,int,NULL,NULL
RDS,BridgeK12StudentDisciplineIncidentBehaviors,BridgeK12StudentDisciplineIncidentBehaviorId,int,int,NULL,NULL
RDS,BridgeK12StudentDisciplineIncidentBehaviors,FactK12StudentDisciplineId,int,int,NULL,NULL
RDS,BridgeK12StudentDisciplineIncidentBehaviors,IncidentBehaviorId,int,int,NULL,NULL
RDS,BridgeK12StudentDisciplineRaces,BridgeK12StudentDisciplineRaceId,int,int,NULL,NULL
RDS,BridgeK12StudentDisciplineRaces,FactK12StudentDisciplineId,int,int,NULL,NULL
RDS,BridgeK12StudentDisciplineRaces,RaceId,int,int,NULL,NULL
RDS,BridgeK12StudentEconomicDisadvantageRaces,BridgeK12StudentEconomicDisadvantageRaceId,int,int,NULL,NULL
RDS,BridgeK12StudentEconomicDisadvantageRaces,FactK12StudentEconomicDisadvantageId,int,int,NULL,NULL
RDS,BridgeK12StudentEconomicDisadvantageRaces,RaceId,int,int,NULL,NULL
RDS,BridgeK12StudentEnrollmentIdeaDisabilityTypes,BridgeK12StudentEnrollmentIdeaDisabilityTypeId,int,int,NULL,NULL
RDS,BridgeK12StudentEnrollmentIdeaDisabilityTypes,FactK12StudentEnrollmentId,bigint,bigint,NULL,NULL
RDS,BridgeK12StudentEnrollmentIdeaDisabilityTypes,IdeaDisabilityTypeId,int,int,NULL,NULL
RDS,BridgeK12StudentEnrollmentPersonAddresses,BridgeK12StudentEnrollmentPersonAddressId,bigint,bigint,NULL,NULL
RDS,BridgeK12StudentEnrollmentPersonAddresses,FactK12StudentEnrollmentId,bigint,bigint,NULL,NULL
RDS,BridgeK12StudentEnrollmentPersonAddresses,PersonAddressId,int,int,NULL,NULL
RDS,BridgeK12StudentEnrollmentPersonAddresses,AddressTypeForLearnerOrFamilyCode,nvarchar,nvarchar(100),000010,Address Type for Learner or Family
RDS,BridgeK12StudentEnrollmentPersonAddresses,AddressTypeForLearnerOrFamilyDescription,nvarchar,nvarchar(300),000010,Address Type for Learner or Family
RDS,BridgeK12StudentEnrollmentRaces,BridgeK12StudentEnrollmentRaceId,bigint,bigint,NULL,NULL
RDS,BridgeK12StudentEnrollmentRaces,FactK12StudentEnrollmentId,bigint,bigint,NULL,NULL
RDS,BridgeK12StudentEnrollmentRaces,RaceId,int,int,NULL,NULL
RDS,BridgeLeaGradeLevels,BridgeLeaGradeLevelId,int,int,NULL,NULL
RDS,BridgeLeaGradeLevels,LeaId,int,int,NULL,NULL
RDS,BridgeLeaGradeLevels,GradeLevelId,int,int,NULL,NULL
RDS,BridgePsStudentEnrollmentRaces,BridgePsStudentEnrollmentRaceId,bigint,bigint,NULL,NULL
RDS,BridgePsStudentEnrollmentRaces,FactPsStudentEnrollmentId,bigint,bigint,NULL,NULL
RDS,BridgePsStudentEnrollmentRaces,RaceId,int,int,NULL,NULL
RDS,BridgeSpecialEducationIdeaDisabilityTypes,BridgeSpecialEducationIdeaDisabilityTypeId,int,int,NULL,NULL
RDS,BridgeSpecialEducationIdeaDisabilityTypes,FactSpecialEducationId,int,int,NULL,NULL
RDS,BridgeSpecialEducationIdeaDisabilityTypes,IdeaDisabilityTypeId,int,int,NULL,NULL
RDS,BridgeSpecialEducationRaces,BridgeSpecialEducationRaceId,int,int,NULL,NULL
RDS,BridgeSpecialEducationRaces,FactSpecialEducationId,int,int,NULL,NULL
RDS,BridgeSpecialEducationRaces,RaceId,int,int,NULL,NULL
RDS,DimAcademicTermDesignators,DimAcademicTermDesignatorId,int,int,000727,Academic Term Designator
RDS,DimAcademicTermDesignators,AcademicTermDesignatorCode,nvarchar,nvarchar(100),000727,Academic Term Designator
RDS,DimAcademicTermDesignators,AcademicTermDesignatorDescription,nvarchar,nvarchar(MAX),000727,Academic Term Designator
RDS,DimAeDemographics,DimAeDemographicId,int,int,NULL,NULL
RDS,DimAeDemographics,EconomicDisadvantageStatusCode,nvarchar,nvarchar(100),000086,Economic Disadvantage Status
RDS,DimAeDemographics,EconomicDisadvantageStatusDescription,nvarchar,nvarchar(400),000086,Economic Disadvantage Status
RDS,DimAeDemographics,HomelessnessStatusCode,nvarchar,nvarchar(100),000149,Homelessness Status
RDS,DimAeDemographics,HomelessnessStatusDescription,nvarchar,nvarchar(400),000149,Homelessness Status
RDS,DimAeDemographics,EnglishLearnerStatusCode,nvarchar,nvarchar(100),000180,English Learner Status
RDS,DimAeDemographics,EnglishLearnerStatusDescription,nvarchar,nvarchar(400),000180,English Learner Status
RDS,DimAeDemographics,MigrantStatusCode,nvarchar,nvarchar(100),000189,Migrant Status
RDS,DimAeDemographics,MigrantStatusDescription,nvarchar,nvarchar(400),000189,Migrant Status
RDS,DimAeDemographics,MilitaryConnectedStudentIndicatorCode,nvarchar,nvarchar(100),001576,Military Connected Student Indicator
RDS,DimAeDemographics,MilitaryConnectedStudentIndicatorDescription,nvarchar,nvarchar(400),001576,Military Connected Student Indicator
RDS,DimAeDemographics,HomelessPrimaryNighttimeResidenceCode,nvarchar,nvarchar(100),000146,Homeless Primary Nighttime Residence
RDS,DimAeDemographics,HomelessPrimaryNighttimeResidenceDescription,nvarchar,nvarchar(MAX),000146,Homeless Primary Nighttime Residence
RDS,DimAeDemographics,HomelessUnaccompaniedYouthStatusCode,nvarchar,nvarchar(100),000148,Homeless Unaccompanied Youth Status
RDS,DimAeDemographics,HomelessUnaccompaniedYouthStatusDescription,nvarchar,nvarchar(MAX),000148,Homeless Unaccompanied Youth Status
RDS,DimAeDemographics,SexCode,nvarchar,nvarchar(100),000255,Sex
RDS,DimAeDemographics,SexDescription,nvarchar,nvarchar(400),000255,Sex
RDS,DimAeProgramTypes,DimAeProgramTypeId,int,int,NULL,NULL
RDS,DimAeProgramTypes,AeInstructionalProgramTypeCode,nvarchar,nvarchar(100),001077,Adult Education Instructional Program Type
RDS,DimAeProgramTypes,AeInstructionalProgramTypeDescription,nvarchar,nvarchar(300),001077,Adult Education Instructional Program Type
RDS,DimAeProgramTypes,AeSpecialProgramTypeCode,nvarchar,nvarchar(100),000782,Adult Education Special Program Type
RDS,DimAeProgramTypes,AeSpecialProgramTypeDescription,nvarchar,nvarchar(300),000782,Adult Education Special Program Type
RDS,DimAeProgramTypes,WioaCareerServicesCode,nvarchar,nvarchar(100),001941,WIOA Career Services
RDS,DimAeProgramTypes,WioaCareerServicesDescription,nvarchar,nvarchar(300),001941,WIOA Career Services
RDS,DimAeProgramTypes,WioaTrainingServicesCode,nvarchar,nvarchar(100),001942,WIOA Training Services
RDS,DimAeProgramTypes,WioaTrainingServicesDescription,nvarchar,nvarchar(300),001942,WIOA Training Services
RDS,DimAeProgramYears,DimAeProgramYearId,int,int,NULL,NULL
RDS,DimAeProgramYears,AeProgramYear,smallint,smallint,NULL,NULL
RDS,DimAeProgramYears,SessionBeginDate,datetime,datetime,000251,Session Begin Date
RDS,DimAeProgramYears,SessionEndDate,datetime,datetime,000253,Session End Date
RDS,DimAeProviders,DimAeProviderId,int,int,NULL,NULL
RDS,DimAeProviders,AeServiceProviderIdentifierSea,nvarchar,nvarchar(100),001076,Adult Education Service Provider Identifier
RDS,DimAeProviders,NameOfInstitution,nvarchar,nvarchar(2000),000191,Name of Institution
RDS,DimAeProviders,ShortNameOfInstitution,nvarchar,nvarchar(60),001487,Short Name of Organization
RDS,DimAeProviders,AdultEducationProviderTypeCode,nvarchar,nvarchar(100),001078,Adult Education Provider Type
RDS,DimAeProviders,AdultEducationProviderTypeDescription,nvarchar,nvarchar(300),001078,Adult Education Provider Type
RDS,DimAeProviders,LevelOfInstitutionCode,nvarchar,nvarchar(100),000178,Level of Institution
RDS,DimAeProviders,LevelOfInstitutionDescription,nvarchar,nvarchar(300),000178,Level of Institution
RDS,DimAeProviders,TelephoneNumber,nvarchar,nvarchar(48),000279,Telephone Number
RDS,DimAeProviders,WebSiteAddress,nvarchar,nvarchar(600),000704,Web Site Address
RDS,DimAeProviders,MailingAddressStreetNumberAndName,nvarchar,nvarchar(300),000269,Address Street Number and Name
RDS,DimAeProviders,MailingAddressApartmentRoomOrSuiteNumber,nvarchar,nvarchar(120),000019,Address Apartment Room or Suite Number
RDS,DimAeProviders,MailingAddressCity,nvarchar,nvarchar(60),000040,Address City
RDS,DimAeProviders,MailingAddressStateAbbreviation,nvarchar,nvarchar(100),000267,State Abbreviation
RDS,DimAeProviders,MailingAddressPostalCode,nvarchar,nvarchar(34),000214,Address Postal Code
RDS,DimAeProviders,MailingAddressCountyAnsiCodeCode,nvarchar,nvarchar(100),001209,County ANSI Code
RDS,DimAeProviders,PhysicalAddressStreetNumberAndName,nvarchar,nvarchar(300),000269,Address Street Number and Name
RDS,DimAeProviders,PhysicalAddressApartmentRoomOrSuiteNumber,nvarchar,nvarchar(120),000019,Address Apartment Room or Suite Number
RDS,DimAeProviders,PhysicalAddressCity,nvarchar,nvarchar(60),000040,Address City
RDS,DimAeProviders,PhysicalAddressStateAbbreviation,nvarchar,nvarchar(100),000267,State Abbreviation
RDS,DimAeProviders,PhysicalAddressPostalCode,nvarchar,nvarchar(34),000214,Address Postal Code
RDS,DimAeProviders,PhysicalAddressCountyAnsiCodeCode,nvarchar,nvarchar(100),001209,County ANSI Code
RDS,DimAeProviders,Latitude,nvarchar,nvarchar(40),000606,Latitude
RDS,DimAeProviders,Longitude,nvarchar,nvarchar(40),000607,Longitude
RDS,DimAeProviders,RecordStartDateTime,datetime,datetime,001917,Record Start Date Time
RDS,DimAeProviders,RecordEndDateTime,datetime,datetime,001918,Record End Date Time
RDS,DimAeStudentStatuses,DimAeStudentStatusId,int,int,NULL,NULL
RDS,DimAeStudentStatuses,AeFunctioningLevelAtIntakeCode,nvarchar,nvarchar(100),000779,Adult Educational Functioning Level at Intake
RDS,DimAeStudentStatuses,AeFunctioningLevelAtIntakeDescription,nvarchar,nvarchar(300),000779,Adult Educational Functioning Level at Intake
RDS,DimAeStudentStatuses,AeFunctioningLevelAtPosttestCode,nvarchar,nvarchar(100),000780,Adult Educational Functioning Level at Posttest
RDS,DimAeStudentStatuses,AeFunctioningLevelAtPosttestDescription,nvarchar,nvarchar(300),000780,Adult Educational Functioning Level at Posttest
RDS,DimAeStudentStatuses,AePostsecondaryTransitionActionCode,nvarchar,nvarchar(100),000784,Adult Education Postsecondary Transition Action
RDS,DimAeStudentStatuses,AePostsecondaryTransitionActionDescription,nvarchar,nvarchar(300),000784,Adult Education Postsecondary Transition Action
RDS,DimAeStudentStatuses,EmployedWhileEnrolledCode,nvarchar,nvarchar(100),000987,Employed While Enrolled
RDS,DimAeStudentStatuses,EmployedWhileEnrolledDescription,nvarchar,nvarchar(300),000987,Employed While Enrolled
RDS,DimAeStudentStatuses,EmployedAfterExitCode,nvarchar,nvarchar(100),000988,Employed After Exit
RDS,DimAeStudentStatuses,EmployedAfterExitDescription,nvarchar,nvarchar(300),000988,Employed After Exit
RDS,DimAeStudentStatuses,AdultEducationCredentialAttainmentPostsecondaryEnrollmentIndicatorCode,nvarchar,nvarchar(100),001954,Adult Education Credential Attainment Postsecondary Enrollment Indicator
RDS,DimAeStudentStatuses,AdultEducationCredentialAttainmentPostsecondaryEnrollmentIndicatorDescription,nvarchar,nvarchar(300),001954,Adult Education Credential Attainment Postsecondary Enrollment Indicator
RDS,DimAeStudentStatuses,AdultEducationCredentialAttainmentEmployedIndicatorCode,nvarchar,nvarchar(100),001955,Adult Education Credential Attainment Employed Indicator
RDS,DimAeStudentStatuses,AdultEducationCredentialAttainmentEmployedIndicatorDescription,nvarchar,nvarchar(300),001955,Adult Education Credential Attainment Employed Indicator
RDS,DimAeStudentStatuses,AdultEducationCredentialAttainmentPostsecondaryCredentialIndicatorCode,nvarchar,nvarchar(100),001956,Adult Education Credential Attainment Postsecondary Credential Indicator
RDS,DimAeStudentStatuses,AdultEducationCredentialAttainmentPostsecondaryCredentialIndicatorDescription,nvarchar,nvarchar(300),001956,Adult Education Credential Attainment Postsecondary Credential Indicator
RDS,DimAges,DimAgeId,int,int,NULL,NULL
RDS,DimAges,AgeCode,nvarchar,nvarchar(100),NULL,NULL
RDS,DimAges,AgeDescription,nvarchar,nvarchar(400),NULL,NULL
RDS,DimAges,AgeEdFactsCode,nvarchar,nvarchar(100),NULL,NULL
RDS,DimAges,AgeValue,int,int,NULL,NULL
RDS,DimAssessmentAccommodations,DimAssessmentAccommodationId,int,int,NULL,NULL
RDS,DimAssessmentAccommodations,AssessmentAccommodationCategoryCode,nvarchar,nvarchar(200),000383,Assessment Accommodation Category
RDS,DimAssessmentAccommodations,AssessmentAccommodationCategoryDescription,nvarchar,nvarchar(600),000383,Assessment Accommodation Category
RDS,DimAssessmentAccommodations,AccommodationTypeCode,nvarchar,nvarchar(200),000385,Accommodation Type
RDS,DimAssessmentAccommodations,AccommodationTypeDescription,nvarchar,nvarchar(600),000385,Accommodation Type
RDS,DimAssessmentAdministrations,DimAssessmentAdministrationId,int,int,NULL,NULL
RDS,DimAssessmentAdministrations,AssessmentIdentifier,nvarchar,nvarchar(80),001067,Assessment Identifier
RDS,DimAssessmentAdministrations,AssessmentIdentificationSystem,nvarchar,nvarchar(80),000365,Assessment Identification System
RDS,DimAssessmentAdministrations,AssessmentAdministrationCode,nvarchar,nvarchar(800),000961,Assessment Administration Code
RDS,DimAssessmentAdministrations,AssessmentAdministrationName,nvarchar,nvarchar(800),000977,Assessment Administration Name
RDS,DimAssessmentAdministrations,AssessmentAdministrationStartDate,datetime,datetime,000962,Assessment Administration Start Date
RDS,DimAssessmentAdministrations,AssessmentAdministrationFinishDate,datetime,datetime,000964,Assessment Administration Finish Date
RDS,DimAssessmentAdministrations,AssessmentAdministrationAssessmentFamily,nvarchar,nvarchar(80),000967,Assessment Administration Assessment Family
RDS,DimAssessmentAdministrations,SchoolIdentifier,nvarchar,nvarchar(80),001069,School Identifier
RDS,DimAssessmentAdministrations,SchoolIdentificationSystem,nvarchar,nvarchar(80),001073,School Identification System
RDS,DimAssessmentAdministrations,LocalEducationAgencyIdentifier,nvarchar,nvarchar(80),001068,Local Education Agency Identifier
RDS,DimAssessmentAdministrations,LEAIdentificationSystem,nvarchar,nvarchar(80),001072,Local Education Agency Identification System
RDS,DimAssessmentAdministrations,AssessmentAdministrationOrganizationName,nvarchar,nvarchar(80),000966,Assessment Administration Organization Name
RDS,DimAssessmentAdministrations,AssessmentAdministrationPeriodDescription,nvarchar,nvarchar(80),001531,Assessment Administration Period Description
RDS,DimAssessmentAdministrations,AssessmentSecureIndicator,nvarchar,nvarchar(80),000384,Assessment Secure Indicator
RDS,DimAssessmentForms,DimAssessmentFormId,int,int,NULL,NULL
RDS,DimAssessmentForms,AssessmentFormNumber,nvarchar,nvarchar(60),000366,Assessment Form Number
RDS,DimAssessmentParticipationSessions,DimAssessmentParticipationSessionId,int,int,NULL,NULL
RDS,DimAssessmentParticipationSessions,AssessmentSessionSpecialCircumstanceTypeCode,nvarchar,nvarchar(200),000389,Assessment Session Special Circumstance Type
RDS,DimAssessmentParticipationSessions,AssessmentSessionSpecialCircumstanceTypeDescription,nvarchar,nvarchar(600),000389,Assessment Session Special Circumstance Type
RDS,DimAssessmentPerformanceLevels,DimAssessmentPerformanceLevelId,int,int,NULL,NULL
RDS,DimAssessmentPerformanceLevels,AssessmentPerformanceLevelIdentifier,nvarchar,nvarchar(80),000717,Assessment Performance Level Identifier
RDS,DimAssessmentPerformanceLevels,AssessmentPerformanceLevelLabel,nvarchar,nvarchar(40),000718,Assessment Performance Level Label
RDS,DimAssessmentPerformanceLevels,AssessmentPerformanceLevelScoreMetric,nvarchar,nvarchar(60),000417,Assessment Performance Level Score Metric
RDS,DimAssessmentPerformanceLevels,AssessmentPerformanceLevelLowerCutScore,nvarchar,nvarchar(60),000418,Assessment Performance Level Lower Cut Score
RDS,DimAssessmentPerformanceLevels,AssessmentPerformanceLevelUpperCutScore,nvarchar,nvarchar(60),000419,Assessment Performance Level Upper Cut Score
RDS,DimAssessmentRegistrations,DimAssessmentRegistrationId,int,int,NULL,NULL
RDS,DimAssessmentRegistrations,AssessmentRegistrationParticipationIndicatorCode,nvarchar,nvarchar(200),000025,Assessment Registration Participation Indicator
RDS,DimAssessmentRegistrations,AssessmentRegistrationParticipationIndicatorDescription,nvarchar,nvarchar(600),000025,Assessment Registration Participation Indicator
RDS,DimAssessmentRegistrations,AssessmentRegistrationCompletionStatusCode,nvarchar,nvarchar(200),001541,Assessment Registration Completion Status
RDS,DimAssessmentRegistrations,AssessmentRegistrationCompletionStatusDescription,nvarchar,nvarchar(600),001541,Assessment Registration Completion Status
RDS,DimAssessmentRegistrations,StateFullAcademicYearCode,nvarchar,nvarchar(200),001761,State Full Academic Year
RDS,DimAssessmentRegistrations,StateFullAcademicYearDescription,nvarchar,nvarchar(600),001761,State Full Academic Year
RDS,DimAssessmentRegistrations,StateFullAcademicYearEdFactsCode,nvarchar,nvarchar(100),001761,State Full Academic Year
RDS,DimAssessmentRegistrations,LeaFullAcademicYearCode,nvarchar,nvarchar(200),001762,LEA Full Academic Year
RDS,DimAssessmentRegistrations,LeaFullAcademicYearDescription,nvarchar,nvarchar(600),001762,LEA Full Academic Year
RDS,DimAssessmentRegistrations,LeaFullAcademicYearEdFactsCode,nvarchar,nvarchar(100),001762,LEA Full Academic Year
RDS,DimAssessmentRegistrations,SchoolFullAcademicYearCode,nvarchar,nvarchar(200),001763,School Full Academic Year
RDS,DimAssessmentRegistrations,SchoolFullAcademicYearDescription,nvarchar,nvarchar(600),001763,School Full Academic Year
RDS,DimAssessmentRegistrations,SchoolFullAcademicYearEdFactsCode,nvarchar,nvarchar(100),001763,School Full Academic Year
RDS,DimAssessmentRegistrations,AssessmentRegistrationReasonNotCompletingCode,nvarchar,nvarchar(200),000540,Assessment Registration Reason Not Completing
RDS,DimAssessmentRegistrations,AssessmentRegistrationReasonNotCompletingDescription,nvarchar,nvarchar(600),000540,Assessment Registration Reason Not Completing
RDS,DimAssessmentRegistrations,AssessmentRegistrationReasonNotCompletingEdFactsCode,nvarchar,nvarchar(200),000540,Assessment Registration Reason Not Completing
RDS,DimAssessmentRegistrations,ReasonNotTestedCode,nvarchar,nvarchar(200),000228,Reason Not Tested
RDS,DimAssessmentRegistrations,ReasonNotTestedDescription,nvarchar,nvarchar(600),000228,Reason Not Tested
RDS,DimAssessmentRegistrations,ReasonNotTestedEdFactsCode,nvarchar,nvarchar(200),000228,Reason Not Tested
RDS,DimAssessmentResults,DimAssessmentResultId,int,int,NULL,NULL
RDS,DimAssessmentResults,AssessmentScoreMetricTypeCode,nvarchar,nvarchar(200),000369,Assessment Score Metric Type
RDS,DimAssessmentResults,AssessmentScoreMetricTypeDescription,nvarchar,nvarchar(600),000369,Assessment Score Metric Type
RDS,DimAssessments,DimAssessmentId,int,int,NULL,NULL
RDS,DimAssessments,AssessmentIdentifierState,nvarchar,nvarchar(80),001067,Assessment Identifier
RDS,DimAssessments,AssessmentFamilyShortName,nvarchar,nvarchar(60),000933,Assessment Family Short Name
RDS,DimAssessments,AssessmentTitle,nvarchar,nvarchar(120),000028,Assessment Title
RDS,DimAssessments,AssessmentShortName,nvarchar,nvarchar(60),000931,Assessment Short Name
RDS,DimAssessments,AssessmentTypeCode,nvarchar,nvarchar(200),000029,Assessment Type
RDS,DimAssessments,AssessmentTypeDescription,nvarchar,nvarchar(600),000029,Assessment Type
RDS,DimAssessments,AssessmentTypeEdFactsCode,nvarchar,nvarchar(200),000029,Assessment Type
RDS,DimAssessments,AssessmentAcademicSubjectCode,nvarchar,nvarchar(200),000021,Assessment Academic Subject
RDS,DimAssessments,AssessmentAcademicSubjectDescription,nvarchar,nvarchar(600),000021,Assessment Academic Subject
RDS,DimAssessments,AssessmentAcademicSubjectEdFactsCode,nvarchar,nvarchar(100),000021,Assessment Academic Subject
RDS,DimAssessments,AssessmentTypeAdministeredCode,nvarchar,nvarchar(200),000415,Assessment Type Administered
RDS,DimAssessments,AssessmentTypeAdministeredDescription,nvarchar,nvarchar(600),000415,Assessment Type Administered
RDS,DimAssessments,AssessmentTypeAdministeredEdFactsCode,nvarchar,nvarchar(200),000415,Assessment Type Administered
RDS,DimAssessments,AssessmentTypeAdministeredToEnglishLearnersCode,nvarchar,nvarchar(200),001995,Assessment Type Administered to English Learners
RDS,DimAssessments,AssessmentTypeAdministeredToEnglishLearnersDescription,nvarchar,nvarchar(600),001995,Assessment Type Administered to English Learners
RDS,DimAssessments,AssessmentTypeAdministeredToEnglishLearnersEdFactsCode,nvarchar,nvarchar(200),001995,Assessment Type Administered to English Learners
RDS,DimAssessmentStatuses,DimAssessmentStatusId,int,int,NULL,NULL
RDS,DimAssessmentStatuses,ProgressLevelCode,nvarchar,nvarchar(100),000561,Progress Level
RDS,DimAssessmentStatuses,ProgressLevelDescription,nvarchar,nvarchar(200),000561,Progress Level
RDS,DimAssessmentStatuses,ProgressLevelEdFactsCode,nvarchar,nvarchar(100),000561,Progress Level
RDS,DimAssessmentStatuses,AssessedFirstTimeCode,nvarchar,nvarchar(100),NULL,NULL
RDS,DimAssessmentStatuses,AssessedFirstTimeDescription,nvarchar,nvarchar(200),NULL,NULL
RDS,DimAssessmentStatuses,AssessedFirstTimeEdFactsCode,nvarchar,nvarchar(100),NULL,NULL
RDS,DimAssessmentSubtests,DimAssessmentSubtestId,int,int,NULL,NULL
RDS,DimAssessmentSubtests,AssessmentFormNumber,nvarchar,nvarchar(60),000366,Assessment Form Number
RDS,DimAssessmentSubtests,AssessmentAcademicSubjectCode,nvarchar,nvarchar(200),000021,Assessment Academic Subject
RDS,DimAssessmentSubtests,AssessmentAcademicSubjectDescription,nvarchar,nvarchar(800),000021,Assessment Academic Subject
RDS,DimAssessmentSubtests,AssessmentSubtestIdentifierInternal,nvarchar,nvarchar(80),000367,Assessment Subtest Identifier
RDS,DimAssessmentSubtests,AssessmentSubtestTitle,nvarchar,nvarchar(80),000275,Assessment Subtest Title
RDS,DimAssessmentSubtests,AssessmentSubtestAbbreviation,nvarchar,nvarchar(80),000368,Assessment Subtest Abbreviation
RDS,DimAssessmentSubtests,AssessmentSubtestDescription,nvarchar,nvarchar(80),000274,Assessment Subtest Description
RDS,DimAssessmentSubtests,AssessmentSubtestVersion,nvarchar,nvarchar(80),000388,Assessment Subtest Version
RDS,DimAssessmentSubtests,AssessmentLevelForWhichDesigned,nvarchar,nvarchar(80),000177,Assessment Level for Which Designed
RDS,DimAssessmentSubtests,AssessmentEarlyLearningDevelopmentalDomain,nvarchar,nvarchar(80),001000,Assessment Early Learning Developmental Domain
RDS,DimAssessmentSubtests,AssessmentSubtestPublishedDate,datetime,datetime,001091,Assessment Subtest Published Date
RDS,DimAssessmentSubtests,AssessmentSubtestMinimumValue,nvarchar,nvarchar(80),000395,Assessment Subtest Minimum Value
RDS,DimAssessmentSubtests,AssessmentSubtestMaximumValue,nvarchar,nvarchar(80),000396,Assessment Subtest Maximum Value
RDS,DimAssessmentSubtests,AssessmentSubtestScaleOptimalValue,nvarchar,nvarchar(80),000397,Assessment Subtest Optimal Value
RDS,DimAssessmentSubtests,AssessmentContentStandardType,nvarchar,nvarchar(80),000605,Assessment Content Standard Type
RDS,DimAssessmentSubtests,AssessmentPurpose,nvarchar,nvarchar(80),000026,Assessment Purpose
RDS,DimAssessmentSubtests,AssessmentSubtestRules,nvarchar,nvarchar(80),000719,Assessment Subtest Rules
RDS,DimAssessmentSubtests,AssessmentFormSubtestTier,nvarchar,nvarchar(80),001214,Assessment Form Subtest Tier
RDS,DimAssessmentSubtests,AssessmentFormSubtestContainerOnly,nvarchar,nvarchar(80),001215,Assessment Form Subtest Container Only
RDS,DimAttendances,DimAttendanceId,int,int,NULL,NULL
RDS,DimAttendances,AbsenteeismCode,nvarchar,nvarchar(100),NULL,NULL
RDS,DimAttendances,AbsenteeismDescription,nvarchar,nvarchar(400),NULL,NULL
RDS,DimAttendances,AbsenteeismEdFactsCode,nvarchar,nvarchar(100),NULL,NULL
RDS,DimBuildingSpaceDesignTypes,DimBuildingSpaceDesignTypeId,int,int,NULL,NULL
RDS,DimBuildingSpaceDesignTypes,BuildingSpaceDesignTypeCode,nvarchar,nvarchar(200),001831,Building Space Design Type
RDS,DimBuildingSpaceDesignTypes,BuildingSpaceDesignTypeDescription,nvarchar,nvarchar(600),001831,Building Space Design Type
RDS,DimCharterSchoolAuthorizers,DimCharterSchoolAuthorizerId,int,int,NULL,NULL
RDS,DimCharterSchoolAuthorizers,CharterSchoolAuthorizingOrganizationOrganizationIdentifierSea,nvarchar,nvarchar(MAX),000826,Organization Identifier
RDS,DimCharterSchoolAuthorizers,CharterSchoolAuthorizingOrganizationOrganizationName,nvarchar,nvarchar(MAX),000204,Organization Name
RDS,DimCharterSchoolAuthorizers,CharterSchoolAuthorizerTypeCode,nvarchar,nvarchar(100),001292,Charter School Authorizer Type
RDS,DimCharterSchoolAuthorizers,CharterSchoolAuthorizerTypeDescription,nvarchar,nvarchar(200),001292,Charter School Authorizer Type
RDS,DimCharterSchoolAuthorizers,CharterSchoolAuthorizerTypeEdFactsCode,nvarchar,nvarchar(100),001292,Charter School Authorizer Type
RDS,DimCharterSchoolAuthorizers,StateAbbreviationCode,nvarchar,nvarchar(MAX),000267,State Abbreviation
RDS,DimCharterSchoolAuthorizers,StateANSICode,nvarchar,nvarchar(MAX),000424,State ANSI Code
RDS,DimCharterSchoolAuthorizers,StateAbbreviationDescription,nvarchar,nvarchar(MAX),000267,State Abbreviation
RDS,DimCharterSchoolAuthorizers,MailingAddressStreetNumberAndName,nvarchar,nvarchar(300),000269,Address Street Number and Name
RDS,DimCharterSchoolAuthorizers,MailingAddressApartmentRoomOrSuiteNumber,varchar,varchar(40),000019,Address Apartment Room or Suite Number
RDS,DimCharterSchoolAuthorizers,MailingAddressCity,nvarchar,nvarchar(60),000040,Address City
RDS,DimCharterSchoolAuthorizers,MailingAddressPostalCode,nvarchar,nvarchar(34),000214,Address Postal Code
RDS,DimCharterSchoolAuthorizers,MailingAddressStateAbbreviation,nvarchar,nvarchar(100),000267,State Abbreviation
RDS,DimCharterSchoolAuthorizers,MailingAddressCountyAnsiCodeCode,char,char(5),001209,County ANSI Code
RDS,DimCharterSchoolAuthorizers,PhysicalAddressStreetNumberAndName,nvarchar,nvarchar(300),000269,Address Street Number and Name
RDS,DimCharterSchoolAuthorizers,PhysicalAddressApartmentRoomOrSuiteNumber,varchar,varchar(40),000019,Address Apartment Room or Suite Number
RDS,DimCharterSchoolAuthorizers,PhysicalAddressCity,nvarchar,nvarchar(60),000040,Address City
RDS,DimCharterSchoolAuthorizers,PhysicalAddressPostalCode,nvarchar,nvarchar(34),000214,Address Postal Code
RDS,DimCharterSchoolAuthorizers,PhysicalAddressStateAbbreviation,nvarchar,nvarchar(100),000267,State Abbreviation
RDS,DimCharterSchoolAuthorizers,PhysicalAddressCountyAnsiCodeCode,char,char(5),001209,County ANSI Code
RDS,DimCharterSchoolAuthorizers,TelephoneNumber,nvarchar,nvarchar(48),000279,Telephone Number
RDS,DimCharterSchoolAuthorizers,WebSiteAddress,nvarchar,nvarchar(600),000704,Web Site Address
RDS,DimCharterSchoolAuthorizers,OutOfStateIndicator,bit,bit,NULL,NULL
RDS,DimCharterSchoolAuthorizers,RecordStartDateTime,datetime,datetime,001917,Record Start Date Time
RDS,DimCharterSchoolAuthorizers,RecordEndDateTime,datetime,datetime,001918,Record End Date Time
RDS,DimCharterSchoolManagementOrganizations,DimCharterSchoolManagementOrganizationId,int,int,NULL,NULL
RDS,DimCharterSchoolManagementOrganizations,CharterSchoolManagementOrganizationOrganizationName,nvarchar,nvarchar(MAX),000204,Organization Name
RDS,DimCharterSchoolManagementOrganizations,CharterSchoolManagementOrganizationOrganizationIdentifierSea,nvarchar,nvarchar(MAX),000826,Organization Identifier
RDS,DimCharterSchoolManagementOrganizations,StateAbbreviationDescription,nvarchar,nvarchar(MAX),000267,State Abbreviation
RDS,DimCharterSchoolManagementOrganizations,StateAbbreviationCode,nvarchar,nvarchar(MAX),000267,State Abbreviation
RDS,DimCharterSchoolManagementOrganizations,StateANSICode,nvarchar,nvarchar(MAX),000424,State ANSI Code
RDS,DimCharterSchoolManagementOrganizations,CharterSchoolManagementOrganizationTypeCode,nvarchar,nvarchar(100),001650,Charter School Management Organization Type
RDS,DimCharterSchoolManagementOrganizations,CharterSchoolManagementOrganizationTypeDescription,nvarchar,nvarchar(200),001650,Charter School Management Organization Type
RDS,DimCharterSchoolManagementOrganizations,CharterSchoolManagementOrganizationTypeEdfactsCode,nvarchar,nvarchar(100),001650,Charter School Management Organization Type
RDS,DimCharterSchoolManagementOrganizations,MailingAddressCity,nvarchar,nvarchar(60),000040,Address City
RDS,DimCharterSchoolManagementOrganizations,MailingAddressPostalCode,nvarchar,nvarchar(34),000214,Address Postal Code
RDS,DimCharterSchoolManagementOrganizations,MailingAddressStateAbbreviation,nvarchar,nvarchar(100),000267,State Abbreviation
RDS,DimCharterSchoolManagementOrganizations,MailingAddressStreetNumberAndName,nvarchar,nvarchar(300),000269,Address Street Number and Name
RDS,DimCharterSchoolManagementOrganizations,PhysicalAddressCity,nvarchar,nvarchar(60),000040,Address City
RDS,DimCharterSchoolManagementOrganizations,PhysicalAddressPostalCode,nvarchar,nvarchar(34),000214,Address Postal Code
RDS,DimCharterSchoolManagementOrganizations,PhysicalAddressStateAbbreviation,nvarchar,nvarchar(100),000267,State Abbreviation
RDS,DimCharterSchoolManagementOrganizations,PhysicalAddressStreetNumberAndName,nvarchar,nvarchar(300),000269,Address Street Number and Name
RDS,DimCharterSchoolManagementOrganizations,TelephoneNumber,nvarchar,nvarchar(48),000279,Telephone Number
RDS,DimCharterSchoolManagementOrganizations,WebSiteAddress,nvarchar,nvarchar(600),000704,Web Site Address
RDS,DimCharterSchoolManagementOrganizations,OutOfStateIndicator,bit,bit,NULL,NULL
RDS,DimCharterSchoolManagementOrganizations,RecordStartDateTime,datetime,datetime,001917,Record Start Date Time
RDS,DimCharterSchoolManagementOrganizations,RecordEndDateTime,datetime,datetime,001918,Record End Date Time
RDS,DimCharterSchoolManagementOrganizations,OrganizationIdentifierFein,varchar,varchar(50),000826,Organization Identifier
RDS,DimCharterSchoolStatuses,DimCharterSchoolStatusId,int,int,NULL,NULL
RDS,DimCharterSchoolStatuses,AppropriationMethodCode,nvarchar,nvarchar(100),NULL,NULL
RDS,DimCharterSchoolStatuses,AppropriationMethodDescription,nvarchar,nvarchar(400),NULL,NULL
RDS,DimCharterSchoolStatuses,AppropriationMethodEdFactsCode,nvarchar,nvarchar(100),NULL,NULL
RDS,DimChildOutcomeSummaries,DimChildOutcomeSummaryId,int,int,NULL,NULL
RDS,DimChildOutcomeSummaries,COSRatingACode,nvarchar,nvarchar(200),001507,Child Outcomes Summary Rating A
RDS,DimChildOutcomeSummaries,COSRatingADescription,nvarchar,nvarchar(600),001507,Child Outcomes Summary Rating A
RDS,DimChildOutcomeSummaries,COSRatingBCode,nvarchar,nvarchar(200),001508,Child Outcomes Summary Rating B
RDS,DimChildOutcomeSummaries,COSRatingBDescription,nvarchar,nvarchar(600),001508,Child Outcomes Summary Rating B
RDS,DimChildOutcomeSummaries,COSRatingCCode,nvarchar,nvarchar(200),001509,Child Outcomes Summary Rating C
RDS,DimChildOutcomeSummaries,COSRatingCDescription,nvarchar,nvarchar(600),001509,Child Outcomes Summary Rating C
RDS,DimChildOutcomeSummaries,COSProgressAIndicatorCode,nvarchar,nvarchar(200),001504,Child Outcomes Summary Progress A Indicator
RDS,DimChildOutcomeSummaries,COSProgressAIndicatorDescription,nvarchar,nvarchar(600),001504,Child Outcomes Summary Progress A Indicator
RDS,DimChildOutcomeSummaries,COSProgressBIndicatorCode,nvarchar,nvarchar(200),001505,Child Outcomes Summary Progress B Indicator
RDS,DimChildOutcomeSummaries,COSProgressBIndicatorDescription,nvarchar,nvarchar(600),001505,Child Outcomes Summary Progress B Indicator
RDS,DimChildOutcomeSummaries,COSProgressCIndicatorCode,nvarchar,nvarchar(200),001506,Child Outcomes Summary Progress C Indicator
RDS,DimChildOutcomeSummaries,COSProgressCIndicatorDescription,nvarchar,nvarchar(600),001506,Child Outcomes Summary Progress C Indicator
RDS,DimCipCodes,DimCipCodeId,int,int,NULL,NULL
RDS,DimCipCodes,CipCode,nvarchar,nvarchar(14),000043,Classification of Instructional Program Code
RDS,DimCipCodes,CipUseCode,nvarchar,nvarchar(100),000044,Classification of Instructional Program Use
RDS,DimCipCodes,CipUseDescription,nvarchar,nvarchar(400),000044,Classification of Instructional Program Use
RDS,DimCipCodes,CipVersionCode,nvarchar,nvarchar(100),000045,Classification of Instructional Program Version
RDS,DimCipCodes,CipVersionDescription,nvarchar,nvarchar(400),000045,Classification of Instructional Program Version
RDS,DimCohortStatuses,DimCohortStatusId,int,int,NULL,NULL
RDS,DimCohortStatuses,CohortStatusCode,varchar,varchar(50),NULL,NULL
RDS,DimCohortStatuses,CohortStatusDescription,varchar,varchar(200),NULL,NULL
RDS,DimCohortStatuses,CohortStatusEdFactsCode,varchar,varchar(50),NULL,NULL
RDS,DimCompetencyDefinitions,DimCompetencyDefinitionId,int,int,NULL,NULL
RDS,DimCompetencyDefinitions,CompetencyDefinitionIdentifier,nvarchar,nvarchar(80),000689,Competency Definition Identifier
RDS,DimCompetencyDefinitions,CompetencyDefinitionCode,nvarchar,nvarchar(60),000692,Competency Definition Code
RDS,DimCompetencyDefinitions,CompetencyDefinitionShortName,nvarchar,nvarchar(120),001409,Competency Definition Short Name
RDS,DimCompetencyDefinitions,CompetencyDefinitionStatement,nvarchar,nvarchar(MAX),000690,Competency Definition Statement
RDS,DimCompetencyDefinitions,CompetencyDefinitionType,nvarchar,nvarchar(120),000691,Competency Definition Type
RDS,DimCompetencyDefinitions,CompetencyDefinitionValidStartDate,datetime,datetime,001512,Competency Definition Valid Start Date
RDS,DimCompetencyDefinitions,CompetencyDefinitionValidEndDate,datetime,datetime,001511,Competency Definition Valid End Date
RDS,DimComprehensiveAndTargetedSupports,DimComprehensiveAndTargetedSupportId,int,int,NULL,NULL
RDS,DimComprehensiveAndTargetedSupports,AdditionalTargetedSupportAndImprovementStatusCode,varchar,varchar(50),001925,Additional Targeted Support and Improvement Status
RDS,DimComprehensiveAndTargetedSupports,AdditionalTargetedSupportAndImprovementStatusDescription,varchar,varchar(200),001925,Additional Targeted Support and Improvement Status
RDS,DimComprehensiveAndTargetedSupports,AdditionalTargetedSupportAndImprovementStatusEDFactsCode,varchar,varchar(50),001925,Additional Targeted Support and Improvement Status
RDS,DimComprehensiveAndTargetedSupports,ComprehensiveSupportAndImprovementStatusCode,varchar,varchar(50),001923,Comprehensive Support and Improvement Status
RDS,DimComprehensiveAndTargetedSupports,ComprehensiveSupportAndImprovementStatusDescription,varchar,varchar(200),001923,Comprehensive Support and Improvement Status
RDS,DimComprehensiveAndTargetedSupports,ComprehensiveSupportAndImprovementStatusEdFactsCode,varchar,varchar(50),001923,Comprehensive Support and Improvement Status
RDS,DimComprehensiveAndTargetedSupports,TargetedSupportAndImprovementStatusCode,varchar,varchar(50),001924,Targeted Support and Improvement Status
RDS,DimComprehensiveAndTargetedSupports,TargetedSupportAndImprovementStatusDescription,varchar,varchar(200),001924,Targeted Support and Improvement Status
RDS,DimComprehensiveAndTargetedSupports,TargetedSupportAndImprovementStatusEdFactsCode,varchar,varchar(50),001924,Targeted Support and Improvement Status
RDS,DimCredentials,DimCredentialId,bigint,bigint,NULL,NULL
RDS,DimCredentials,CredentialDefinitionTitle,nvarchar,nvarchar(600),000893,Credential Definition Title
RDS,DimCredentials,CredentialDefinitionDescription,nvarchar,nvarchar(MAX),000895,Credential Definition Description
RDS,DimCredentials,CredentialDefinitionAlternateName,nvarchar,nvarchar(600),001736,Credential Definition Alternate Name
RDS,DimCredentials,CredentialDefinitionCategorySystem,nvarchar,nvarchar(60),001245,Credential Definition Category System
RDS,DimCredentials,CredentialDefinitionCategoryType,nvarchar,nvarchar(120),000892,Credential Definition Category Type
RDS,DimCredentials,CredentialDefinitionStatusTypeCode,nvarchar,nvarchar(100),001740,Credential Definition Status Type
RDS,DimCredentials,CredentialDefinitionStatusTypeDescription,nvarchar,nvarchar(600),001740,Credential Definition Status Type
RDS,DimCredentials,CredentialDefinitionIntendedPurposeTypeCode,nvarchar,nvarchar(100),001749,Credential Definition Intended Purpose Type
RDS,DimCredentials,CredentialDefinitionIntendedPurposeTypeDescription,nvarchar,nvarchar(600),001749,Credential Definition Intended Purpose Type
RDS,DimCredentials,CredentialDefinitionAssessmentMethodTypeCode,nvarchar,nvarchar(100),001738,Credential Definition Assessment Method Type
RDS,DimCredentials,CredentialDefinitionAssessmentMethodTypeDescription,nvarchar,nvarchar(600),001738,Credential Definition Assessment Method Type
RDS,DimCteStatuses,DimCteStatusId,int,int,NULL,NULL
RDS,DimCteStatuses,CteAeDisplacedHomemakerIndicatorCode,nvarchar,nvarchar(100),000084,Career-Technical-Adult Education Displaced Homemaker Indicator
RDS,DimCteStatuses,CteAeDisplacedHomemakerIndicatorDescription,nvarchar,nvarchar(400),000084,Career-Technical-Adult Education Displaced Homemaker Indicator
RDS,DimCteStatuses,CteAeDisplacedHomemakerIndicatorEdFactsCode,nvarchar,nvarchar(100),000084,Career-Technical-Adult Education Displaced Homemaker Indicator
RDS,DimCteStatuses,CteNontraditionalGenderStatusCode,nvarchar,nvarchar(100),000588,Career Technical Education Nontraditional Gender Status
RDS,DimCteStatuses,CteNontraditionalGenderStatusDescription,nvarchar,nvarchar(400),000588,Career Technical Education Nontraditional Gender Status
RDS,DimCteStatuses,CteNontraditionalGenderStatusEdFactsCode,nvarchar,nvarchar(100),000588,Career Technical Education Nontraditional Gender Status
RDS,DimCteStatuses,CteNontraditionalCompletionCode,nvarchar,nvarchar(100),000593,Career and Technical Education Nontraditional Completion
RDS,DimCteStatuses,CteNontraditionalCompletionDescription,nvarchar,nvarchar(400),000593,Career and Technical Education Nontraditional Completion
RDS,DimCteStatuses,CteNontraditionalCompletionEdFactsCode,nvarchar,nvarchar(100),000593,Career and Technical Education Nontraditional Completion
RDS,DimCteStatuses,SingleParentOrSinglePregnantWomanStatusCode,nvarchar,nvarchar(100),000580,Single Parent or Single Pregnant Woman Status
RDS,DimCteStatuses,SingleParentOrSinglePregnantWomanStatusDescription,nvarchar,nvarchar(400),000580,Single Parent or Single Pregnant Woman Status
RDS,DimCteStatuses,SingleParentOrSinglePregnantWomanStatusEdFactsCode,nvarchar,nvarchar(100),000580,Single Parent or Single Pregnant Woman Status
RDS,DimCteStatuses,CteGraduationRateInclusionCode,nvarchar,nvarchar(900),000075,Career and Technical Education Graduation Rate Inclusion
RDS,DimCteStatuses,CteGraduationRateInclusionDescription,nvarchar,nvarchar(400),000075,Career and Technical Education Graduation Rate Inclusion
RDS,DimCteStatuses,CteGraduationRateInclusionEdFactsCode,nvarchar,nvarchar(100),000075,Career and Technical Education Graduation Rate Inclusion
RDS,DimCteStatuses,CteParticipantCode,nvarchar,nvarchar(100),000592,Career and Technical Education Participant
RDS,DimCteStatuses,CteParticipantDescription,nvarchar,nvarchar(400),000592,Career and Technical Education Participant
RDS,DimCteStatuses,CteParticipantEdFactsCode,nvarchar,nvarchar(100),000592,Career and Technical Education Participant
RDS,DimCteStatuses,CteConcentratorCode,nvarchar,nvarchar(100),000037,Career and Technical Education Concentrator
RDS,DimCteStatuses,CteConcentratorDescription,nvarchar,nvarchar(400),000037,Career and Technical Education Concentrator
RDS,DimCteStatuses,CteConcentratorEdFactsCode,nvarchar,nvarchar(100),000037,Career and Technical Education Concentrator
RDS,DimDataCollections,DimDataCollectionId,int,int,NULL,NULL
RDS,DimDataCollections,SourceSystemDataCollectionIdentifier,int,int,001964,Source System Data Collection Identifier
RDS,DimDataCollections,SourceSystemName,nvarchar,nvarchar(200),001965,Source System Name
RDS,DimDataCollections,DataCollectionName,nvarchar,nvarchar(200),001966,Data Collection Name
RDS,DimDataCollections,DataCollectionDescription,nvarchar,nvarchar(MAX),001967,Data Collection Description
RDS,DimDataCollections,DataCollectionOpenDate,datetime,datetime,001968,Data Collection Open Date
RDS,DimDataCollections,DataCollectionCloseDate,datetime,datetime,001969,Data Collection Close Date
RDS,DimDataCollections,DataCollectionAcademicSchoolYear,nvarchar,nvarchar(14),001970,Data Collection Academic School Year
RDS,DimDataCollections,DataCollectionSchoolYear,nvarchar,nvarchar(14),001971,Data Collection School Year
RDS,DimDataMigrationTypes,DimDataMigrationTypeId,int,int,NULL,NULL
RDS,DimDataMigrationTypes,DataMigrationTypeCode,varchar,varchar(50),NULL,NULL
RDS,DimDataMigrationTypes,DataMigrationTypeName,varchar,varchar(50),NULL,NULL
RDS,DimDates,DimDateId,int,int,NULL,NULL
RDS,DimDates,DateValue,datetime2,datetime2,NULL,NULL
RDS,DimDates,Day,int,int,NULL,NULL
RDS,DimDates,DayOfWeek,nvarchar,nvarchar(100),NULL,NULL
RDS,DimDates,DayOfYear,int,int,NULL,NULL
RDS,DimDates,Month,int,int,NULL,NULL
RDS,DimDates,MonthName,nvarchar,nvarchar(100),NULL,NULL
RDS,DimDates,SubmissionYear,nvarchar,nvarchar(100),NULL,NULL
RDS,DimDates,Year,int,int,NULL,NULL
RDS,DimDisabilityStatuses,DimDisabilityStatusId,int,int,NULL,NULL
RDS,DimDisabilityStatuses,DisabilityStatusCode,nvarchar,nvarchar(200),000577,Disability Status
RDS,DimDisabilityStatuses,DisabilityStatusDescription,nvarchar,nvarchar(600),000577,Disability Status
RDS,DimDisabilityStatuses,Section504StatusCode,nvarchar,nvarchar(200),000249,Section 504 Status
RDS,DimDisabilityStatuses,Section504StatusDescription,nvarchar,nvarchar(600),000249,Section 504 Status
RDS,DimDisabilityStatuses,Section504StatusEdFactsCode,nvarchar,nvarchar(100),000249,Section 504 Status
RDS,DimDisabilityStatuses,DisabilityConditionTypeCode,nvarchar,nvarchar(200),001320,Disability Condition Type
RDS,DimDisabilityStatuses,DisabilityConditionTypeDescription,nvarchar,nvarchar(600),001320,Disability Condition Type
RDS,DimDisabilityStatuses,DisabilityDeterminationSourceTypeCode,nvarchar,nvarchar(200),001321,Disability Determination Source Type
RDS,DimDisabilityStatuses,DisabilityDeterminationSourceTypeDescription,nvarchar,nvarchar(600),001321,Disability Determination Source Type
RDS,DimDisciplineReasons,DimDisciplineReasonId,int,int,NULL,NULL
RDS,DimDisciplineReasons,DisciplineReasonCode,nvarchar,nvarchar(100),000545,Discipline Reason
RDS,DimDisciplineReasons,DisciplineReasonDescription,nvarchar,nvarchar(400),000545,Discipline Reason
RDS,DimDisciplineStatuses,DimDisciplineStatusId,int,int,NULL,NULL
RDS,DimDisciplineStatuses,DisciplinaryActionTakenCode,nvarchar,nvarchar(100),000488,Disciplinary Action Taken
RDS,DimDisciplineStatuses,DisciplinaryActionTakenDescription,nvarchar,nvarchar(400),000488,Disciplinary Action Taken
RDS,DimDisciplineStatuses,DisciplinaryActionTakenEdFactsCode,nvarchar,nvarchar(100),000488,Disciplinary Action Taken
RDS,DimDisciplineStatuses,DisciplineMethodOfChildrenWithDisabilitiesCode,nvarchar,nvarchar(100),000538,Discipline Method of Children with Disabilities
RDS,DimDisciplineStatuses,DisciplineMethodOfChildrenWithDisabilitiesDescription,nvarchar,nvarchar(400),000538,Discipline Method of Children with Disabilities
RDS,DimDisciplineStatuses,DisciplineMethodOfChildrenWithDisabilitiesEdFactsCode,nvarchar,nvarchar(100),000538,Discipline Method of Children with Disabilities
RDS,DimDisciplineStatuses,EducationalServicesAfterRemovalCode,nvarchar,nvarchar(100),000578,Educational Services After Removal
RDS,DimDisciplineStatuses,EducationalServicesAfterRemovalDescription,nvarchar,nvarchar(400),000578,Educational Services After Removal
RDS,DimDisciplineStatuses,EducationalServicesAfterRemovalEdFactsCode,nvarchar,nvarchar(100),000578,Educational Services After Removal
RDS,DimDisciplineStatuses,IdeaInterimRemovalReasonCode,nvarchar,nvarchar(100),000539,IDEA Interim Removal Reason
RDS,DimDisciplineStatuses,IdeaInterimRemovalReasonDescription,nvarchar,nvarchar(400),000539,IDEA Interim Removal Reason
RDS,DimDisciplineStatuses,IdeaInterimRemovalReasonEdFactsCode,nvarchar,nvarchar(100),000539,IDEA Interim Removal Reason
RDS,DimDisciplineStatuses,IdeaInterimRemovalCode,nvarchar,nvarchar(100),000541,IDEA Interim Removal
RDS,DimDisciplineStatuses,IdeaInterimRemovalDescription,nvarchar,nvarchar(400),000541,IDEA Interim Removal
RDS,DimDisciplineStatuses,IdeaInterimRemovalEdFactsCode,nvarchar,nvarchar(100),000541,IDEA Interim Removal
RDS,DimEconomicallyDisadvantagedStatuses,DimEconomicallyDisadvantagedStatusId,int,int,NULL,NULL
RDS,DimEconomicallyDisadvantagedStatuses,EconomicDisadvantageStatusCode,nvarchar,nvarchar(200),000086,Economic Disadvantage Status
RDS,DimEconomicallyDisadvantagedStatuses,EconomicDisadvantageStatusDescription,nvarchar,nvarchar(600),000086,Economic Disadvantage Status
RDS,DimEconomicallyDisadvantagedStatuses,EconomicDisadvantageStatusEdFactsCode,nvarchar,nvarchar(100),000086,Economic Disadvantage Status
RDS,DimEconomicallyDisadvantagedStatuses,EligibilityStatusForSchoolFoodServiceProgramsCode,nvarchar,nvarchar(200),000092,Eligibility Status for School Food Service Programs
RDS,DimEconomicallyDisadvantagedStatuses,EligibilityStatusForSchoolFoodServiceProgramsDescription,nvarchar,nvarchar(600),000092,Eligibility Status for School Food Service Programs
RDS,DimEconomicallyDisadvantagedStatuses,EligibilityStatusForSchoolFoodServiceProgramsEdFactsCode,nvarchar,nvarchar(100),000092,Eligibility Status for School Food Service Programs
RDS,DimEconomicallyDisadvantagedStatuses,NationalSchoolLunchProgramDirectCertificationIndicatorCode,nvarchar,nvarchar(200),001654,National School Lunch Program Direct Certification Indicator
RDS,DimEconomicallyDisadvantagedStatuses,NationalSchoolLunchProgramDirectCertificationIndicatorDescription,nvarchar,nvarchar(600),001654,National School Lunch Program Direct Certification Indicator
RDS,DimEducationOrganizationNetworks,DimEducationOrganizationNetworkId,int,int,NULL,NULL
RDS,DimEducationOrganizationNetworks,OrganizationIdentifierSea,nvarchar,nvarchar(100),000826,Organization Identifier
RDS,DimEducationOrganizationNetworks,OrganizationTypeCode,nvarchar,nvarchar(200),001156,Organization Type
RDS,DimEducationOrganizationNetworks,OrganizationTypeDescription,nvarchar,nvarchar(600),001156,Organization Type
RDS,DimEducationOrganizationNetworks,OrganizationName,nvarchar,nvarchar(120),000204,Organization Name
RDS,DimEducationOrganizationNetworks,RecordStartDateTime,datetime,datetime,001917,Record Start Date Time
RDS,DimEducationOrganizationNetworks,RecordEndDateTime,datetime,datetime,001918,Record End Date Time
RDS,DimEnglishLearnerStatuses,DimEnglishLearnerStatusId,int,int,NULL,NULL
RDS,DimEnglishLearnerStatuses,EnglishLearnerStatusCode,nvarchar,nvarchar(200),000180,English Learner Status
RDS,DimEnglishLearnerStatuses,EnglishLearnerStatusDescription,nvarchar,nvarchar(600),000180,English Learner Status
RDS,DimEnglishLearnerStatuses,EnglishLearnerStatusEdFactsCode,nvarchar,nvarchar(100),000180,English Learner Status
RDS,DimEnglishLearnerStatuses,PerkinsEnglishLearnerStatusCode,nvarchar,nvarchar(200),000581,Perkins English Learner Status
RDS,DimEnglishLearnerStatuses,PerkinsEnglishLearnerStatusDescription,nvarchar,nvarchar(600),000581,Perkins English Learner Status
RDS,DimEnglishLearnerStatuses,PerkinsEnglishLearnerStatusEdfactsCode,varchar,varchar(50),000581,Perkins English Learner Status
RDS,DimFactType_DimensionTables,DimFactTypeId,int,int,NULL,NULL
RDS,DimFactType_DimensionTables,DimensionTableId,int,int,NULL,NULL
RDS,DimFactTypes,DimFactTypeId,int,int,NULL,NULL
RDS,DimFactTypes,FactTypeCode,nvarchar,nvarchar(200),NULL,NULL
RDS,DimFactTypes,FactTypeDescription,nvarchar,nvarchar(400),NULL,NULL
RDS,DimFederalFinancialAccountBalances,DimFederalFinancialAccountBalanceId,int,int,NULL,NULL
RDS,DimFederalFinancialAccountBalances,FinancialAccountBalanceSheetCodeCode,nvarchar,nvarchar(100),001353,Financial Account Balance Sheet Code
RDS,DimFederalFinancialAccountBalances,FinancialAccountBalanceSheetCodeDescription,nvarchar,nvarchar(300),001353,Financial Account Balance Sheet Code
RDS,DimFederalFinancialAccountClassifications,DimFederalFinancialAccountClassificationId,int,int,NULL,NULL
RDS,DimFederalFinancialAccountClassifications,FinancialAccountCategoryCode,nvarchar,nvarchar(100),001345,Financial Account Category
RDS,DimFederalFinancialAccountClassifications,FinancialAccountCategoryDescription,nvarchar,nvarchar(300),001345,Financial Account Category
RDS,DimFederalFinancialAccountClassifications,FinancialAccountProgramCodeCode,nvarchar,nvarchar(100),001349,Financial Account Program Code
RDS,DimFederalFinancialAccountClassifications,FinancialAccountProgramCodeDescription,nvarchar,nvarchar(300),001349,Financial Account Program Code
RDS,DimFederalFinancialAccountClassifications,FinancialAccountFundClassificationCode,nvarchar,nvarchar(100),001347,Financial Account Fund Classification
RDS,DimFederalFinancialAccountClassifications,FinancialAccountFundClassificationDescription,nvarchar,nvarchar(300),001347,Financial Account Fund Classification
RDS,DimFederalFinancialExpenditureClassifications,DimFederalFinancialExpenditureClassificationId,int,int,NULL,NULL
RDS,DimFederalFinancialExpenditureClassifications,FinancialExpenditureFunctionCodeCode,nvarchar,nvarchar(100),001354,Financial Expenditure Function Code
RDS,DimFederalFinancialExpenditureClassifications,FinancialExpenditureFunctionCodeDescription,nvarchar,nvarchar(300),001354,Financial Expenditure Function Code
RDS,DimFederalFinancialExpenditureClassifications,FinancialExpenditureObjectCodeCode,nvarchar,nvarchar(100),001355,Financial Expenditure Object Code
RDS,DimFederalFinancialExpenditureClassifications,FinancialExpenditureObjectCodeDescription,nvarchar,nvarchar(300),001355,Financial Expenditure Object Code
RDS,DimFederalFinancialExpenditureClassifications,FinancialExpenditureLevelOfInstructionCodeCode,nvarchar,nvarchar(100),001555,Financial Expenditure Level of Instruction Code
RDS,DimFederalFinancialExpenditureClassifications,FinancialExpenditureLevelOfInstructionCodeDescription,nvarchar,nvarchar(300),001555,Financial Expenditure Level of Instruction Code
RDS,DimFederalFinancialExpenditureClassifications,FinancialExpenditureProjectReportingCodeCode,nvarchar,nvarchar(100),001556,Financial Expenditure Project Reporting Code
RDS,DimFederalFinancialExpenditureClassifications,FinancialExpenditureProjectReportingCodeDescription,nvarchar,nvarchar(300),001556,Financial Expenditure Project Reporting Code
RDS,DimFederalFinancialRevenueClassifications,DimFederalFinancialRevenueClassificationId,int,int,NULL,NULL
RDS,DimFederalFinancialRevenueClassifications,FinancialAccountRevenueCodeCode,nvarchar,nvarchar(100),001468,Financial Account Revenue Code
RDS,DimFederalFinancialRevenueClassifications,FinancialAccountRevenueCodeDescription,nvarchar,nvarchar(300),001468,Financial Account Revenue Code
RDS,DimFederalProgramCodes,DimFederalProgramCodeId,int,int,NULL,NULL
RDS,DimFederalProgramCodes,FederalProgramCode,nvarchar,nvarchar(100),000547,Federal Program Code
RDS,DimFederalProgramCodes,FederalProgramCodeDescription,nvarchar,nvarchar(300),000547,Federal Program Code
RDS,DimFederalProgramCodes,FederalProgramSubgrantCode,nvarchar,nvarchar(100),002010,Federal Program Subgrant Code
RDS,DimFederalProgramCodes,FederalProgramSubgrantCodeDescription,nvarchar,nvarchar(300),002010,Federal Program Subgrant Code
RDS,DimFinancialAccounts,DimFinancialAccountId,int,int,NULL,NULL
RDS,DimFinancialAccounts,FinancialAccountNumber,nvarchar,nvarchar(60),001554,Financial Account Number
RDS,DimFinancialAccounts,FinancialAccountName,nvarchar,nvarchar(200),001348,Financial Account Name
RDS,DimFinancialAccounts,FinancialAccountDescription,nvarchar,nvarchar(600),001346,Financial Account Description
RDS,DimFirearmDisciplineStatuses,DimFirearmDisciplineStatusId,int,int,NULL,NULL
RDS,DimFirearmDisciplineStatuses,DisciplineMethodForFirearmsIncidentsCode,nvarchar,nvarchar(100),000555,Discipline Method for Firearms Incidents
RDS,DimFirearmDisciplineStatuses,DisciplineMethodForFirearmsIncidentsDescription,nvarchar,nvarchar(MAX),000555,Discipline Method for Firearms Incidents
RDS,DimFirearmDisciplineStatuses,DisciplineMethodForFirearmsIncidentsEdFactsCode,nvarchar,nvarchar(100),000555,Discipline Method for Firearms Incidents
RDS,DimFirearmDisciplineStatuses,IdeaDisciplineMethodForFirearmsIncidentsCode,nvarchar,nvarchar(100),000556,IDEA Discipline Method for Firearms Incidents
RDS,DimFirearmDisciplineStatuses,IdeaDisciplineMethodForFirearmsIncidentsDescription,nvarchar,nvarchar(MAX),000556,IDEA Discipline Method for Firearms Incidents
RDS,DimFirearmDisciplineStatuses,IdeaDisciplineMethodForFirearmsIncidentsEdFactsCode,nvarchar,nvarchar(100),000556,IDEA Discipline Method for Firearms Incidents
RDS,DimFirearms,DimFirearmId,int,int,NULL,NULL
RDS,DimFirearms,FirearmTypeCode,varchar,varchar(50),000557,Firearm Type
RDS,DimFirearms,FirearmTypeDescription,varchar,varchar(200),000557,Firearm Type
RDS,DimFirearms,FirearmTypeEdFactsCode,varchar,varchar(50),000557,Firearm Type
RDS,DimFiscalPeriods,DimFiscalPeriodId,int,int,NULL,NULL
RDS,DimFiscalPeriods,FiscalPeriodBeginDate,nvarchar,nvarchar(60),001642,Fiscal Period Begin Date
RDS,DimFiscalPeriods,FiscalPeriodEndDate,nvarchar,nvarchar(200),001643,Fiscal Period End Date
RDS,DimFiscalYears,DimFiscalYearId,int,int,NULL,NULL
RDS,DimFiscalYears,FiscalPeriodBeginDate,nvarchar,nvarchar(60),001642,Fiscal Period Begin Date
RDS,DimFiscalYears,FiscalPeriodEndDate,nvarchar,nvarchar(200),001643,Fiscal Period End Date
RDS,DimFiscalYears,FiscalYear,nvarchar,nvarchar(600),001639,Fiscal Year
RDS,DimFosterCareStatuses,DimFosterCareStatusId,int,int,NULL,NULL
RDS,DimFosterCareStatuses,ProgramParticipationFosterCareCode,nvarchar,nvarchar(100),NULL,NULL
RDS,DimFosterCareStatuses,ProgramParticipationFosterCareDescription,nvarchar,nvarchar(400),NULL,NULL
RDS,DimFosterCareStatuses,ProgramParticipationFosterCareEdFactsCode,nvarchar,nvarchar(100),NULL,NULL
RDS,DimGradeLevels,DimGradeLevelId,int,int,NULL,NULL
RDS,DimGradeLevels,GradeLevelCode,nvarchar,nvarchar(100),NULL,NULL
RDS,DimGradeLevels,GradeLevelDescription,nvarchar,nvarchar(400),NULL,NULL
RDS,DimGradeLevels,GradeLevelEdFactsCode,nvarchar,nvarchar(100),NULL,NULL
RDS,DimHomelessnessStatuses,DimHomelessnessStatusId,int,int,NULL,NULL
RDS,DimHomelessnessStatuses,HomelessnessStatusCode,nvarchar,nvarchar(200),000149,Homelessness Status
RDS,DimHomelessnessStatuses,HomelessnessStatusDescription,nvarchar,nvarchar(600),000149,Homelessness Status
RDS,DimHomelessnessStatuses,HomelessnessStatusEdFactsCode,nvarchar,nvarchar(100),000149,Homelessness Status
RDS,DimHomelessnessStatuses,HomelessPrimaryNighttimeResidenceCode,nvarchar,nvarchar(200),000146,Homeless Primary Nighttime Residence
RDS,DimHomelessnessStatuses,HomelessPrimaryNighttimeResidenceDescription,nvarchar,nvarchar(600),000146,Homeless Primary Nighttime Residence
RDS,DimHomelessnessStatuses,HomelessPrimaryNighttimeResidenceEdfactsCode,nvarchar,nvarchar(100),000146,Homeless Primary Nighttime Residence
RDS,DimHomelessnessStatuses,HomelessServicedIndicatorCode,nvarchar,nvarchar(200),000147,Homeless Serviced Indicator
RDS,DimHomelessnessStatuses,HomelessServicedIndicatorDescription,nvarchar,nvarchar(600),000147,Homeless Serviced Indicator
RDS,DimHomelessnessStatuses,HomelessUnaccompaniedYouthStatusCode,nvarchar,nvarchar(200),000148,Homeless Unaccompanied Youth Status
RDS,DimHomelessnessStatuses,HomelessUnaccompaniedYouthStatusDescription,nvarchar,nvarchar(600),000148,Homeless Unaccompanied Youth Status
RDS,DimHomelessnessStatuses,HomelessUnaccompaniedYouthStatusEdfactsCode,nvarchar,nvarchar(100),000148,Homeless Unaccompanied Youth Status
RDS,DimIdeaDisabilityTypes,DimIdeaDisabilityTypeId,int,int,NULL,NULL
RDS,DimIdeaDisabilityTypes,IdeaDisabilityTypeCode,nvarchar,nvarchar(200),000218,Primary Disability Type
RDS,DimIdeaDisabilityTypes,IdeaDisabilityTypeDescription,nvarchar,nvarchar(600),000218,Primary Disability Type
RDS,DimIdeaDisabilityTypes,IdeaDisabilityTypeEdFactsCode,nvarchar,nvarchar(100),000218,Primary Disability Type
RDS,DimIdeaStatuses,DimIdeaStatusId,int,int,NULL,NULL
RDS,DimIdeaStatuses,SpecialEducationExitReasonCode,nvarchar,nvarchar(100),000260,Special Education Exit Reason
RDS,DimIdeaStatuses,SpecialEducationExitReasonDescription,nvarchar,nvarchar(400),000260,Special Education Exit Reason
RDS,DimIdeaStatuses,SpecialEducationExitReasonEdFactsCode,nvarchar,nvarchar(100),000260,Special Education Exit Reason
RDS,DimIdeaStatuses,IdeaEducationalEnvironmentForSchoolAgeDescription,nvarchar,nvarchar(400),000535,IDEA Educational Environment for School Age
RDS,DimIdeaStatuses,IdeaEducationalEnvironmentForSchoolAgeCode,nvarchar,nvarchar(100),000535,IDEA Educational Environment for School Age
RDS,DimIdeaStatuses,IdeaEducationalEnvironmentForSchoolAgeEdFactsCode,nvarchar,nvarchar(100),000535,IDEA Educational Environment for School Age
RDS,DimIdeaStatuses,IdeaIndicatorCode,nvarchar,nvarchar(100),000151,IDEA Indicator
RDS,DimIdeaStatuses,IdeaIndicatorDescription,nvarchar,nvarchar(400),000151,IDEA Indicator
RDS,DimIdeaStatuses,IdeaIndicatorEdFactsCode,nvarchar,nvarchar(100),000151,IDEA Indicator
RDS,DimIdeaStatuses,IdeaEducationalEnvironmentForEarlyChildhoodCode,nvarchar,nvarchar(100),000559,IDEA Educational Environment for Early Childhood
RDS,DimIdeaStatuses,IdeaEducationalEnvironmentForEarlyChildhoodDescription,nvarchar,nvarchar(400),000559,IDEA Educational Environment for Early Childhood
RDS,DimIdeaStatuses,IdeaEducationalEnvironmentForEarlyChildhoodEdFactsCode,nvarchar,nvarchar(100),000559,IDEA Educational Environment for Early Childhood
RDS,DimIeus,DimIeuId,int,int,NULL,NULL
RDS,DimIeus,IeuOrganizationName,nvarchar,nvarchar(2000),000204,Organization Name
RDS,DimIeus,IeuOrganizationIdentifierSea,nvarchar,nvarchar(100),000826,Organization Identifier
RDS,DimIeus,SeaOrganizationName,nvarchar,nvarchar(2000),000204,Organization Name
RDS,DimIeus,SeaOrganizationIdentifierSea,nvarchar,nvarchar(100),001490,State Agency Identifier
RDS,DimIeus,StateANSICode,nvarchar,nvarchar(20),000424,State ANSI Code
RDS,DimIeus,StateAbbreviationCode,nvarchar,nvarchar(20),000267,State Abbreviation
RDS,DimIeus,StateAbbreviationDescription,nvarchar,nvarchar(2000),000267,State Abbreviation
RDS,DimIeus,MailingAddressStreetNumberAndName,nvarchar,nvarchar(300),000269,Address Street Number and Name
RDS,DimIeus,MailingAddressApartmentRoomOrSuiteNumber,varchar,varchar(40),000019,Address Apartment Room or Suite Number
RDS,DimIeus,MailingAddressCity,nvarchar,nvarchar(60),000040,Address City
RDS,DimIeus,MailingAddressStateAbbreviation,nvarchar,nvarchar(100),000267,State Abbreviation
RDS,DimIeus,MailingAddressPostalCode,nvarchar,nvarchar(34),000214,Address Postal Code
RDS,DimIeus,MailingAddressCountyAnsiCodeCode,char,char(5),001209,County ANSI Code
RDS,DimIeus,OutOfStateIndicator,bit,bit,NULL,NULL
RDS,DimIeus,OrganizationOperationalStatus,varchar,varchar(20),001418,Organization Operational Status
RDS,DimIeus,OperationalStatusEffectiveDate,datetime,datetime,000534,Operational Status Effective Date
RDS,DimIeus,PhysicalAddressStreetNumberAndName,nvarchar,nvarchar(300),000269,Address Street Number and Name
RDS,DimIeus,PhysicalAddressApartmentRoomOrSuiteNumber,varchar,varchar(40),000019,Address Apartment Room or Suite Number
RDS,DimIeus,PhysicalAddressCity,nvarchar,nvarchar(60),000040,Address City
RDS,DimIeus,PhysicalAddressPostalCode,nvarchar,nvarchar(34),000214,Address Postal Code
RDS,DimIeus,PhysicalAddressStateAbbreviation,nvarchar,nvarchar(100),000267,State Abbreviation
RDS,DimIeus,PhysicalAddressCountyAnsiCodeCode,char,char(5),001209,County ANSI Code
RDS,DimIeus,TelephoneNumber,nvarchar,nvarchar(48),000279,Telephone Number
RDS,DimIeus,WebSiteAddress,nvarchar,nvarchar(600),000704,Web Site Address
RDS,DimIeus,OrganizationRegionGeoJson,nvarchar,nvarchar(MAX),001750,Organization Region GeoJSON
RDS,DimIeus,Latitude,nvarchar,nvarchar(40),000606,Latitude
RDS,DimIeus,Longitude,nvarchar,nvarchar(40),000607,Longitude
RDS,DimIeus,RecordStartDateTime,datetime,datetime,001917,Record Start Date Time
RDS,DimIeus,RecordEndDateTime,datetime,datetime,001918,Record End Date Time
RDS,DimImmigrantStatuses,DimImmigrantStatusId,int,int,NULL,NULL
RDS,DimImmigrantStatuses,TitleIIIImmigrantStatusCode,nvarchar,nvarchar(200),000291,Title III Immigrant Status
RDS,DimImmigrantStatuses,TitleIIIImmigrantStatusDescription,nvarchar,nvarchar(600),000291,Title III Immigrant Status
RDS,DimImmigrantStatuses,TitleIIIImmigrantStatusEdFactsCode,nvarchar,nvarchar(100),000291,Title III Immigrant Status
RDS,DimImmigrantStatuses,TitleIIIImmigrantParticipationStatusCode,nvarchar,nvarchar(200),000290,Title III Immigrant Participation Status
RDS,DimImmigrantStatuses,TitleIIIImmigrantParticipationStatusDescription,nvarchar,nvarchar(600),000290,Title III Immigrant Participation Status
RDS,DimImmigrantStatuses,TitleIIIImmigrantParticipationStatusEdFactsCode,nvarchar,nvarchar(100),000290,Title III Immigrant Participation Status
RDS,DimIncidentBehaviors,DimIncidentBehaviorId,int,int,NULL,NULL
RDS,DimIncidentBehaviors,IncidentBehaviorCode,nvarchar,nvarchar(200),000509,Incident Behavior
RDS,DimIncidentBehaviors,IncidentBehaviorDescription,nvarchar,nvarchar(400),000509,Incident Behavior
RDS,DimIncidentStatuses,DimIncidentStatusId,int,int,NULL,NULL
RDS,DimIncidentStatuses,IncidentBehaviorCode,nvarchar,nvarchar(200),000509,Incident Behavior
RDS,DimIncidentStatuses,IncidentBehaviorDescription,nvarchar,nvarchar(600),000509,Incident Behavior
RDS,DimIncidentStatuses,IdeaInterimRemovalReasonCode,nvarchar,nvarchar(200),000539,IDEA Interim Removal Reason
RDS,DimIncidentStatuses,IdeaInterimRemovalReasonDescription,nvarchar,nvarchar(600),000539,IDEA Interim Removal Reason
RDS,DimIncidentStatuses,IdeaInterimRemovalReasonEdFactsCode,nvarchar,nvarchar(100),000539,IDEA Interim Removal Reason
RDS,DimIncidentStatuses,DisciplineReasonCode,nvarchar,nvarchar(200),000545,Discipline Reason
RDS,DimIncidentStatuses,DisciplineReasonDescription,nvarchar,nvarchar(600),000545,Discipline Reason
RDS,DimIncidentStatuses,IncidentInjuryTypeCode,nvarchar,nvarchar(200),000510,Incident Injury Type
RDS,DimIncidentStatuses,IncidentInjuryTypeDescription,nvarchar,nvarchar(600),000510,Incident Injury Type
RDS,DimIndicatorStatuses,DimIndicatorStatusId,int,int,NULL,NULL
RDS,DimIndicatorStatuses,IndicatorStatusId,int,int,NULL,NULL
RDS,DimIndicatorStatuses,IndicatorStatusCode,varchar,varchar(50),NULL,NULL
RDS,DimIndicatorStatuses,IndicatorStatusDescription,varchar,varchar(200),NULL,NULL
RDS,DimIndicatorStatuses,IndicatorStatusEdFactsCode,varchar,varchar(50),NULL,NULL
RDS,DimIndicatorStatusTypes,DimIndicatorStatusTypeId,int,int,NULL,NULL
RDS,DimIndicatorStatusTypes,IndicatorStatusTypeId,int,int,NULL,NULL
RDS,DimIndicatorStatusTypes,IndicatorStatusTypeCode,nvarchar,nvarchar(100),NULL,NULL
RDS,DimIndicatorStatusTypes,IndicatorStatusTypeDescription,nvarchar,nvarchar(400),NULL,NULL
RDS,DimIndicatorStatusTypes,IndicatorStatusTypeEdFactsCode,varchar,varchar(50),NULL,NULL
RDS,DimIndividualizedProgramStatuses,DimIndividualizedProgramStatusId,int,int,NULL,NULL
RDS,DimIndividualizedProgramStatuses,IndividualizedProgramTypeCode,nvarchar,nvarchar(200),000320,Individualized Program Type
RDS,DimIndividualizedProgramStatuses,IndividualizedProgramTypeDescription,nvarchar,nvarchar(600),000320,Individualized Program Type
RDS,DimIndividualizedProgramStatuses,StudentSupportServiceTypeCode,nvarchar,nvarchar(200),000273,Student Support Service Type
RDS,DimIndividualizedProgramStatuses,StudentSupportServiceTypeDescription,nvarchar,nvarchar(600),000273,Student Support Service Type
RDS,DimIndividualizedProgramStatuses,ConsentToEvaluationIndicatorCode,nvarchar,nvarchar(200),001726,Consent to Evaluation Indicator
RDS,DimIndividualizedProgramStatuses,ConsentToEvaluationIndicatorDescription,nvarchar,nvarchar(600),001726,Consent to Evaluation Indicator
RDS,DimK12AcademicAwardStatuses,DimK12AcademicAwardStatusId,int,int,NULL,NULL
RDS,DimK12AcademicAwardStatuses,HighSchoolDiplomaTypeCode,nvarchar,nvarchar(200),000138,High School Diploma Type
RDS,DimK12AcademicAwardStatuses,HighSchoolDiplomaTypeDescription,nvarchar,nvarchar(600),000138,High School Diploma Type
RDS,DimK12AcademicAwardStatuses,HighSchoolDiplomaTypeEdFactsCode,nvarchar,nvarchar(100),000138,High School Diploma Type
RDS,DimK12Courses,DimK12CourseId,int,int,NULL,NULL
RDS,DimK12Courses,CourseIdentifier,nvarchar,nvarchar(80),000055,Course Identifier
RDS,DimK12Courses,CourseCodeSystemCode,nvarchar,nvarchar(100),000056,Course Code System
RDS,DimK12Courses,CourseCodeSystemDescription,nvarchar,nvarchar(400),000056,Course Code System
RDS,DimK12Courses,CourseTitle,nvarchar,nvarchar(120),000067,Course Title
RDS,DimK12Courses,CourseDescription,nvarchar,nvarchar(120),000517,Course Description
RDS,DimK12Courses,CourseDepartmentName,nvarchar,nvarchar(120),001549,Course Department Name
RDS,DimK12Courses,CourseCreditUnitsCode,nvarchar,nvarchar(100),000057,Course Credit Units
RDS,DimK12Courses,CourseCreditUnitsDescription,nvarchar,nvarchar(400),000057,Course Credit Units
RDS,DimK12Courses,CreditValue,decimal,"decimal(4,2)",000058,Credit Value
RDS,DimK12Courses,AdvancedPlacementCourseCode,nvarchar,nvarchar(120),001278,Advanced Placement Course Code
RDS,DimK12Courses,CareerClusterCode,nvarchar,nvarchar(100),001288,Career Cluster
RDS,DimK12Courses,CareerClusterDescription,nvarchar,nvarchar(400),001288,Career Cluster
RDS,DimK12Courses,CourseCertificationDescription,nvarchar,nvarchar(600),001302,Course Certification Description
RDS,DimK12Courses,TuitionFunded,bit,bit,001575,Tuition Funded
RDS,DimK12Courses,CourseFundingProgram,nvarchar,nvarchar(60),001306,Course Funding Program
RDS,DimK12CourseStatuses,DimK12CourseStatusId,int,int,NULL,NULL
RDS,DimK12CourseStatuses,CourseLevelCharacteristicCode,nvarchar,nvarchar(100),000061,Course Level Characteristic
RDS,DimK12CourseStatuses,CourseLevelCharacteristicDescription,nvarchar,nvarchar(400),000061,Course Level Characteristic
RDS,DimK12Demographics,DimK12DemographicId,int,int,NULL,NULL
RDS,DimK12Demographics,SexCode,nvarchar,nvarchar(100),000255,Sex
RDS,DimK12Demographics,SexDescription,nvarchar,nvarchar(400),000255,Sex
RDS,DimK12Demographics,SexEdFactsCode,nvarchar,nvarchar(100),000255,Sex
RDS,DimK12EnrollmentStatuses,DimK12EnrollmentStatusId,int,int,NULL,NULL
RDS,DimK12EnrollmentStatuses,EnrollmentStatusCode,nvarchar,nvarchar(100),000094,Enrollment Status
RDS,DimK12EnrollmentStatuses,EnrollmentStatusDescription,nvarchar,nvarchar(100),000094,Enrollment Status
RDS,DimK12EnrollmentStatuses,EntryTypeCode,nvarchar,nvarchar(100),000099,Entry Type
RDS,DimK12EnrollmentStatuses,EntryTypeDescription,nvarchar,nvarchar(400),000099,Entry Type
RDS,DimK12EnrollmentStatuses,ExitOrWithdrawalTypeCode,nvarchar,nvarchar(100),000110,Exit or Withdrawal Type
RDS,DimK12EnrollmentStatuses,ExitOrWithdrawalTypeDescription,nvarchar,nvarchar(600),000110,Exit or Withdrawal Type
RDS,DimK12EnrollmentStatuses,PostSecondaryEnrollmentStatusCode,varchar,varchar(50),000094,Enrollment Status
RDS,DimK12EnrollmentStatuses,PostSecondaryEnrollmentStatusDescription,varchar,varchar(200),000094,Enrollment Status
RDS,DimK12EnrollmentStatuses,PostSecondaryEnrollmentStatusEdFactsCode,varchar,varchar(50),000094,Enrollment Status
RDS,DimK12EnrollmentStatuses,EdFactsAcademicOrCareerAndTechnicalOutcomeTypeCode,varchar,varchar(50),001978,EDFacts Academic or Career and Technical Outcome Type
RDS,DimK12EnrollmentStatuses,EdFactsAcademicOrCareerAndTechnicalOutcomeTypeDescription,varchar,varchar(100),001978,EDFacts Academic or Career and Technical Outcome Type
RDS,DimK12EnrollmentStatuses,EdFactsAcademicOrCareerAndTechnicalOutcomeTypeEdFactsCode,varchar,varchar(50),001978,EDFacts Academic or Career and Technical Outcome Type
RDS,DimK12EnrollmentStatuses,EdFactsAcademicOrCareerAndTechnicalOutcomeExitTypeCode,varchar,varchar(50),001979,EDFacts Academic or Career and Technical Outcome Exit Type
RDS,DimK12EnrollmentStatuses,EdFactsAcademicOrCareerAndTechnicalOutcomeExitTypeDescription,varchar,varchar(100),001979,EDFacts Academic or Career and Technical Outcome Exit Type
RDS,DimK12EnrollmentStatuses,EdFactsAcademicOrCareerAndTechnicalOutcomeExitTypeEdFactsCode,varchar,varchar(50),001979,EDFacts Academic or Career and Technical Outcome Exit Type
RDS,DimK12OrganizationStatuses,DimK12OrganizationStatusId,int,int,NULL,NULL
RDS,DimK12OrganizationStatuses,ReapAlternativeFundingStatusCode,nvarchar,nvarchar(100),000560,Rural Education Achievement Program Alternative Funding Status
RDS,DimK12OrganizationStatuses,ReapAlternativeFundingStatusDescription,nvarchar,nvarchar(MAX),000560,Rural Education Achievement Program Alternative Funding Status
RDS,DimK12OrganizationStatuses,ReapAlternativeFundingStatusEdFactsCode,nvarchar,nvarchar(100),000560,Rural Education Achievement Program Alternative Funding Status
RDS,DimK12OrganizationStatuses,GunFreeSchoolsActReportingStatusCode,nvarchar,nvarchar(100),000134,Gun Free Schools Act Reporting Status
RDS,DimK12OrganizationStatuses,GunFreeSchoolsActReportingStatusDescription,nvarchar,nvarchar(MAX),000134,Gun Free Schools Act Reporting Status
RDS,DimK12OrganizationStatuses,GunFreeSchoolsActReportingStatusEdFactsCode,nvarchar,nvarchar(100),000134,Gun Free Schools Act Reporting Status
RDS,DimK12OrganizationStatuses,HighSchoolGraduationRateIndicatorStatusCode,nvarchar,nvarchar(100),000140,High School Graduation Rate Indicator Status
RDS,DimK12OrganizationStatuses,HighSchoolGraduationRateIndicatorStatusDescription,nvarchar,nvarchar(MAX),000140,High School Graduation Rate Indicator Status
RDS,DimK12OrganizationStatuses,HighSchoolGraduationRateIndicatorStatusEdFactsCode,nvarchar,nvarchar(100),000140,High School Graduation Rate Indicator Status
RDS,DimK12OrganizationStatuses,McKinneyVentoSubgrantRecipientCode,nvarchar,nvarchar(100),NULL,NULL
RDS,DimK12OrganizationStatuses,McKinneyVentoSubgrantRecipientDescription,nvarchar,nvarchar(MAX),NULL,NULL
RDS,DimK12OrganizationStatuses,McKinneyVentoSubgrantRecipientEdFactsCode,nvarchar,nvarchar(100),NULL,NULL
RDS,DimK12ProgramTypes,DimK12ProgramTypeId,int,int,NULL,NULL
RDS,DimK12ProgramTypes,ProgramTypeCode,nvarchar,nvarchar(100),000225,Program Type
RDS,DimK12ProgramTypes,ProgramTypeDescription,nvarchar,nvarchar(120),000225,Program Type
RDS,DimK12ProgramTypes,ProgramTypeDefinition,nvarchar,nvarchar(MAX),000225,Program Type
RDS,DimK12Schools,DimK12SchoolId,int,int,NULL,NULL
RDS,DimK12Schools,LeaOrganizationName,nvarchar,nvarchar(2000),000204,Organization Name
RDS,DimK12Schools,LeaIdentifierNces,nvarchar,nvarchar(100),001068,Local Education Agency Identifier
RDS,DimK12Schools,LeaIdentifierSea,nvarchar,nvarchar(100),001068,Local Education Agency Identifier
RDS,DimK12Schools,NameOfInstitution,nvarchar,nvarchar(2000),000191,Name of Institution
RDS,DimK12Schools,SchoolIdentifierNces,nvarchar,nvarchar(100),001069,School Identifier
RDS,DimK12Schools,SchoolIdentifierSea,nvarchar,nvarchar(100),001069,School Identifier
RDS,DimK12Schools,SeaOrganizationName,nvarchar,nvarchar(2000),000204,Organization Name
RDS,DimK12Schools,SeaOrganizationIdentifierSea,nvarchar,nvarchar(100),001490,State Agency Identifier
RDS,DimK12Schools,StateAnsiCode,nvarchar,nvarchar(20),000424,State ANSI Code
RDS,DimK12Schools,StateAbbreviationCode,nvarchar,nvarchar(20),000267,State Abbreviation
RDS,DimK12Schools,StateAbbreviationDescription,nvarchar,nvarchar(2000),000267,State Abbreviation
RDS,DimK12Schools,PriorLeaIdentifierSea,nvarchar,nvarchar(100),001068,Local Education Agency Identifier
RDS,DimK12Schools,PriorSchoolIdentifierSea,nvarchar,nvarchar(100),001069,School Identifier
RDS,DimK12Schools,CharterSchoolIndicator,bit,bit,000039,Charter School Indicator
RDS,DimK12Schools,CharterSchoolContractIdNumber,nvarchar,nvarchar(MAX),001651,Charter School Contract Id Number
RDS,DimK12Schools,CharterSchoolContractApprovalDate,nvarchar,nvarchar(MAX),001652,Charter School Contract Approval Date
RDS,DimK12Schools,CharterSchoolContractRenewalDate,nvarchar,nvarchar(MAX),001653,Charter School Contract Renewal Date
RDS,DimK12Schools,ReportedFederally,bit,bit,NULL,NULL
RDS,DimK12Schools,LeaTypeCode,nvarchar,nvarchar(100),000537,Local Education Agency Type
RDS,DimK12Schools,LeaTypeDescription,nvarchar,nvarchar(200),000537,Local Education Agency Type
RDS,DimK12Schools,LeaTypeEdFactsCode,nvarchar,nvarchar(100),000537,Local Education Agency Type
RDS,DimK12Schools,SchoolTypeCode,nvarchar,nvarchar(100),000242,School Type
RDS,DimK12Schools,SchoolTypeDescription,nvarchar,nvarchar(200),000242,School Type
RDS,DimK12Schools,SchoolTypeEdFactsCode,nvarchar,nvarchar(100),000242,School Type
RDS,DimK12Schools,MailingAddressCity,nvarchar,nvarchar(60),000040,Address City
RDS,DimK12Schools,MailingAddressPostalCode,nvarchar,nvarchar(34),000214,Address Postal Code
RDS,DimK12Schools,MailingAddressStateAbbreviation,nvarchar,nvarchar(100),000267,State Abbreviation
RDS,DimK12Schools,MailingAddressStreetNumberAndName,nvarchar,nvarchar(80),000269,Address Street Number and Name
RDS,DimK12Schools,PhysicalAddressCity,nvarchar,nvarchar(60),000040,Address City
RDS,DimK12Schools,PhysicalAddressPostalCode,nvarchar,nvarchar(34),000214,Address Postal Code
RDS,DimK12Schools,PhysicalAddressStateAbbreviation,nvarchar,nvarchar(100),000267,State Abbreviation
RDS,DimK12Schools,PhysicalAddressStreetNumberAndName,nvarchar,nvarchar(80),000269,Address Street Number and Name
RDS,DimK12Schools,TelephoneNumber,nvarchar,nvarchar(48),000279,Telephone Number
RDS,DimK12Schools,WebSiteAddress,nvarchar,nvarchar(600),000704,Web Site Address
RDS,DimK12Schools,OutOfStateIndicator,bit,bit,NULL,NULL
RDS,DimK12Schools,RecordStartDateTime,datetime,datetime,001917,Record Start Date Time
RDS,DimK12Schools,RecordEndDateTime,datetime,datetime,001918,Record End Date Time
RDS,DimK12Schools,SchoolOperationalStatus,varchar,varchar(50),000533,School Operational Status
RDS,DimK12Schools,SchoolOperationalStatusEdFactsCode,int,int,000533,School Operational Status
RDS,DimK12Schools,CharterSchoolStatus,varchar,varchar(50),NULL,NULL
RDS,DimK12Schools,ReconstitutedStatus,varchar,varchar(50),000230,Reconstituted Status
RDS,DimK12Schools,MailingAddressApartmentRoomOrSuiteNumber,varchar,varchar(40),000019,Address Apartment Room or Suite Number
RDS,DimK12Schools,PhysicalAddressApartmentRoomOrSuiteNumber,varchar,varchar(40),000019,Address Apartment Room or Suite Number
RDS,DimK12Schools,IeuOrganizationName,nvarchar,nvarchar(2000),000204,Organization Name
RDS,DimK12Schools,IeuOrganizationIdentifierSea,nvarchar,nvarchar(100),000826,Organization Identifier
RDS,DimK12Schools,MailingAddressCountyAnsiCodeCode,char,char(5),001209,County ANSI Code
RDS,DimK12Schools,PhysicalAddressCountyAnsiCodeCode,char,char(5),001209,County ANSI Code
RDS,DimK12Schools,Longitude,varchar,varchar(20),000607,Longitude
RDS,DimK12Schools,Latitude,varchar,varchar(20),000606,Latitude
RDS,DimK12Schools,SchoolOperationalStatusEffectiveDate,datetime,datetime,000533,School Operational Status
RDS,DimK12Schools,AdministrativeFundingControlCode,nvarchar,nvarchar(100),000012,Administrative Funding Control
RDS,DimK12Schools,AdministrativeFundingControlDescription,nvarchar,nvarchar(400),000012,Administrative Funding Control
RDS,DimK12SchoolStateStatuses,DimK12SchoolStateStatusId,int,int,NULL,NULL
RDS,DimK12SchoolStateStatuses,SchoolStateStatusCode,nvarchar,nvarchar(400),NULL,NULL
RDS,DimK12SchoolStateStatuses,SchoolStateStatusDescription,nvarchar,nvarchar(100),NULL,NULL
RDS,DimK12SchoolStateStatuses,SchoolStateStatusEdFactsCode,nvarchar,nvarchar(100),NULL,NULL
RDS,DimK12SchoolStatuses,DimK12SchoolStatusId,int,int,NULL,NULL
RDS,DimK12SchoolStatuses,MagnetOrSpecialProgramEmphasisSchoolCode,nvarchar,nvarchar(100),000181,Magnet or Special Program Emphasis School
RDS,DimK12SchoolStatuses,MagnetOrSpecialProgramEmphasisSchoolDescription,nvarchar,nvarchar(400),000181,Magnet or Special Program Emphasis School
RDS,DimK12SchoolStatuses,MagnetOrSpecialProgramEmphasisSchoolEdFactsCode,nvarchar,nvarchar(100),000181,Magnet or Special Program Emphasis School
RDS,DimK12SchoolStatuses,NslpStatusCode,nvarchar,nvarchar(100),001767,National School Lunch Program Status
RDS,DimK12SchoolStatuses,NslpStatusDescription,nvarchar,nvarchar(400),001767,National School Lunch Program Status
RDS,DimK12SchoolStatuses,NslpStatusEdFactsCode,nvarchar,nvarchar(100),001767,National School Lunch Program Status
RDS,DimK12SchoolStatuses,SharedTimeIndicatorCode,nvarchar,nvarchar(100),000257,Shared Time Indicator
RDS,DimK12SchoolStatuses,SharedTimeIndicatorDescription,nvarchar,nvarchar(400),000257,Shared Time Indicator
RDS,DimK12SchoolStatuses,SharedTimeIndicatorEdFactsCode,nvarchar,nvarchar(100),000257,Shared Time Indicator
RDS,DimK12SchoolStatuses,VirtualSchoolStatusCode,nvarchar,nvarchar(100),001766,Virtual School Status
RDS,DimK12SchoolStatuses,VirtualSchoolStatusDescription,nvarchar,nvarchar(400),001766,Virtual School Status
RDS,DimK12SchoolStatuses,VirtualSchoolStatusEdFactsCode,nvarchar,nvarchar(100),001766,Virtual School Status
RDS,DimK12SchoolStatuses,SchoolImprovementStatusCode,nvarchar,nvarchar(100),000240,School Improvement Status
RDS,DimK12SchoolStatuses,SchoolImprovementStatusDescription,nvarchar,nvarchar(400),000240,School Improvement Status
RDS,DimK12SchoolStatuses,SchoolImprovementStatusEdFactsCode,nvarchar,nvarchar(100),000240,School Improvement Status
RDS,DimK12SchoolStatuses,PersistentlyDangerousStatusCode,nvarchar,nvarchar(100),000210,Persistently Dangerous Status
RDS,DimK12SchoolStatuses,PersistentlyDangerousStatusDescription,nvarchar,nvarchar(400),000210,Persistently Dangerous Status
RDS,DimK12SchoolStatuses,PersistentlyDangerousStatusEdFactsCode,nvarchar,nvarchar(100),000210,Persistently Dangerous Status
RDS,DimK12SchoolStatuses,StatePovertyDesignationCode,nvarchar,nvarchar(100),000585,State Poverty Designation
RDS,DimK12SchoolStatuses,StatePovertyDesignationDescription,nvarchar,nvarchar(400),000585,State Poverty Designation
RDS,DimK12SchoolStatuses,StatePovertyDesignationEdFactsCode,nvarchar,nvarchar(100),000585,State Poverty Designation
RDS,DimK12SchoolStatuses,ProgressAchievingEnglishLanguageProficiencyIndicatorTypeCode,nvarchar,nvarchar(100),001915,Progress Achieving English Language Proficiency Indicator Type
RDS,DimK12SchoolStatuses,ProgressAchievingEnglishLanguageProficiencyIndicatorTypeDescription,nvarchar,nvarchar(400),001915,Progress Achieving English Language Proficiency Indicator Type
RDS,DimK12SchoolStatuses,ProgressAchievingEnglishLanguageProficiencyIndicatorTypeEdFactsCode,nvarchar,nvarchar(100),001915,Progress Achieving English Language Proficiency Indicator Type
RDS,DimK12StaffCategories,DimK12StaffCategoryId,int,int,NULL,NULL
RDS,DimK12StaffCategories,K12StaffClassificationCode,nvarchar,nvarchar(100),000087,K12 Staff Classification
RDS,DimK12StaffCategories,K12StaffClassificationDescription,nvarchar,nvarchar(200),000087,K12 Staff Classification
RDS,DimK12StaffCategories,K12StaffClassificationEdFactsCode,nvarchar,nvarchar(100),000087,K12 Staff Classification
RDS,DimK12StaffCategories,SpecialEducationSupportServicesCategoryCode,nvarchar,nvarchar(100),000558,Special Education Support Services Category
RDS,DimK12StaffCategories,SpecialEducationSupportServicesCategoryDescription,nvarchar,nvarchar(400),000558,Special Education Support Services Category
RDS,DimK12StaffCategories,SpecialEducationSupportServicesCategoryEdFactsCode,nvarchar,nvarchar(100),000558,Special Education Support Services Category
RDS,DimK12StaffCategories,TitleIProgramStaffCategoryCode,nvarchar,nvarchar(100),000283,Title I Program Staff Category
RDS,DimK12StaffCategories,TitleIProgramStaffCategoryDescription,nvarchar,nvarchar(200),000283,Title I Program Staff Category
RDS,DimK12StaffCategories,TitleIProgramStaffCategoryEdFactsCode,nvarchar,nvarchar(100),000283,Title I Program Staff Category
RDS,DimK12StaffStatuses,DimK12StaffStatusId,int,int,NULL,NULL
RDS,DimK12StaffStatuses,SpecialEducationAgeGroupTaughtCode,nvarchar,nvarchar(100),000564,Special Education Age Group Taught
RDS,DimK12StaffStatuses,SpecialEducationAgeGroupTaughtDescription,nvarchar,nvarchar(400),000564,Special Education Age Group Taught
RDS,DimK12StaffStatuses,SpecialEducationAgeGroupTaughtEdFactsCode,nvarchar,nvarchar(100),000564,Special Education Age Group Taught
RDS,DimK12StaffStatuses,EdFactsCertificationStatusCode,nvarchar,nvarchar(100),001997,EDFacts Certification Status
RDS,DimK12StaffStatuses,EdFactsCertificationStatusDescription,nvarchar,nvarchar(400),001997,EDFacts Certification Status
RDS,DimK12StaffStatuses,EdFactsCertificationStatusEdFactsCode,nvarchar,nvarchar(100),001997,EDFacts Certification Status
RDS,DimK12StaffStatuses,HighlyQualifiedTeacherIndicatorCode,nvarchar,nvarchar(100),000142,Highly Qualified Teacher Indicator
RDS,DimK12StaffStatuses,HighlyQualifiedTeacherIndicatorDescription,nvarchar,nvarchar(400),000142,Highly Qualified Teacher Indicator
RDS,DimK12StaffStatuses,HighlyQualifiedTeacherIndicatorEdFactsCode,nvarchar,nvarchar(100),000142,Highly Qualified Teacher Indicator
RDS,DimK12StaffStatuses,EdFactsTeacherInexperiencedStatusCode,nvarchar,nvarchar(100),001961,EDFacts Teacher Inexperienced Status
RDS,DimK12StaffStatuses,EdFactsTeacherInexperiencedStatusDescription,nvarchar,nvarchar(400),001961,EDFacts Teacher Inexperienced Status
RDS,DimK12StaffStatuses,EdFactsTeacherInexperiencedStatusEdFactsCode,nvarchar,nvarchar(100),001961,EDFacts Teacher Inexperienced Status
RDS,DimK12StaffStatuses,TeachingCredentialTypeCode,nvarchar,nvarchar(100),000278,Teaching Credential Type
RDS,DimK12StaffStatuses,TeachingCredentialTypeDescription,nvarchar,nvarchar(400),000278,Teaching Credential Type
RDS,DimK12StaffStatuses,TeachingCredentialTypeEdFactsCode,nvarchar,nvarchar(100),000278,Teaching Credential Type
RDS,DimK12StaffStatuses,EdFactsTeacherOutOfFieldStatusCode,nvarchar,nvarchar(100),001962,EDFacts Teacher Out of Field Status
RDS,DimK12StaffStatuses,EdFactsTeacherOutOfFieldStatusDescription,nvarchar,nvarchar(400),001962,EDFacts Teacher Out of Field Status
RDS,DimK12StaffStatuses,EdFactsTeacherOutOfFieldStatusEdFactsCode,nvarchar,nvarchar(100),001962,EDFacts Teacher Out of Field Status
RDS,DimK12StaffStatuses,SpecialEducationTeacherQualificationStatusCode,nvarchar,nvarchar(100),001996,Special Education Teacher Qualification Status
RDS,DimK12StaffStatuses,SpecialEducationTeacherQualificationStatusDescription,nvarchar,nvarchar(100),001996,Special Education Teacher Qualification Status
RDS,DimK12StaffStatuses,SpecialEducationTeacherQualificationStatusEdFactsCode,nvarchar,nvarchar(100),001996,Special Education Teacher Qualification Status
RDS,DimK12StaffStatuses,ParaprofessionalQualificationStatusCode,nvarchar,nvarchar(100),000207,Paraprofessional Qualification Status
RDS,DimK12StaffStatuses,ParaprofessionalQualificationStatusDescription,nvarchar,nvarchar(100),000207,Paraprofessional Qualification Status
RDS,DimK12StaffStatuses,ParaprofessionalQualificationStatusEdFactsCode,nvarchar,nvarchar(100),000207,Paraprofessional Qualification Status
RDS,DimLanguages,DimLanguageId,int,int,NULL,NULL
RDS,DimLanguages,Iso6392LanguageCodeCode,nvarchar,nvarchar(100),000317,ISO 639-2 Language Code
RDS,DimLanguages,Iso6392LanguageCodeDescription,nvarchar,nvarchar(400),000317,ISO 639-2 Language Code
RDS,DimLanguages,Iso6392LanguageCodeEdFactsCode,nvarchar,nvarchar(100),000317,ISO 639-2 Language Code
RDS,DimLanguages,Iso6393LanguageCodeCode,nvarchar,nvarchar(100),001637,ISO 639-3 Language Code
RDS,DimLanguages,Iso6393LanguageCodeDescription,nvarchar,nvarchar(400),001637,ISO 639-3 Language Code
RDS,DimLeaFinancialAccountBalances,DimLeaFinancialAccountBalanceId,int,int,NULL,NULL
RDS,DimLeaFinancialAccountBalances,FinancialAccountCodingSystemOrganizationTypeCode,nvarchar,nvarchar(100),002011,Financial Account Coding System Organization Type
RDS,DimLeaFinancialAccountBalances,FinancialAccountCodingSystemOrganizationTypeDescription,nvarchar,nvarchar(300),002011,Financial Account Coding System Organization Type
RDS,DimLeaFinancialAccountBalances,FinancialAccountLocalBalanceSheetCodeCode,nvarchar,nvarchar(100),002007,Financial Account Local Balance Sheet Code
RDS,DimLeaFinancialAccountBalances,FinancialAccountLocalBalanceSheetCodeDescription,nvarchar,nvarchar(300),002007,Financial Account Local Balance Sheet Code
RDS,DimLeaFinancialAccountClassifications,DimLeaFinancialAccountClassificationId,int,int,NULL,NULL
RDS,DimLeaFinancialAccountClassifications,FinancialAccountCodingSystemOrganizationTypeCode,nvarchar,nvarchar(100),002011,Financial Account Coding System Organization Type
RDS,DimLeaFinancialAccountClassifications,FinancialAccountCodingSystemOrganizationTypeDescription,nvarchar,nvarchar(300),002011,Financial Account Coding System Organization Type
RDS,DimLeaFinancialAccountClassifications,FinancialAccountCategoryCode,nvarchar,nvarchar(100),001345,Financial Account Category
RDS,DimLeaFinancialAccountClassifications,FinancialAccountCategoryDescription,nvarchar,nvarchar(300),001345,Financial Account Category
RDS,DimLeaFinancialAccountClassifications,FinancialAccountLocalProgramCodeCode,nvarchar,nvarchar(100),002009,Financial Account Local Program Code
RDS,DimLeaFinancialAccountClassifications,FinancialAccountLocalProgramCodeDescription,nvarchar,nvarchar(300),002009,Financial Account Local Program Code
RDS,DimLeaFinancialAccountClassifications,FinancialAccountLocalFundClassificationCode,nvarchar,nvarchar(100),002008,Financial Account Local Fund Classification
RDS,DimLeaFinancialAccountClassifications,FinancialAccountLocalFundClassificationDescription,nvarchar,nvarchar(300),002008,Financial Account Local Fund Classification
RDS,DimLeaFinancialExpenditureClassifications,DimLeaFinancialExpenditureClassificationId,int,int,NULL,NULL
RDS,DimLeaFinancialExpenditureClassifications,FinancialAccountCodingSystemOrganizationTypeCode,nvarchar,nvarchar(100),002011,Financial Account Coding System Organization Type
RDS,DimLeaFinancialExpenditureClassifications,FinancialAccountCodingSystemOrganizationTypeDescription,nvarchar,nvarchar(300),002011,Financial Account Coding System Organization Type
RDS,DimLeaFinancialExpenditureClassifications,FinancialExpenditureLocalFunctionCodeCode,nvarchar,nvarchar(100),002004,Financial Expenditure Local Function Code
RDS,DimLeaFinancialExpenditureClassifications,FinancialExpenditureLocalFunctionCodeDescription,nvarchar,nvarchar(300),002004,Financial Expenditure Local Function Code
RDS,DimLeaFinancialExpenditureClassifications,FinancialExpenditureLocalObjectCodeCode,nvarchar,nvarchar(100),002005,Financial Expenditure Local Object Code
RDS,DimLeaFinancialExpenditureClassifications,FinancialExpenditureLocalObjectCodeDescription,nvarchar,nvarchar(300),002005,Financial Expenditure Local Object Code
RDS,DimLeaFinancialExpenditureClassifications,FinancialExpenditureLocalLevelOfInstructionCodeCode,nvarchar,nvarchar(100),001555,Financial Expenditure Local Level of Instruction Code
RDS,DimLeaFinancialExpenditureClassifications,FinancialExpenditureLocalLevelOfInstructionCodeDescription,nvarchar,nvarchar(300),001555,Financial Expenditure Local Level of Instruction Code
RDS,DimLeaFinancialExpenditureClassifications,FinancialExpenditureProjectReportingCodeCode,nvarchar,nvarchar(100),001556,Financial Expenditure Project Reporting Code
RDS,DimLeaFinancialExpenditureClassifications,FinancialExpenditureProjectReportingCodeDescription,nvarchar,nvarchar(300),001556,Financial Expenditure Project Reporting Code
RDS,DimLeaFinancialRevenueClassifications,DimLeaFinancialRevenueClassificationId,int,int,NULL,NULL
RDS,DimLeaFinancialRevenueClassifications,FinancialAccountCodingSystemOrganizationTypeCode,nvarchar,nvarchar(100),002011,Financial Account Coding System Organization Type
RDS,DimLeaFinancialRevenueClassifications,FinancialAccountCodingSystemOrganizationTypeDescription,nvarchar,nvarchar(300),002011,Financial Account Coding System Organization Type
RDS,DimLeaFinancialRevenueClassifications,FinancialAccountLocalRevenueCodeCode,nvarchar,nvarchar(100),002003,Financial Account Local Revenue Code
RDS,DimLeaFinancialRevenueClassifications,FinancialAccountLocalRevenueCodeDescription,nvarchar,nvarchar(300),002003,Financial Account Local Revenue Code
RDS,DimLeas,DimLeaID,int,int,NULL,NULL
RDS,DimLeas,IeuOrganizationName,nvarchar,nvarchar(2000),000204,Organization Name
RDS,DimLeas,IeuOrganizationIdentifierSea,nvarchar,nvarchar(100),000826,Organization Identifier
RDS,DimLeas,StateAnsiCode,nvarchar,nvarchar(20),000424,State ANSI Code
RDS,DimLeas,StateAbbreviationCode,nvarchar,nvarchar(20),000267,State Abbreviation
RDS,DimLeas,StateAbbreviationDescription,nvarchar,nvarchar(2000),000267,State Abbreviation
RDS,DimLeas,SeaOrganizationName,nvarchar,nvarchar(2000),000204,Organization Name
RDS,DimLeas,SeaOrganizationIdentifierSea,nvarchar,nvarchar(100),001490,State Agency Identifier
RDS,DimLeas,LeaOrganizationName,nvarchar,nvarchar(2000),000204,Organization Name
RDS,DimLeas,LeaIdentifierNces,nvarchar,nvarchar(100),001068,Local Education Agency Identifier
RDS,DimLeas,LeaIdentifierSea,nvarchar,nvarchar(100),001068,Local Education Agency Identifier
RDS,DimLeas,PriorLeaIdentifierSea,nvarchar,nvarchar(100),001068,Local Education Agency Identifier
RDS,DimLeas,LeaSupervisoryUnionIdentificationNumber,nchar,nchar(6),000175,Local Education Agency Supervisory Union Identification Number
RDS,DimLeas,ReportedFederally,bit,bit,NULL,NULL
RDS,DimLeas,LeaTypeCode,nvarchar,nvarchar(100),000537,Local Education Agency Type
RDS,DimLeas,LeaTypeDescription,nvarchar,nvarchar(200),000537,Local Education Agency Type
RDS,DimLeas,LeaTypeEdFactsCode,nvarchar,nvarchar(100),000537,Local Education Agency Type
RDS,DimLeas,MailingAddressStreetNumberAndName,nvarchar,nvarchar(300),000269,Address Street Number and Name
RDS,DimLeas,MailingAddressApartmentRoomOrSuiteNumber,nvarchar,nvarchar(80),000019,Address Apartment Room or Suite Number
RDS,DimLeas,MailingAddressCity,nvarchar,nvarchar(60),000040,Address City
RDS,DimLeas,MailingAddressPostalCode,nvarchar,nvarchar(34),000214,Address Postal Code
RDS,DimLeas,MailingAddressStateAbbreviation,nvarchar,nvarchar(100),000267,State Abbreviation
RDS,DimLeas,MailingAddressCountyAnsiCodeCode,nchar,nchar(10),001209,County ANSI Code
RDS,DimLeas,PhysicalAddressStreetNumberAndName,nvarchar,nvarchar(300),000269,Address Street Number and Name
RDS,DimLeas,PhysicalAddressApartmentRoomOrSuiteNumber,nvarchar,nvarchar(80),000019,Address Apartment Room or Suite Number
RDS,DimLeas,PhysicalAddressCity,nvarchar,nvarchar(60),000040,Address City
RDS,DimLeas,PhysicalAddressPostalCode,nvarchar,nvarchar(34),000214,Address Postal Code
RDS,DimLeas,PhysicalAddressStateAbbreviation,nvarchar,nvarchar(100),000267,State Abbreviation
RDS,DimLeas,PhysicalAddressCountyAnsiCodeCode,nchar,nchar(10),001209,County ANSI Code
RDS,DimLeas,Longitude,nvarchar,nvarchar(40),000607,Longitude
RDS,DimLeas,Latitude,nvarchar,nvarchar(40),000606,Latitude
RDS,DimLeas,TelephoneNumber,nvarchar,nvarchar(48),000279,Telephone Number
RDS,DimLeas,WebSiteAddress,nvarchar,nvarchar(600),000704,Web Site Address
RDS,DimLeas,OutOfStateIndicator,bit,bit,NULL,NULL
RDS,DimLeas,LeaOperationalStatus,nvarchar,nvarchar(100),000174,Local Education Agency Operational Status
RDS,DimLeas,LeaOperationalStatusEdFactsCode,int,int,000174,Local Education Agency Operational Status
RDS,DimLeas,OperationalStatusEffectiveDate,datetime2,datetime2,000534,Operational Status Effective Date
RDS,DimLeas,CharterLeaStatus,nvarchar,nvarchar(100),NULL,NULL
RDS,DimLeas,ReconstitutedStatus,nvarchar,nvarchar(100),000230,Reconstituted Status
RDS,DimLeas,McKinneyVentoSubgrantRecipient,nvarchar,nvarchar(100),NULL,NULL
RDS,DimLeas,NameOfInstitution,nvarchar,nvarchar(2000),000191,Name of Institution
RDS,DimLeas,RecordStartDateTime,datetime,datetime,001917,Record Start Date Time
RDS,DimLeas,RecordEndDateTime,datetime,datetime,001918,Record End Date Time
RDS,DimMigrantStatuses,DimMigrantStatusId,int,int,NULL,NULL
RDS,DimMigrantStatuses,MigrantStatusCode,nvarchar,nvarchar(200),000189,Migrant Status
RDS,DimMigrantStatuses,MigrantStatusDescription,nvarchar,nvarchar(600),000189,Migrant Status
RDS,DimMigrantStatuses,MigrantStatusEdFactsCode,nvarchar,nvarchar(100),000189,Migrant Status
RDS,DimMigrantStatuses,MigrantEducationProgramEnrollmentTypeCode,nvarchar,nvarchar(200),000437,Migrant Education Program Enrollment Type
RDS,DimMigrantStatuses,MigrantEducationProgramEnrollmentTypeDescription,nvarchar,nvarchar(600),000437,Migrant Education Program Enrollment Type
RDS,DimMigrantStatuses,ContinuationOfServicesReasonCode,nvarchar,nvarchar(200),000429,Continuation of Services Reason
RDS,DimMigrantStatuses,ContinuationOfServicesReasonDescription,nvarchar,nvarchar(600),000429,Continuation of Services Reason
RDS,DimMigrantStatuses,MEPContinuationOfServicesStatusCode,nvarchar,nvarchar(200),000563,Migrant Education Program Continuation of Services Status
RDS,DimMigrantStatuses,MEPContinuationOfServicesStatusDescription,nvarchar,nvarchar(600),000563,Migrant Education Program Continuation of Services Status
RDS,DimMigrantStatuses,MEPContinuationOfServicesStatusEdFactsCode,nvarchar,nvarchar(100),000563,Migrant Education Program Continuation of Services Status
RDS,DimMigrantStatuses,ConsolidatedMEPFundsStatusCode,nvarchar,nvarchar(200),000542,Consolidated Migrant Education Program Funds Status
RDS,DimMigrantStatuses,ConsolidatedMEPFundsStatusDescription,nvarchar,nvarchar(600),000542,Consolidated Migrant Education Program Funds Status
RDS,DimMigrantStatuses,ConsolidatedMEPFundsStatusEdFactsCode,nvarchar,nvarchar(100),000542,Consolidated Migrant Education Program Funds Status
RDS,DimMigrantStatuses,MigrantEducationProgramServicesTypeCode,nvarchar,nvarchar(200),000186,Migrant Education Program Services Type
RDS,DimMigrantStatuses,MigrantEducationProgramServicesTypeDescription,nvarchar,nvarchar(600),000186,Migrant Education Program Services Type
RDS,DimMigrantStatuses,MigrantEducationProgramServicesTypeEdFactsCode,nvarchar,nvarchar(100),000186,Migrant Education Program Services Type
RDS,DimMigrantStatuses,MigrantPrioritizedForServicesCode,nvarchar,nvarchar(200),000562,Migrant Prioritized for Services
RDS,DimMigrantStatuses,MigrantPrioritizedForServicesDescription,nvarchar,nvarchar(600),000562,Migrant Prioritized for Services
RDS,DimMigrantStatuses,MigrantPrioritizedForServicesEdFactsCode,nvarchar,nvarchar(100),000562,Migrant Prioritized for Services
RDS,DimMilitaryStatuses,DimMilitaryStatusId,int,int,NULL,NULL
RDS,DimMilitaryStatuses,MilitaryConnectedStudentIndicatorCode,nvarchar,nvarchar(100),001576,Military Connected Student Indicator
RDS,DimMilitaryStatuses,MilitaryConnectedStudentIndicatorDescription,nvarchar,nvarchar(400),001576,Military Connected Student Indicator
RDS,DimMilitaryStatuses,MilitaryConnectedStudentIndicatorEdFactsCode,nvarchar,nvarchar(100),001576,Military Connected Student Indicator
RDS,DimMilitaryStatuses,MilitaryActiveStudentIndicatorCode,nvarchar,nvarchar(100),001577,Military Active Student Indicator
RDS,DimMilitaryStatuses,MilitaryActiveStudentIndicatorDescription,nvarchar,nvarchar(400),001577,Military Active Student Indicator
RDS,DimMilitaryStatuses,MilitaryBranchCode,nvarchar,nvarchar(100),001640,Military Branch
RDS,DimMilitaryStatuses,MilitaryBranchDescription,nvarchar,nvarchar(400),001640,Military Branch
RDS,DimMilitaryStatuses,MilitaryVeteranStudentIndicatorCode,nvarchar,nvarchar(100),001578,Military Veteran Student Indicator
RDS,DimMilitaryStatuses,MilitaryVeteranStudentIndicatorDescription,nvarchar,nvarchar(400),001578,Military Veteran Student Indicator
RDS,DimNOrDStatuses,DimNOrDStatusId,int,int,NULL,NULL
RDS,DimNOrDStatuses,NeglectedOrDelinquentLongTermStatusCode,nvarchar,nvarchar(100),NULL,NULL
RDS,DimNOrDStatuses,NeglectedOrDelinquentLongTermStatusDescription,nvarchar,nvarchar(200),NULL,NULL
RDS,DimNOrDStatuses,NeglectedOrDelinquentLongTermStatusEdFactsCode,nvarchar,nvarchar(100),NULL,NULL
RDS,DimNOrDStatuses,NeglectedOrDelinquentProgramTypeCode,nvarchar,nvarchar(100),000194,Neglected or Delinquent Program Type
RDS,DimNOrDStatuses,NeglectedOrDelinquentProgramTypeDescription,nvarchar,nvarchar(200),000194,Neglected or Delinquent Program Type
RDS,DimNOrDStatuses,NeglectedOrDelinquentProgramTypeEdFactsCode,nvarchar,nvarchar(100),000194,Neglected or Delinquent Program Type
RDS,DimOnetSocOccupationTypes,DimOnetSocOccupationTypeId,int,int,NULL,NULL
RDS,DimOnetSocOccupationTypes,OnetSocOccupationTypeCode,nvarchar,nvarchar(200),001756,O*NET-SOC Occupation Type
RDS,DimOnetSocOccupationTypes,OnetSocOccupationTypeDescription,nvarchar,nvarchar(8000),001756,O*NET-SOC Occupation Type
RDS,DimOrganizationCalendarSessions,DimOrganizationCalendarSessionId,int,int,NULL,NULL
RDS,DimOrganizationCalendarSessions,SessionBeginDate,datetime,datetime,000251,Session Begin Date
RDS,DimOrganizationCalendarSessions,SessionEndDate,datetime,datetime,000253,Session End Date
RDS,DimOrganizationCalendarSessions,SessionCode,nvarchar,nvarchar(60),001270,Session Code
RDS,DimOrganizationCalendarSessions,SessionDescription,nvarchar,nvarchar(MAX),001271,Session Description
RDS,DimOrganizationCalendarSessions,AcademicTermDesignatorCode,nvarchar,nvarchar(60),000727,Academic Term Designator
RDS,DimOrganizationCalendarSessions,AcademicTermDesignatorDescription,nvarchar,nvarchar(MAX),000727,Academic Term Designator
RDS,DimPeople,DimPersonId,bigint,bigint,NULL,NULL
RDS,DimPeople,FirstName,nvarchar,nvarchar(150),000115,First Name
RDS,DimPeople,MiddleName,nvarchar,nvarchar(150),000184,Middle Name
RDS,DimPeople,LastOrSurname,nvarchar,nvarchar(150),000172,Last or Surname
RDS,DimPeople,BirthDate,date,date,000033,Birthdate
RDS,DimPeople,ELChildChildIdentifierState,nvarchar,nvarchar(80),001080,Child Identifier
RDS,DimPeople,K12StudentStudentIdentifierState,nvarchar,nvarchar(80),001071,Student Identifier
RDS,DimPeople,K12StudentStudentIdentifierDistrict,nvarchar,nvarchar(80),001071,Student Identifier
RDS,DimPeople,K12StudentStudentIdentifierNationalMigrant,nvarchar,nvarchar(80),001071,Student Identifier
RDS,DimPeople,PsStudentStudentIdentifierState,nvarchar,nvarchar(80),001071,Student Identifier
RDS,DimPeople,AeStudentStudentIdentifierState,nvarchar,nvarchar(80),001071,Student Identifier
RDS,DimPeople,WorkforceProgramParticipantPersonIdentifierState,nvarchar,nvarchar(80),001572,Person Identifier
RDS,DimPeople,ELStaffStaffMemberIdentifierState,nvarchar,nvarchar(80),001070,Staff Member Identifier
RDS,DimPeople,K12StaffStaffMemberIdentifierState,nvarchar,nvarchar(80),001070,Staff Member Identifier
RDS,DimPeople,K12StaffStaffMemberIdentifierDistrict,nvarchar,nvarchar(80),001070,Staff Member Identifier
RDS,DimPeople,PsStaffStaffMemberIdentifierState,nvarchar,nvarchar(80),001070,Staff Member Identifier
RDS,DimPeople,PersonIdentifierDriversLicense,nvarchar,nvarchar(80),001572,Person Identifier
RDS,DimPeople,IsActiveELChild,bit,bit,001946,Role
RDS,DimPeople,IsActiveK12Student,bit,bit,001946,Role
RDS,DimPeople,IsActivePsStudent,bit,bit,001946,Role
RDS,DimPeople,IsActiveAeStudent,bit,bit,001946,Role
RDS,DimPeople,IsActiveWorkforceProgramParticipant,bit,bit,001946,Role
RDS,DimPeople,IsActiveELStaff,bit,bit,001946,Role
RDS,DimPeople,IsActiveK12Staff,bit,bit,001946,Role
RDS,DimPeople,IsActivePsStaff,bit,bit,001946,Role
RDS,DimPeople,RecordStartDateTime,datetime,datetime,001917,Record Start Date Time
RDS,DimPeople,RecordEndDateTime,datetime,datetime,001918,Record End Date Time
RDS,DimPeople,ElectronicMailAddressHome,nvarchar,nvarchar(504),000088,Electronic Mail Address
RDS,DimPeople,ElectronicMailAddressOrganizational,nvarchar,nvarchar(504),000088,Electronic Mail Address
RDS,DimPeople,ElectronicMailAddressWork,nvarchar,nvarchar(504),000088,Electronic Mail Address
RDS,DimPeople,TelephoneNumberFax,nvarchar,nvarchar(96),000279,Telephone Number
RDS,DimPeople,TelephoneNumberHome,nvarchar,nvarchar(96),000279,Telephone Number
RDS,DimPeople,TelephoneNumberMobile,nvarchar,nvarchar(96),000279,Telephone Number
RDS,DimPeople,TelephoneNumberWork,nvarchar,nvarchar(96),000279,Telephone Number
RDS,DimPeople,PersonalTitleOrPrefix,nvarchar,nvarchar(400),000212,Personal Title or Prefix
RDS,DimPeople,PositionTitle,nvarchar,nvarchar(400),000213,Position Title
RDS,DimPersonAddresses,DimPersonAddressId,int,int,NULL,NULL
RDS,DimPersonAddresses,AddressTypeForLearnerOrFamilyCode,nvarchar,nvarchar(100),000010,Address Type for Learner or Family
RDS,DimPersonAddresses,AddressTypeForLearnerOrFamilyDescription,nvarchar,nvarchar(300),000010,Address Type for Learner or Family
RDS,DimPersonAddresses,AddressStreetNumberAndName,nvarchar,nvarchar(300),000269,Address Street Number and Name
RDS,DimPersonAddresses,AddressApartmentRoomOrSuiteNumber,nvarchar,nvarchar(120),000019,Address Apartment Room or Suite Number
RDS,DimPersonAddresses,AddressCity,nvarchar,nvarchar(60),000040,Address City
RDS,DimPersonAddresses,StateAbbreviationCode,nvarchar,nvarchar(100),000267,State Abbreviation
RDS,DimPersonAddresses,StateAbbreviationDescription,nvarchar,nvarchar(300),000267,State Abbreviation
RDS,DimPersonAddresses,AddressPostalCode,nvarchar,nvarchar(34),000214,Address Postal Code
RDS,DimPersonAddresses,AddressCountyName,nvarchar,nvarchar(60),000190,Address County Name
RDS,DimPersonAddresses,CountryCodeCode,nvarchar,nvarchar(100),000050,Country Code
RDS,DimPersonAddresses,CountryCodeDescription,nvarchar,nvarchar(300),000050,Country Code
RDS,DimPersonAddresses,Latitude,nvarchar,nvarchar(40),000606,Latitude
RDS,DimPersonAddresses,Longitude,nvarchar,nvarchar(40),000607,Longitude
RDS,DimPersonAddresses,CountyAnsiCodeCode,nvarchar,nvarchar(100),001209,County ANSI Code
RDS,DimPersonAddresses,CountyAnsiCodeDescription,nvarchar,nvarchar(300),001209,County ANSI Code
RDS,DimPersonAddresses,DoNotPublishIndicator,nvarchar,nvarchar(20),001928,Do Not Publish Indicator
RDS,DimPersonAddresses,PersonalInformationVerificationCode,nvarchar,nvarchar(100),000618,Personal Information Verification
RDS,DimPersonAddresses,PersonalInformationVerificationDescription,nvarchar,nvarchar(300),000618,Personal Information Verification
RDS,DimProgramTypes,DimProgramTypeId,int,int,NULL,NULL
RDS,DimProgramTypes,ProgramTypeCode,nvarchar,nvarchar(100),000225,Program Type
RDS,DimProgramTypes,ProgramTypeDescription,nvarchar,nvarchar(400),000225,Program Type
RDS,DimPsAcademicAwardStatuses,DimPsAcademicAwardStatusId,int,int,NULL,NULL
RDS,DimPsAcademicAwardStatuses,PescAwardLevelTypeCode,nvarchar,nvarchar(100),001668,PESC Award Level Type
RDS,DimPsAcademicAwardStatuses,PescAwardLevelTypeDescription,nvarchar,nvarchar(800),001668,PESC Award Level Type
RDS,DimPsAcademicAwardStatuses,ProfessionalOrTechnicalCredentialConferredCode,nvarchar,nvarchar(100),000783,Professional or Technical Credential Conferred
RDS,DimPsAcademicAwardStatuses,ProfessionalOrTechnicalCredentialConferredDescription,nvarchar,nvarchar(400),000783,Professional or Technical Credential Conferred
RDS,DimPsAcademicAwardTitles,DimPsAcademicAwardTitleId,int,int,NULL,NULL
RDS,DimPsAcademicAwardTitles,AcademicAwardTitle,nvarchar,nvarchar(320),000003,Academic Award Title
RDS,DimPsCitizenshipStatuses,DimPsCitizenshipStatusId,bigint,bigint,NULL,NULL
RDS,DimPsCitizenshipStatuses,UnitedStatesCitizenshipStatusCode,nvarchar,nvarchar(100),000299,United States Citizenship Status
RDS,DimPsCitizenshipStatuses,UnitedStatesCitizenshipStatusDescription,nvarchar,nvarchar(400),000299,United States Citizenship Status
RDS,DimPsCitizenshipStatuses,VisaTypeCode,nvarchar,nvarchar(100),000196,Visa Type
RDS,DimPsCitizenshipStatuses,VisaTypeDescription,nvarchar,nvarchar(400),000196,Visa Type
RDS,DimPsCourseStatuses,DimPsCourseStatusId,int,int,NULL,NULL
RDS,DimPsCourseStatuses,CourseLevelTypeCode,nvarchar,nvarchar(100),001312,Course Level Type
RDS,DimPsCourseStatuses,CourseLevelTypeDescription,nvarchar,nvarchar(400),001312,Course Level Type
RDS,DimPsCourseStatuses,CourseHonorsTypeCode,nvarchar,nvarchar(100),001307,Course Honors Type
RDS,DimPsCourseStatuses,CourseHonorsTypeDescription,nvarchar,nvarchar(400),001307,Course Honors Type
RDS,DimPsCourseStatuses,CourseCreditBasisTypeCode,nvarchar,nvarchar(100),001303,Course Credit Basis Type
RDS,DimPsCourseStatuses,CourseCreditBasisTypeDescription,nvarchar,nvarchar(400),001303,Course Credit Basis Type
RDS,DimPsCourseStatuses,CourseCreditLevelTypeCode,nvarchar,nvarchar(100),001304,Course Credit Level Type
RDS,DimPsCourseStatuses,CourseCreditLevelTypeDescription,nvarchar,nvarchar(400),001304,Course Credit Level Type
RDS,DimPsDemographics,DimPsDemographicId,int,int,NULL,NULL
RDS,DimPsDemographics,SexCode,nvarchar,nvarchar(100),000255,Sex
RDS,DimPsDemographics,SexDescription,nvarchar,nvarchar(400),000255,Sex
RDS,DimPsEnrollmentStatuses,DimPsEnrollmentStatusId,bigint,bigint,NULL,NULL
RDS,DimPsEnrollmentStatuses,PostsecondaryExitOrWithdrawalTypeCode,nvarchar,nvarchar(100),001617,Postsecondary Exit or Withdrawal Type
RDS,DimPsEnrollmentStatuses,PostsecondaryExitOrWithdrawalTypeDescription,nvarchar,nvarchar(400),000110,Exit or Withdrawal Type
RDS,DimPsFamilyStatuses,DimPsFamilyStatusId,bigint,bigint,NULL,NULL
RDS,DimPsFamilyStatuses,DependencyStatusCode,nvarchar,nvarchar(100),000079,Dependency Status
RDS,DimPsFamilyStatuses,DependencyStatusDescription,nvarchar,nvarchar(400),000079,Dependency Status
RDS,DimPsFamilyStatuses,NumberOfDependentsTypeCode,nvarchar,nvarchar(100),001415,Number of Dependents
RDS,DimPsFamilyStatuses,NumberOfDependentsTypeDescription,nvarchar,nvarchar(400),001415,Number of Dependents
RDS,DimPsFamilyStatuses,SingleParentOrSinglePregnantWomanStatus,bit,bit,000580,Single Parent or Single Pregnant Woman Status
RDS,DimPsFamilyStatuses,MaternalGuardianEducationCode,nvarchar,nvarchar(100),001229,Maternal Guardian Education
RDS,DimPsFamilyStatuses,MaternalGuardianEducationDescription,nvarchar,nvarchar(400),001229,Maternal Guardian Education
RDS,DimPsFamilyStatuses,PaternalGuardianEducationCode,nvarchar,nvarchar(100),001230,Paternal Guardian Education
RDS,DimPsFamilyStatuses,PaternalGuardianEducationDescription,nvarchar,nvarchar(400),001230,Paternal Guardian Education
RDS,DimPsInstitutions,DimPsInstitutionID,int,int,NULL,NULL
RDS,DimPsInstitutions,NameOfInstitution,nvarchar,nvarchar(256),000191,Name of Institution
RDS,DimPsInstitutions,ShortNameOfInstitution,nvarchar,nvarchar(60),001487,Short Name of Organization
RDS,DimPsInstitutions,IPEDSIdentifier,int,int,000166,Institution IPEDS UnitID
RDS,DimPsInstitutions,OrganizationOperationalStatus,nvarchar,nvarchar(40),001418,Organization Operational Status
RDS,DimPsInstitutions,OperationalStatusEffectiveDate,datetime,datetime,000534,Operational Status Effective Date
RDS,DimPsInstitutions,MostPrevalentLevelOfInstitutionCode,nvarchar,nvarchar(40),NULL,NULL
RDS,DimPsInstitutions,MailingAddressStreetNumberAndName,nvarchar,nvarchar(80),000269,Address Street Number and Name
RDS,DimPsInstitutions,MailingAddressApartmentRoomOrSuiteNumber,nvarchar,nvarchar(60),000019,Address Apartment Room or Suite Number
RDS,DimPsInstitutions,MailingAddressCity,nvarchar,nvarchar(60),000040,Address City
RDS,DimPsInstitutions,MailingAddressPostalCode,nvarchar,nvarchar(34),000214,Address Postal Code
RDS,DimPsInstitutions,MailingAddressStateAbbreviation,nvarchar,nvarchar(100),000267,State Abbreviation
RDS,DimPsInstitutions,PhysicalAddressStreetNumberAndName,nvarchar,nvarchar(80),000269,Address Street Number and Name
RDS,DimPsInstitutions,PhysicalAddressApartmentRoomOrSuiteNumber,nvarchar,nvarchar(60),000019,Address Apartment Room or Suite Number
RDS,DimPsInstitutions,PhysicalAddressCity,nvarchar,nvarchar(60),000040,Address City
RDS,DimPsInstitutions,PhysicalAddressPostalCode,nvarchar,nvarchar(34),000214,Address Postal Code
RDS,DimPsInstitutions,PhysicalAddressStateAbbreviation,nvarchar,nvarchar(100),000267,State Abbreviation
RDS,DimPsInstitutions,TelephoneNumber,nvarchar,nvarchar(48),000279,Telephone Number
RDS,DimPsInstitutions,WebsiteAddress,nvarchar,nvarchar(600),000704,Web Site Address
RDS,DimPsInstitutions,Latitude,nvarchar,nvarchar(40),000606,Latitude
RDS,DimPsInstitutions,Longitude,nvarchar,nvarchar(40),000607,Longitude
RDS,DimPsInstitutions,RecordStartDateTime,datetime,datetime,001917,Record Start Date Time
RDS,DimPsInstitutions,RecordEndDateTime,datetime,datetime,001918,Record End Date Time
RDS,DimPsInstitutions,MailingAddressCountyAnsiCodeCode,nchar,nchar(10),001209,County ANSI Code
RDS,DimPsInstitutions,PhysicalAddressCountyAnsiCodeCode,nchar,nchar(10),001209,County ANSI Code
RDS,DimPsInstitutionStatuses,DimPsInstitutionStatusId,int,int,NULL,NULL
RDS,DimPsInstitutionStatuses,LevelOfInstitutionCode,nvarchar,nvarchar(100),000178,Level of Institution
RDS,DimPsInstitutionStatuses,LevelOfInstitutionDescription,nvarchar,nvarchar(400),000178,Level of Institution
RDS,DimPsInstitutionStatuses,ControlOfInstitutionCode,nvarchar,nvarchar(100),000048,Control of Institution
RDS,DimPsInstitutionStatuses,ControlOfInstitutionDescription,nvarchar,nvarchar(400),000048,Control of Institution
RDS,DimPsInstitutionStatuses,VirtualIndicatorCode,nvarchar,nvarchar(100),001160,Virtual Indicator
RDS,DimPsInstitutionStatuses,VirtualIndicatorDescription,nvarchar,nvarchar(400),001160,Virtual Indicator
RDS,DimPsInstitutionStatuses,CarnegieBasicClassificationCode,nvarchar,nvarchar(100),000038,Carnegie Basic Classification
RDS,DimPsInstitutionStatuses,CarnegieBasicClassificationDescription,nvarchar,nvarchar(400),000038,Carnegie Basic Classification
RDS,DimPsInstitutionStatuses,MostPrevalentLevelOfInstitutionCode,nvarchar,nvarchar(100),NULL,NULL
RDS,DimPsInstitutionStatuses,MostPrevalentLevelOfInstitutionDescription,nvarchar,nvarchar(400),NULL,NULL
RDS,DimPsInstitutionStatuses,PredominantCalendarSystemCode,nvarchar,nvarchar(100),000729,Predominant Calendar System
RDS,DimPsInstitutionStatuses,PredominantCalendarSystemDescription,nvarchar,nvarchar(400),000729,Predominant Calendar System
RDS,DimRaces,DimRaceId,int,int,NULL,NULL
RDS,DimRaces,RaceCode,nvarchar,nvarchar(100),001943,Race
RDS,DimRaces,RaceDescription,nvarchar,nvarchar(400),001943,Race
RDS,DimRaces,RaceEdFactsCode,nvarchar,nvarchar(200),001943,Race
RDS,DimReasonApplicabilities,DimReasonApplicabilityId,int,int,NULL,NULL
RDS,DimReasonApplicabilities,ReasonApplicabilityCode,varchar,varchar(50),NULL,NULL
RDS,DimReasonApplicabilities,ReasonApplicabilityDescription,varchar,varchar(200),NULL,NULL
RDS,DimReasonApplicabilities,ReasonApplicabilityEdFactsCode,varchar,varchar(50),NULL,NULL
RDS,DimResponsibleOrganizationTypes,DimResponsibleOrganizationTypeId,int,int,NULL,NULL
RDS,DimResponsibleOrganizationTypes,ResponsibleDistrictTypeCode,nvarchar,nvarchar(100),000594,Responsible District Type
RDS,DimResponsibleOrganizationTypes,ResponsibleDistrictTypeDescription,nvarchar,nvarchar(400),000594,Responsible District Type
RDS,DimResponsibleOrganizationTypes,ResponsibleSchoolTypeCode,nvarchar,nvarchar(100),000595,Responsible School Type
RDS,DimResponsibleOrganizationTypes,ResponsibleSchoolTypeDescription,nvarchar,nvarchar(400),000595,Responsible School Type
RDS,DimResponsibleSchoolTypes,DimResponsibleSchoolTypeId,int,int,NULL,NULL
RDS,DimResponsibleSchoolTypes,ResponsibleSchoolTypeAccountability,nvarchar,nvarchar(200),000595,Responsible School Type
RDS,DimResponsibleSchoolTypes,ResponsibleSchoolTypeAccountabilityCode,nvarchar,nvarchar(600),000595,Responsible School Type
RDS,DimResponsibleSchoolTypes,ResponsibleSchoolTypeAccountabilityDescription,nvarchar,nvarchar(2000),000595,Responsible School Type
RDS,DimResponsibleSchoolTypes,ResponsibleSchoolTypeAttendance,nvarchar,nvarchar(20),000595,Responsible School Type
RDS,DimResponsibleSchoolTypes,ResponsibleSchoolTypeAttendanceCode,nvarchar,nvarchar(200),000595,Responsible School Type
RDS,DimResponsibleSchoolTypes,ResponsibleSchoolTypeAttendanceDescription,nvarchar,nvarchar(2000),000595,Responsible School Type
RDS,DimResponsibleSchoolTypes,ResponsibleSchoolTypeFunding,nvarchar,nvarchar(20),000595,Responsible School Type
RDS,DimResponsibleSchoolTypes,ResponsibleSchoolTypeFundingCode,nvarchar,nvarchar(200),000595,Responsible School Type
RDS,DimResponsibleSchoolTypes,ResponsibleSchoolTypeFundingDescription,nvarchar,nvarchar(2000),000595,Responsible School Type
RDS,DimResponsibleSchoolTypes,ResponsibleSchoolTypeGraduation,nvarchar,nvarchar(20),000595,Responsible School Type
RDS,DimResponsibleSchoolTypes,ResponsibleSchoolTypeGraduationCode,nvarchar,nvarchar(200),000595,Responsible School Type
RDS,DimResponsibleSchoolTypes,ResponsibleSchoolTypeGraduationDescription,nvarchar,nvarchar(2000),000595,Responsible School Type
RDS,DimResponsibleSchoolTypes,ResponsibleSchoolTypeIndividualizedEducationProgram,nvarchar,nvarchar(20),000595,Responsible School Type
RDS,DimResponsibleSchoolTypes,ResponsibleSchoolTypeIndividualizedEducationProgramCode,nvarchar,nvarchar(200),000595,Responsible School Type
RDS,DimResponsibleSchoolTypes,ResponsibleSchoolTypeIndividualizedEducationProgramDescription,nvarchar,nvarchar(2000),000595,Responsible School Type
RDS,DimResponsibleSchoolTypes,ResponsibleSchoolTypeTransportation,nvarchar,nvarchar(20),000595,Responsible School Type
RDS,DimResponsibleSchoolTypes,ResponsibleSchoolTypeTransportationCode,nvarchar,nvarchar(200),000595,Responsible School Type
RDS,DimResponsibleSchoolTypes,ResponsibleSchoolTypeTransportationDescription,nvarchar,nvarchar(2000),000595,Responsible School Type
RDS,DimResponsibleSchoolTypes,ResponsibleSchoolTypeIepServiceProvider,nvarchar,nvarchar(20),000595,Responsible School Type
RDS,DimResponsibleSchoolTypes,ResponsibleSchoolTypeIepServiceProviderCode,nvarchar,nvarchar(200),000595,Responsible School Type
RDS,DimResponsibleSchoolTypes,ResponsibleSchoolTypeIepServiceProviderDescription,nvarchar,nvarchar(2000),000595,Responsible School Type
RDS,DimSalaryScheduleCriteria,DimSalaryScheduleCriteriaId,int,int,NULL,NULL
RDS,DimSalaryScheduleCriteria,SalaryScheduleCriterionName,nvarchar,nvarchar(200),TBD V12,Salary Schedule Criterion Name
RDS,DimSalaryScheduleCriteria,SalaryScheduleCriterionDescription,nvarchar,nvarchar(8000),TBD V12,Salary Schedule Criterion Description
RDS,DimSalaryScheduleCriteria,SalaryScheduleCriterionValue,nvarchar,nvarchar(200),TBD V12,Salary Schedule Criterion Value
RDS,DimScedCodes,DimScedCodeId,int,int,NULL,NULL
RDS,DimScedCodes,ScedCourseCode,nchar,nchar(10),001517,School Courses for the Exchange of Data Course Code
RDS,DimScedCodes,ScedCourseTitle,nvarchar,nvarchar(100),000067,Course Title
RDS,DimScedCodes,ScedCourseCodeDescription,nvarchar,nvarchar(4000),001517,School Courses for the Exchange of Data Course Code
RDS,DimScedCodes,ScedCourseLevelCode,nvarchar,nvarchar(100),001516,School Courses for the Exchange of Data Course Level
RDS,DimScedCodes,ScedCourseLevelDescription,nvarchar,nvarchar(400),001516,School Courses for the Exchange of Data Course Level
RDS,DimScedCodes,ScedCourseSubjectAreaCode,nvarchar,nvarchar(100),001518,School Courses for the Exchange of Data Course Subject Area
RDS,DimScedCodes,ScedCourseSubjectAreaDescription,nvarchar,nvarchar(400),001518,School Courses for the Exchange of Data Course Subject Area
RDS,DimScedCodes,ScedGradeSpan,nchar,nchar(8),001480,School Courses for the Exchange of Data Grade Span
RDS,DimScedCodes,ScedSequenceOfCourse,nchar,nchar(20),000250,School Courses for the Exchange of Data Sequence of Course
RDS,DimSchoolPerformanceIndicatorCategories,DimSchoolPerformanceIndicatorCategoryId,int,int,NULL,NULL
RDS,DimSchoolPerformanceIndicatorCategories,SchoolPerformanceIndicatorCategoryCode,nvarchar,nvarchar(100),NULL,NULL
RDS,DimSchoolPerformanceIndicatorCategories,SchoolPerformanceIndicatorCategoryDescription,nvarchar,nvarchar(400),NULL,NULL
RDS,DimSchoolPerformanceIndicatorCategories,SchoolPerformanceIndicatorCategoryEdFactsCode,varchar,varchar(50),NULL,NULL
RDS,DimSchoolPerformanceIndicators,DimSchoolPerformanceIndicatorId,int,int,NULL,NULL
RDS,DimSchoolPerformanceIndicators,SchoolPerformanceIndicatorTypeCode,varchar,varchar(50),NULL,NULL
RDS,DimSchoolPerformanceIndicators,SchoolPerformanceIndicatorTypeDescription,varchar,varchar(200),NULL,NULL
RDS,DimSchoolPerformanceIndicators,SchoolPerformanceIndicatorTypeEdFactsCode,varchar,varchar(50),NULL,NULL
RDS,DimSchoolPerformanceIndicatorStateDefinedStatuses,DimSchoolPerformanceIndicatorStateDefinedStatusId,int,int,NULL,NULL
RDS,DimSchoolPerformanceIndicatorStateDefinedStatuses,SchoolPerformanceIndicatorStateDefinedStatusCode,nvarchar,nvarchar(100),NULL,NULL
RDS,DimSchoolPerformanceIndicatorStateDefinedStatuses,SchoolPerformanceIndicatorStateDefinedStatusDescription,nvarchar,nvarchar(400),NULL,NULL
RDS,DimSchoolQualityOrStudentSuccessIndicators,DimSchoolQualityOrStudentSuccessIndicatorId,int,int,NULL,NULL
RDS,DimSchoolQualityOrStudentSuccessIndicators,SchoolQualityOrStudentSuccessIndicatorTypeCode,nvarchar,nvarchar(100),NULL,NULL
RDS,DimSchoolQualityOrStudentSuccessIndicators,SchoolQualityOrStudentSuccessIndicatorTypeDescription,nvarchar,nvarchar(400),NULL,NULL
RDS,DimSchoolQualityOrStudentSuccessIndicators,SchoolQualityOrStudentSuccessIndicatorTypeEdFactsCode,nvarchar,nvarchar(100),NULL,NULL
RDS,DimSchoolYearDataMigrationTypes,DimSchoolYearId,int,int,NULL,NULL
RDS,DimSchoolYearDataMigrationTypes,DataMigrationTypeId,int,int,NULL,NULL
RDS,DimSchoolYearDataMigrationTypes,IsSelected,bit,bit,NULL,NULL
RDS,DimSchoolYears,DimSchoolYearId,int,int,NULL,NULL
RDS,DimSchoolYears,SchoolYear,smallint,smallint,000243,School Year
RDS,DimSchoolYears,SessionBeginDate,datetime,datetime,000251,Session Begin Date
RDS,DimSchoolYears,SessionEndDate,datetime,datetime,000253,Session End Date
RDS,DimSeaFinancialAccountBalances,DimSeaFinancialAccountBalanceId,int,int,NULL,NULL
RDS,DimSeaFinancialAccountBalances,FinancialAccountCodingSystemOrganizationTypeCode,nvarchar,nvarchar(100),002011,Financial Account Coding System Organization Type
RDS,DimSeaFinancialAccountBalances,FinancialAccountCodingSystemOrganizationTypeDescription,nvarchar,nvarchar(300),002011,Financial Account Coding System Organization Type
RDS,DimSeaFinancialAccountBalances,FinancialAccountLocalBalanceSheetCodeCode,nvarchar,nvarchar(100),002007,Financial Account Local Balance Sheet Code
RDS,DimSeaFinancialAccountBalances,FinancialAccountLocalBalanceSheetCodeDescription,nvarchar,nvarchar(300),002007,Financial Account Local Balance Sheet Code
RDS,DimSeaFinancialAccountClassifications,DimSeaFinancialAccountClassificationId,int,int,NULL,NULL
RDS,DimSeaFinancialAccountClassifications,FinancialAccountCodingSystemOrganizationTypeCode,nvarchar,nvarchar(100),002011,Financial Account Coding System Organization Type
RDS,DimSeaFinancialAccountClassifications,FinancialAccountCodingSystemOrganizationTypeDescription,nvarchar,nvarchar(300),002011,Financial Account Coding System Organization Type
RDS,DimSeaFinancialAccountClassifications,FinancialAccountCategoryCode,nvarchar,nvarchar(100),001345,Financial Account Category
RDS,DimSeaFinancialAccountClassifications,FinancialAccountCategoryDescription,nvarchar,nvarchar(300),001345,Financial Account Category
RDS,DimSeaFinancialAccountClassifications,FinancialAccountLocalProgramCodeCode,nvarchar,nvarchar(100),002009,Financial Account Local Program Code
RDS,DimSeaFinancialAccountClassifications,FinancialAccountLocalProgramCodeDescription,nvarchar,nvarchar(300),002009,Financial Account Local Program Code
RDS,DimSeaFinancialAccountClassifications,FinancialAccountLocalFundClassificationCode,nvarchar,nvarchar(100),002008,Financial Account Local Fund Classification
RDS,DimSeaFinancialAccountClassifications,FinancialAccountLocalFundClassificationDescription,nvarchar,nvarchar(300),002008,Financial Account Local Fund Classification
RDS,DimSeaFinancialExpenditureClassifications,DimSeaFinancialExpenditureClassificationId,int,int,NULL,NULL
RDS,DimSeaFinancialExpenditureClassifications,FinancialAccountCodingSystemOrganizationTypeCode,nvarchar,nvarchar(100),002011,Financial Account Coding System Organization Type
RDS,DimSeaFinancialExpenditureClassifications,FinancialAccountCodingSystemOrganizationTypeDescription,nvarchar,nvarchar(300),002011,Financial Account Coding System Organization Type
RDS,DimSeaFinancialExpenditureClassifications,FinancialExpenditureLocalFunctionCodeCode,nvarchar,nvarchar(100),002004,Financial Expenditure Local Function Code
RDS,DimSeaFinancialExpenditureClassifications,FinancialExpenditureLocalFunctionCodeDescription,nvarchar,nvarchar(300),002004,Financial Expenditure Local Function Code
RDS,DimSeaFinancialExpenditureClassifications,FinancialExpenditureLocalObjectCodeCode,nvarchar,nvarchar(100),002005,Financial Expenditure Local Object Code
RDS,DimSeaFinancialExpenditureClassifications,FinancialExpenditureLocalObjectCodeDescription,nvarchar,nvarchar(300),002005,Financial Expenditure Local Object Code
RDS,DimSeaFinancialExpenditureClassifications,FinancialExpenditureLocalLevelOfInstructionCodeCode,nvarchar,nvarchar(100),001555,Financial Expenditure Local Level of Instruction Code
RDS,DimSeaFinancialExpenditureClassifications,FinancialExpenditureLocalLevelOfInstructionCodeDescription,nvarchar,nvarchar(300),001555,Financial Expenditure Local Level of Instruction Code
RDS,DimSeaFinancialExpenditureClassifications,FinancialExpenditureProjectReportingCodeCode,nvarchar,nvarchar(100),001556,Financial Expenditure Project Reporting Code
RDS,DimSeaFinancialExpenditureClassifications,FinancialExpenditureProjectReportingCodeDescription,nvarchar,nvarchar(300),001556,Financial Expenditure Project Reporting Code
RDS,DimSeaFinancialRevenueClassifications,DimSeaFinancialRevenueClassificationId,int,int,NULL,NULL
RDS,DimSeaFinancialRevenueClassifications,FinancialAccountCodingSystemOrganizationTypeCode,nvarchar,nvarchar(100),002011,Financial Account Coding System Organization Type
RDS,DimSeaFinancialRevenueClassifications,FinancialAccountCodingSystemOrganizationTypeDescription,nvarchar,nvarchar(300),002011,Financial Account Coding System Organization Type
RDS,DimSeaFinancialRevenueClassifications,FinancialAccountLocalRevenueCodeCode,nvarchar,nvarchar(100),002003,Financial Account Local Revenue Code
RDS,DimSeaFinancialRevenueClassifications,FinancialAccountLocalRevenueCodeDescription,nvarchar,nvarchar(300),002003,Financial Account Local Revenue Code
RDS,DimSeas,DimSeaId,int,int,NULL,NULL
RDS,DimSeas,SeaOrganizationName,nvarchar,nvarchar(2000),000204,Organization Name
RDS,DimSeas,SeaOrganizationIdentifierSea,nvarchar,nvarchar(100),001490,State Agency Identifier
RDS,DimSeas,StateAnsiCode,nvarchar,nvarchar(20),000424,State ANSI Code
RDS,DimSeas,StateAbbreviationCode,nvarchar,nvarchar(20),000267,State Abbreviation
RDS,DimSeas,StateAbbreviationDescription,nvarchar,nvarchar(2000),000267,State Abbreviation
RDS,DimSeas,MailingAddressCity,nvarchar,nvarchar(60),000040,Address City
RDS,DimSeas,MailingAddressPostalCode,nvarchar,nvarchar(34),000214,Address Postal Code
RDS,DimSeas,MailingAddressStateAbbreviation,nvarchar,nvarchar(100),000267,State Abbreviation
RDS,DimSeas,MailingAddressStreetNumberAndName,nvarchar,nvarchar(80),000269,Address Street Number and Name
RDS,DimSeas,PhysicalAddressCity,nvarchar,nvarchar(60),000040,Address City
RDS,DimSeas,PhysicalAddressPostalCode,nvarchar,nvarchar(34),000214,Address Postal Code
RDS,DimSeas,PhysicalAddressStateAbbreviation,nvarchar,nvarchar(100),000267,State Abbreviation
RDS,DimSeas,PhysicalAddressStreetNumberAndName,nvarchar,nvarchar(80),000269,Address Street Number and Name
RDS,DimSeas,TelephoneNumber,nvarchar,nvarchar(48),000279,Telephone Number
RDS,DimSeas,WebSiteAddress,nvarchar,nvarchar(600),000704,Web Site Address
RDS,DimSeas,RecordStartDateTime,datetime,datetime,001917,Record Start Date Time
RDS,DimSeas,RecordEndDateTime,datetime,datetime,001918,Record End Date Time
RDS,DimSeas,MailingAddressApartmentRoomOrSuiteNumber,varchar,varchar(40),000019,Address Apartment Room or Suite Number
RDS,DimSeas,PhysicalAddressApartmentRoomOrSuiteNumber,varchar,varchar(40),000019,Address Apartment Room or Suite Number
RDS,DimSeas,MailingAddressCountyAnsiCodeCode,char,char(5),001209,County ANSI Code
RDS,DimSeas,PhysicalAddressCountyAnsiCodeCode,char,char(5),001209,County ANSI Code
RDS,DimStandardOccupationalClassifications,DimStandardOccupationalClassificationId,int,int,NULL,NULL
RDS,DimStandardOccupationalClassifications,StandardOccupationalClassificationCode,nvarchar,nvarchar(200),000730,Standard Occupational Classification
RDS,DimStandardOccupationalClassifications,StandardOccupationalClassificationDescription,nvarchar,nvarchar(8000),000730,Standard Occupational Classification
RDS,DimStateDefinedCustomIndicators,DimStateDefinedCustomIndicatorId,int,int,NULL,NULL
RDS,DimStateDefinedCustomIndicators,StateDefinedCustomIndicatorCode,nvarchar,nvarchar(100),NULL,NULL
RDS,DimStateDefinedCustomIndicators,StateDefinedCustomIndicatorDescription,nvarchar,nvarchar(400),NULL,NULL
RDS,DimStateDefinedStatuses,DimStateDefinedStatusId,int,int,NULL,NULL
RDS,DimStateDefinedStatuses,StateDefinedStatusCode,nvarchar,nvarchar(100),NULL,NULL
RDS,DimStateDefinedStatuses,StateDefinedStatusDescription,nvarchar,nvarchar(400),NULL,NULL
RDS,DimSubgroups,DimSubgroupId,int,int,NULL,NULL
RDS,DimSubgroups,SubgroupElementName,varchar,varchar(50),NULL,NULL
RDS,DimSubgroups,SubgroupCode,varchar,varchar(50),NULL,NULL
RDS,DimSubgroups,SubgroupDescription,varchar,varchar(200),NULL,NULL
RDS,DimSubgroups,SubgroupEdFactsCode,varchar,varchar(50),NULL,NULL
RDS,DimTitleIIIStatuses,DimTitleIIIStatusId,int,int,NULL,NULL
RDS,DimTitleIIIStatuses,ProgramParticipationTitleIIILiepCode,nvarchar,nvarchar(100),NULL,NULL
RDS,DimTitleIIIStatuses,ProgramParticipationTitleIIILiepDescription,nvarchar,nvarchar(400),NULL,NULL
RDS,DimTitleIIIStatuses,TitleIIIImmigrantParticipationStatusCode,nvarchar,nvarchar(100),000290,Title III Immigrant Participation Status
RDS,DimTitleIIIStatuses,TitleIIIImmigrantParticipationStatusDescription,nvarchar,nvarchar(400),000290,Title III Immigrant Participation Status
RDS,DimTitleIIIStatuses,TitleIIIImmigrantParticipationStatusEdFactsCode,nvarchar,nvarchar(100),000290,Title III Immigrant Participation Status
RDS,DimTitleIIIStatuses,ProficiencyStatusCode,nvarchar,nvarchar(100),000573,Proficiency Status
RDS,DimTitleIIIStatuses,ProficiencyStatusDescription,nvarchar,nvarchar(200),000573,Proficiency Status
RDS,DimTitleIIIStatuses,ProficiencyStatusEdFactsCode,nvarchar,nvarchar(100),000573,Proficiency Status
RDS,DimTitleIIIStatuses,TitleIIIAccountabilityProgressStatusCode,nvarchar,nvarchar(100),000536,Title III Accountability Progress Status
RDS,DimTitleIIIStatuses,TitleIIIAccountabilityProgressStatusDescription,nvarchar,nvarchar(200),000536,Title III Accountability Progress Status
RDS,DimTitleIIIStatuses,TitleIIIAccountabilityProgressStatusEdFactsCode,nvarchar,nvarchar(100),000536,Title III Accountability Progress Status
RDS,DimTitleIIIStatuses,TitleIIILanguageInstructionProgramTypeCode,nvarchar,nvarchar(100),000447,Title III Language Instruction Program Type
RDS,DimTitleIIIStatuses,TitleIIILanguageInstructionProgramTypeDescription,nvarchar,nvarchar(200),000447,Title III Language Instruction Program Type
RDS,DimTitleIIIStatuses,TitleIIILanguageInstructionProgramTypeEdFactsCode,nvarchar,nvarchar(100),000447,Title III Language Instruction Program Type
RDS,DimTitleIStatuses,DimTitleIStatusId,int,int,NULL,NULL
RDS,DimTitleIStatuses,TitleIInstructionalServicesCode,nvarchar,nvarchar(100),000282,Title I Instructional Services
RDS,DimTitleIStatuses,TitleIInstructionalServicesDescription,nvarchar,nvarchar(200),000282,Title I Instructional Services
RDS,DimTitleIStatuses,TitleIInstructionalServicesEdFactsCode,nvarchar,nvarchar(100),000282,Title I Instructional Services
RDS,DimTitleIStatuses,TitleIProgramTypeCode,nvarchar,nvarchar(100),000284,Title I Program Type
RDS,DimTitleIStatuses,TitleIProgramTypeDescription,nvarchar,nvarchar(200),000284,Title I Program Type
RDS,DimTitleIStatuses,TitleIProgramTypeEdFactsCode,nvarchar,nvarchar(100),000284,Title I Program Type
RDS,DimTitleIStatuses,TitleISchoolStatusCode,nvarchar,nvarchar(100),000285,Title I School Status
RDS,DimTitleIStatuses,TitleISchoolStatusDescription,nvarchar,nvarchar(200),000285,Title I School Status
RDS,DimTitleIStatuses,TitleISchoolStatusEdFactsCode,nvarchar,nvarchar(100),000285,Title I School Status
RDS,DimTitleIStatuses,TitleISupportServicesCode,nvarchar,nvarchar(100),000289,Title I Support Services
RDS,DimTitleIStatuses,TitleISupportServicesDescription,nvarchar,nvarchar(200),000289,Title I Support Services
RDS,DimTitleIStatuses,TitleISupportServicesEdFactsCode,nvarchar,nvarchar(100),000289,Title I Support Services
RDS,FactAeStudentEnrollments,FactAeStudentEnrollmentId,int,int,NULL,NULL
RDS,FactAeStudentEnrollments,AeProgramYearId,int,int,NULL,NULL
RDS,FactAeStudentEnrollments,DataCollectionId,int,int,NULL,NULL
RDS,FactAeStudentEnrollments,AeStudentId,bigint,bigint,NULL,NULL
RDS,FactAeStudentEnrollments,AeProviderId,int,int,NULL,NULL
RDS,FactAeStudentEnrollments,AeProgramTypeId,int,int,000225,Program Type
RDS,FactAeStudentEnrollments,AeStudentStatusId,int,int,NULL,NULL
RDS,FactAeStudentEnrollments,ApplicationDateId,int,int,000323,Application Date
RDS,FactAeStudentEnrollments,EnrollmentEntryDateId,int,int,000097,Enrollment Entry Date
RDS,FactAeStudentEnrollments,EnrollmentExitDateId,int,int,000107,Enrollment Exit Date
RDS,FactAeStudentEnrollments,AePostsecondaryTransitionDateId,int,int,001081,Adult Education Postsecondary Transition Date
RDS,FactAeStudentEnrollments,AeDemographicId,int,int,NULL,NULL
RDS,FactAeStudentEnrollments,K12DiplomaOrCredentialAwardDateId,int,int,000081,Diploma or Credential Award Date
RDS,FactAeStudentEnrollments,K12AcademicAwardStatusId,int,int,NULL,NULL
RDS,FactAeStudentEnrollments,QuarterlyEarningsAfterExitQ1,decimal,"decimal(9,2)",000989,Quarterly Earnings
RDS,FactAeStudentEnrollments,QuarterlyEarningsAfterExitQ2,decimal,"decimal(9,2)",000989,Quarterly Earnings
RDS,FactAeStudentEnrollments,QuarterlyEarningsAfterExitQ3,decimal,"decimal(9,2)",000989,Quarterly Earnings
RDS,FactAeStudentEnrollments,QuarterlyEarningsAfterExitQ4,decimal,"decimal(9,2)",000989,Quarterly Earnings
RDS,FactAeStudentEnrollments,QuarterlyEarningsAfterExitQ5,decimal,"decimal(9,2)",000989,Quarterly Earnings
RDS,FactAeStudentEnrollments,QuarterlyEarningsAfterExitQ6,decimal,"decimal(9,2)",000989,Quarterly Earnings
RDS,FactAeStudentEnrollments,QuarterlyEarningsAfterExitQ7,decimal,"decimal(9,2)",000989,Quarterly Earnings
RDS,FactAeStudentEnrollments,QuarterlyEarningsAfterExitQ8,decimal,"decimal(9,2)",000989,Quarterly Earnings
RDS,FactAeStudentEnrollments,QuarterlyEarningsAfterExitQ9,decimal,"decimal(9,2)",000989,Quarterly Earnings
RDS,FactAeStudentEnrollments,QuarterlyEarningsAfterExitQ10,decimal,"decimal(9,2)",000989,Quarterly Earnings
RDS,FactAeStudentEnrollments,QuarterlyEarningsAfterExitQ11,decimal,"decimal(9,2)",000989,Quarterly Earnings
RDS,FactAeStudentEnrollments,QuarterlyEarningsAfterExitQ12,decimal,"decimal(9,2)",000989,Quarterly Earnings
RDS,FactAeStudentEnrollments,QuarterlyEarningsAfterExitQ13,decimal,"decimal(9,2)",000989,Quarterly Earnings
RDS,FactAeStudentEnrollments,InstructionalActivityHoursCompleted,decimal,"decimal(9,2)",000362,Instructional Activity Hours Completed
RDS,FactAeStudentEnrollments,StudentCount,int,int,NULL,NULL
RDS,FactCustomCounts,FactCustomCountId,int,int,NULL,NULL
RDS,FactCustomCounts,Category1,nvarchar,nvarchar(200),NULL,NULL
RDS,FactCustomCounts,CategorySetCode,nvarchar,nvarchar(80),NULL,NULL
RDS,FactCustomCounts,Col_1,decimal,"decimal(18,2)",NULL,NULL
RDS,FactCustomCounts,Col_10,decimal,"decimal(18,2)",NULL,NULL
RDS,FactCustomCounts,Col_10a,decimal,"decimal(18,2)",NULL,NULL
RDS,FactCustomCounts,Col_10b,decimal,"decimal(18,2)",NULL,NULL
RDS,FactCustomCounts,Col_11,decimal,"decimal(18,2)",NULL,NULL
RDS,FactCustomCounts,Col_11a,decimal,"decimal(18,2)",NULL,NULL
RDS,FactCustomCounts,Col_11b,decimal,"decimal(18,2)",NULL,NULL
RDS,FactCustomCounts,Col_11c,decimal,"decimal(18,2)",NULL,NULL
RDS,FactCustomCounts,Col_11d,decimal,"decimal(18,2)",NULL,NULL
RDS,FactCustomCounts,Col_11e,decimal,"decimal(18,2)",NULL,NULL
RDS,FactCustomCounts,Col_12,decimal,"decimal(18,2)",NULL,NULL
RDS,FactCustomCounts,Col_12a,decimal,"decimal(18,2)",NULL,NULL
RDS,FactCustomCounts,Col_12b,decimal,"decimal(18,2)",NULL,NULL
RDS,FactCustomCounts,Col_13,decimal,"decimal(18,2)",NULL,NULL
RDS,FactCustomCounts,Col_14,decimal,"decimal(18,2)",NULL,NULL
RDS,FactCustomCounts,Col_14a,decimal,"decimal(18,2)",NULL,NULL
RDS,FactCustomCounts,Col_14b,decimal,"decimal(18,2)",NULL,NULL
RDS,FactCustomCounts,Col_14c,decimal,"decimal(18,2)",NULL,NULL
RDS,FactCustomCounts,Col_14d,decimal,"decimal(18,2)",NULL,NULL
RDS,FactCustomCounts,Col_15,decimal,"decimal(18,2)",NULL,NULL
RDS,FactCustomCounts,Col_16,decimal,"decimal(18,2)",NULL,NULL
RDS,FactCustomCounts,Col_17,decimal,"decimal(18,2)",NULL,NULL
RDS,FactCustomCounts,Col_18,decimal,"decimal(18,2)",NULL,NULL
RDS,FactCustomCounts,Col_2,decimal,"decimal(18,2)",NULL,NULL
RDS,FactCustomCounts,Col_3,decimal,"decimal(18,2)",NULL,NULL
RDS,FactCustomCounts,Col_4,decimal,"decimal(18,2)",NULL,NULL
RDS,FactCustomCounts,Col_5,decimal,"decimal(18,2)",NULL,NULL
RDS,FactCustomCounts,Col_6,decimal,"decimal(18,2)",NULL,NULL
RDS,FactCustomCounts,Col_7,decimal,"decimal(18,2)",NULL,NULL
RDS,FactCustomCounts,Col_8,decimal,"decimal(18,2)",NULL,NULL
RDS,FactCustomCounts,Col_9,decimal,"decimal(18,2)",NULL,NULL
RDS,FactCustomCounts,OrganizationName,nvarchar,nvarchar(2000),000204,Organization Name
RDS,FactCustomCounts,OrganizationIdentifierNces,nvarchar,nvarchar(200),000826,Organization Identifier
RDS,FactCustomCounts,OrganizationIdentifierSea,nvarchar,nvarchar(200),000826,Organization Identifier
RDS,FactCustomCounts,ParentOrganizationIdentifierSea,nvarchar,nvarchar(200),000826,Organization Identifier
RDS,FactCustomCounts,ReportCode,nvarchar,nvarchar(80),NULL,NULL
RDS,FactCustomCounts,ReportLevel,nvarchar,nvarchar(80),NULL,NULL
RDS,FactCustomCounts,ReportYear,nvarchar,nvarchar(80),NULL,NULL
RDS,FactCustomCounts,StateANSICode,nvarchar,nvarchar(200),000424,State ANSI Code
RDS,FactCustomCounts,StateAbbreviationCode,nvarchar,nvarchar(200),000267,State Abbreviation
RDS,FactCustomCounts,StateAbbreviationDescription,nvarchar,nvarchar(1000),000267,State Abbreviation
RDS,FactCustomCounts,ReportFilter,nvarchar,nvarchar(200),NULL,NULL
RDS,FactCustomCounts,col_18a,decimal,"decimal(18,2)",NULL,NULL
RDS,FactCustomCounts,col_18b,decimal,"decimal(18,2)",NULL,NULL
RDS,FactCustomCounts,col_18c,decimal,"decimal(18,2)",NULL,NULL
RDS,FactCustomCounts,col_18d,decimal,"decimal(18,2)",NULL,NULL
RDS,FactCustomCounts,col_18e,decimal,"decimal(18,2)",NULL,NULL
RDS,FactCustomCounts,col_18f,decimal,"decimal(18,2)",NULL,NULL
RDS,FactCustomCounts,col_18g,decimal,"decimal(18,2)",NULL,NULL
RDS,FactCustomCounts,col_18h,decimal,"decimal(18,2)",NULL,NULL
RDS,FactCustomCounts,col_18i,decimal,"decimal(18,2)",NULL,NULL
RDS,FactCustomCounts,Category2,varchar,varchar(50),NULL,NULL
RDS,FactCustomCounts,Category3,varchar,varchar(50),NULL,NULL
RDS,FactCustomCounts,Category4,varchar,varchar(50),NULL,NULL
RDS,FactK12FinancialAccountBalances,FactK12FinancialAccountBalanceId,bigint,bigint,NULL,NULL
RDS,FactK12FinancialAccountBalances,SeaId,int,int,NULL,NULL
RDS,FactK12FinancialAccountBalances,IeuId,int,int,NULL,NULL
RDS,FactK12FinancialAccountBalances,LeaId,int,int,NULL,NULL
RDS,FactK12FinancialAccountBalances,K12SchoolId,int,int,NULL,NULL
RDS,FactK12FinancialAccountBalances,FinancialAccountingDateId,int,int,NULL,NULL
RDS,FactK12FinancialAccountBalances,FiscalYearId,int,int,NULL,NULL
RDS,FactK12FinancialAccountBalances,FederalFinancialAccountBalanceId,int,int,NULL,NULL
RDS,FactK12FinancialAccountBalances,SeaFinancialAccountBalanceId,int,int,NULL,NULL
RDS,FactK12FinancialAccountBalances,LeaFinancialAccountBalanceId,int,int,NULL,NULL
RDS,FactK12FinancialAccountBalances,FederalFinancialAccountClassificationId,int,int,NULL,NULL
RDS,FactK12FinancialAccountBalances,SeaFinancialAccountClassificationId,int,int,NULL,NULL
RDS,FactK12FinancialAccountBalances,LeaFinancialAccountClassificationId,int,int,NULL,NULL
RDS,FactK12FinancialAccountBalances,FederalFinancialAccountId,int,int,NULL,NULL
RDS,FactK12FinancialAccountBalances,SeaFinancialAccountId,int,int,NULL,NULL
RDS,FactK12FinancialAccountBalances,LeaFinancialAccountId,int,int,NULL,NULL
RDS,FactK12FinancialAccountBalances,FederalProgramCodeId,int,int,NULL,NULL
RDS,FactK12FinancialAccountBalances,FinancialAccountingValue,decimal,"decimal(9,2)",001647,Financial Accounting Value
RDS,FactK12FinancialAccountBudgets,FactK12FinancialAccountBudgetId,bigint,bigint,NULL,NULL
RDS,FactK12FinancialAccountBudgets,SeaId,int,int,NULL,NULL
RDS,FactK12FinancialAccountBudgets,IeuId,int,int,NULL,NULL
RDS,FactK12FinancialAccountBudgets,LeaId,int,int,NULL,NULL
RDS,FactK12FinancialAccountBudgets,K12SchoolId,int,int,NULL,NULL
RDS,FactK12FinancialAccountBudgets,FinancialAccountingDateId,int,int,NULL,NULL
RDS,FactK12FinancialAccountBudgets,FiscalYearId,int,int,NULL,NULL
RDS,FactK12FinancialAccountBudgets,FiscalPeriodId,int,int,NULL,NULL
RDS,FactK12FinancialAccountBudgets,FederalFinancialAccountBalanceId,int,int,NULL,NULL
RDS,FactK12FinancialAccountBudgets,SeaFinancialAccountBalanceId,int,int,NULL,NULL
RDS,FactK12FinancialAccountBudgets,LeaFinancialAccountBalanceId,int,int,NULL,NULL
RDS,FactK12FinancialAccountBudgets,FederalFinancialAccountClassificationId,int,int,NULL,NULL
RDS,FactK12FinancialAccountBudgets,SeaFinancialAccountClassificationId,int,int,NULL,NULL
RDS,FactK12FinancialAccountBudgets,LeaFinancialAccountClassificationId,int,int,NULL,NULL
RDS,FactK12FinancialAccountBudgets,FederalFinancialAccountId,int,int,NULL,NULL
RDS,FactK12FinancialAccountBudgets,SeaFinancialAccountId,int,int,NULL,NULL
RDS,FactK12FinancialAccountBudgets,LeaFinancialAccountId,int,int,NULL,NULL
RDS,FactK12FinancialAccountBudgets,FederalFinancialExpenditureClassificationId,int,int,NULL,NULL
RDS,FactK12FinancialAccountBudgets,SeaFinancialExpenditureClassificationId,int,int,NULL,NULL
RDS,FactK12FinancialAccountBudgets,LeaFinancialExpenditureClassificationId,int,int,NULL,NULL
RDS,FactK12FinancialAccountBudgets,FederalFinancialRevenueClassificationId,int,int,NULL,NULL
RDS,FactK12FinancialAccountBudgets,SeaFinancialRevenueClassificationId,int,int,NULL,NULL
RDS,FactK12FinancialAccountBudgets,LeaFinancialRevenueClassificationId,int,int,NULL,NULL
RDS,FactK12FinancialAccountBudgets,FederalProgramCodeId,int,int,NULL,NULL
RDS,FactK12FinancialAccountBudgets,FinancialAccountingPeriodBudgetedValue,decimal,"decimal(9,2)",001351,Financial Accounting Period Budgeted Value
RDS,FactK12FinancialAccountBudgets,FinancialAccountingPeriodEncumberedValue,decimal,"decimal(9,2)",001644,Financial Accounting Period Encumbered Value
RDS,FactK12FinancialAccountBudgets,FinancialAccountingPeriodActualValue,decimal,"decimal(9,2)",001350,Financial Accounting Period Actual Value
RDS,FactK12FinancialAccountGeneralLedgers,FactK12FinancialAccountGeneralLedgerId,bigint,bigint,NULL,NULL
RDS,FactK12FinancialAccountGeneralLedgers,SeaId,int,int,NULL,NULL
RDS,FactK12FinancialAccountGeneralLedgers,IeuId,int,int,NULL,NULL
RDS,FactK12FinancialAccountGeneralLedgers,LeaId,int,int,NULL,NULL
RDS,FactK12FinancialAccountGeneralLedgers,K12SchoolId,int,int,NULL,NULL
RDS,FactK12FinancialAccountGeneralLedgers,FinancialAccountingDateId,int,int,NULL,NULL
RDS,FactK12FinancialAccountGeneralLedgers,FiscalYearId,int,int,NULL,NULL
RDS,FactK12FinancialAccountGeneralLedgers,FederalFinancialAccountId,int,int,NULL,NULL
RDS,FactK12FinancialAccountGeneralLedgers,SeaFinancialAccountId,int,int,NULL,NULL
RDS,FactK12FinancialAccountGeneralLedgers,LeaFinancialAccountId,int,int,NULL,NULL
RDS,FactK12FinancialAccountGeneralLedgers,FederalFinancialAccountClassificationId,int,int,NULL,NULL
RDS,FactK12FinancialAccountGeneralLedgers,SeaFinancialAccountClassificationId,int,int,NULL,NULL
RDS,FactK12FinancialAccountGeneralLedgers,LeaFinancialAccountClassificationId,int,int,NULL,NULL
RDS,FactK12FinancialAccountGeneralLedgers,FederalFinancialExpenditureClassificationId,int,int,NULL,NULL
RDS,FactK12FinancialAccountGeneralLedgers,SeaFinancialExpenditureClassificationId,int,int,NULL,NULL
RDS,FactK12FinancialAccountGeneralLedgers,LeaFinancialExpenditureClassificationId,int,int,NULL,NULL
RDS,FactK12FinancialAccountGeneralLedgers,FederalFinancialRevenueClassificationId,int,int,NULL,NULL
RDS,FactK12FinancialAccountGeneralLedgers,SeaFinancialRevenueClassificationId,int,int,NULL,NULL
RDS,FactK12FinancialAccountGeneralLedgers,LeaFinancialRevenueClassificationId,int,int,NULL,NULL
RDS,FactK12FinancialAccountGeneralLedgers,FederalProgramCodeId,int,int,NULL,NULL
RDS,FactK12FinancialAccountGeneralLedgers,FinancialAccountingValue,decimal,"decimal(9,2)",001647,Financial Accounting Value
RDS,FactK12ProgramParticipations,FactK12ProgramParticipationId,bigint,bigint,NULL,NULL
RDS,FactK12ProgramParticipations,DataCollectionId,int,int,NULL,NULL
RDS,FactK12ProgramParticipations,SchoolYearId,int,int,NULL,NULL
RDS,FactK12ProgramParticipations,SeaId,int,int,NULL,NULL
RDS,FactK12ProgramParticipations,IeuId,int,int,NULL,NULL
RDS,FactK12ProgramParticipations,LeaAccountabilityId,int,int,NULL,NULL
RDS,FactK12ProgramParticipations,LeaAttendanceId,int,int,NULL,NULL
RDS,FactK12ProgramParticipations,LeaFundingId,int,int,NULL,NULL
RDS,FactK12ProgramParticipations,LeaGraduationId,int,int,NULL,NULL
RDS,FactK12ProgramParticipations,LeaIndividualizedEducationProgramId,int,int,NULL,NULL
RDS,FactK12ProgramParticipations,K12SchoolId,int,int,NULL,NULL
RDS,FactK12ProgramParticipations,K12StudentId,bigint,bigint,NULL,NULL
RDS,FactK12ProgramParticipations,IdeaStatusId,int,int,NULL,NULL
RDS,FactK12ProgramParticipations,K12DemographicId,int,int,NULL,NULL
RDS,FactK12ProgramParticipations,K12ProgramTypeId,int,int,NULL,NULL
RDS,FactK12ProgramParticipations,ProgramParticipationStartDateId,int,int,NULL,NULL
RDS,FactK12ProgramParticipations,ProgramParticipationExitDateId,int,int,NULL,NULL
RDS,FactK12ProgramParticipations,StudentCount,int,int,NULL,NULL
RDS,FactK12SalarySchedules,FactK12SalaryScheduleId,bigint,bigint,NULL,NULL
RDS,FactK12SalarySchedules,SchoolYearId,int,int,NULL,NULL
RDS,FactK12SalarySchedules,CountDateId,int,int,NULL,NULL
RDS,FactK12SalarySchedules,DataCollectionId,int,int,NULL,NULL
RDS,FactK12SalarySchedules,SeaId,int,int,NULL,NULL
RDS,FactK12SalarySchedules,IeuId,int,int,NULL,NULL
RDS,FactK12SalarySchedules,LeaId,int,int,NULL,NULL
RDS,FactK12SalarySchedules,K12SchoolId,int,int,NULL,NULL
RDS,FactK12SalarySchedules,SalaryScheduleCriteriaId,int,int,NULL,NULL
RDS,FactK12SalarySchedules,StandardOccupationalClassificationId,int,int,NULL,NULL
RDS,FactK12SalarySchedules,OnetSocOccupationTypeId,int,int,NULL,NULL
RDS,FactK12SalarySchedules,SalaryScheduleSalaryValue,decimal,"decimal(9,2)",TBD V12,Salary Schedule Criterion Value
RDS,FactK12StaffCounts,FactK12StaffCountId,int,int,NULL,NULL
RDS,FactK12StaffCounts,SchoolYearId,int,int,000243,School Year
RDS,FactK12StaffCounts,FactTypeId,int,int,NULL,NULL
RDS,FactK12StaffCounts,SeaId,int,int,NULL,NULL
RDS,FactK12StaffCounts,LeaId,int,int,NULL,NULL
RDS,FactK12StaffCounts,K12SchoolId,int,int,NULL,NULL
RDS,FactK12StaffCounts,K12StaffId,bigint,bigint,NULL,NULL
RDS,FactK12StaffCounts,K12StaffStatusId,int,int,NULL,NULL
RDS,FactK12StaffCounts,K12StaffCategoryId,int,int,NULL,NULL
RDS,FactK12StaffCounts,TitleIIIStatusId,int,int,NULL,NULL
RDS,FactK12StaffCounts,CredentialIssuanceDateId,int,int,NULL,NULL
RDS,FactK12StaffCounts,CredentialExpirationDateId,int,int,NULL,NULL
RDS,FactK12StaffCounts,StaffCount,int,int,NULL,NULL
RDS,FactK12StaffCounts,StaffFullTimeEquivalency,decimal,"decimal(18,3)",000118,Staff Full Time Equivalency
RDS,FactK12StudentAssessments,FactK12StudentAssessmentId,int,int,NULL,NULL
RDS,FactK12StudentAssessments,SchoolYearId,int,int,NULL,NULL
RDS,FactK12StudentAssessments,CountDateId,int,int,NULL,NULL
RDS,FactK12StudentAssessments,FactTypeId,int,int,NULL,NULL
RDS,FactK12StudentAssessments,SeaId,int,int,NULL,NULL
RDS,FactK12StudentAssessments,IeuId,int,int,NULL,NULL
RDS,FactK12StudentAssessments,LeaId,int,int,NULL,NULL
RDS,FactK12StudentAssessments,K12SchoolId,int,int,NULL,NULL
RDS,FactK12StudentAssessments,K12StudentId,bigint,bigint,NULL,NULL
RDS,FactK12StudentAssessments,AssessmentId,int,int,NULL,NULL
RDS,FactK12StudentAssessments,AssessmentSubtestId,int,int,NULL,NULL
RDS,FactK12StudentAssessments,AssessmentAdministrationId,int,int,NULL,NULL
RDS,FactK12StudentAssessments,AssessmentRegistrationId,int,int,NULL,NULL
RDS,FactK12StudentAssessments,AssessmentParticipationSessionId,int,int,NULL,NULL
RDS,FactK12StudentAssessments,AssessmentPerformanceLevelId,int,int,NULL,NULL
RDS,FactK12StudentAssessments,CompetencyDefinitionId,int,int,NULL,NULL
RDS,FactK12StudentAssessments,CteStatusId,int,int,NULL,NULL
RDS,FactK12StudentAssessments,GradeLevelWhenAssessedId,int,int,NULL,NULL
RDS,FactK12StudentAssessments,IdeaStatusId,int,int,NULL,NULL
RDS,FactK12StudentAssessments,K12DemographicId,int,int,NULL,NULL
RDS,FactK12StudentAssessments,NOrDStatusId,int,int,NULL,NULL
RDS,FactK12StudentAssessments,TitleIIIStatusId,int,int,NULL,NULL
RDS,FactK12StudentAssessments,AssessmentCount,int,int,NULL,NULL
RDS,FactK12StudentAssessments,AssessmentResultScoreValueRawScore,nvarchar,nvarchar(70),000245,Assessment Result Score Value
RDS,FactK12StudentAssessments,AssessmentResultScoreValueScaleScore,nvarchar,nvarchar(70),000245,Assessment Result Score Value
RDS,FactK12StudentAssessments,AssessmentResultScoreValuePercentile,nvarchar,nvarchar(70),000245,Assessment Result Score Value
RDS,FactK12StudentAssessments,AssessmentResultScoreValueTScore,nvarchar,nvarchar(70),000245,Assessment Result Score Value
RDS,FactK12StudentAssessments,AssessmentResultScoreValueZScore,nvarchar,nvarchar(70),000245,Assessment Result Score Value
RDS,FactK12StudentAssessments,AssessmentResultScoreValueACTScore,nvarchar,nvarchar(70),000245,Assessment Result Score Value
RDS,FactK12StudentAssessments,AssessmentResultScoreValueSATScore,nvarchar,nvarchar(70),000245,Assessment Result Score Value
RDS,FactK12StudentAssessmentsResultAggregates,FactK12StudentAssessmentsResultAggregateId,int,int,NULL,NULL
RDS,FactK12StudentAssessmentsResultAggregates,SchoolYearId,int,int,NULL,NULL
RDS,FactK12StudentAssessmentsResultAggregates,SeaId,int,int,NULL,NULL
RDS,FactK12StudentAssessmentsResultAggregates,IeuId,int,int,NULL,NULL
RDS,FactK12StudentAssessmentsResultAggregates,LeaId,int,int,NULL,NULL
RDS,FactK12StudentAssessmentsResultAggregates,K12SchoolId,int,int,NULL,NULL
RDS,FactK12StudentAssessmentsResultAggregates,AcademicTermDesignatorId,int,int,NULL,NULL
RDS,FactK12StudentAssessmentsResultAggregates,AssessmentAdministrationId,int,int,NULL,NULL
RDS,FactK12StudentAssessmentsResultAggregates,AssessmentId,int,int,NULL,NULL
RDS,FactK12StudentAssessmentsResultAggregates,AssessmentSubtestId,int,int,NULL,NULL
RDS,FactK12StudentAssessmentsResultAggregates,CompetencyDefinitionId,int,int,NULL,NULL
RDS,FactK12StudentAssessmentsResultAggregates,GradeLevelWhenAssessedId,int,int,NULL,NULL
RDS,FactK12StudentAssessmentsResultAggregates,IdeaStatusId,int,int,NULL,NULL
RDS,FactK12StudentAssessmentsResultAggregates,K12DemographicId,int,int,NULL,NULL
RDS,FactK12StudentAssessmentsResultAggregates,RaceId,int,int,NULL,NULL
RDS,FactK12StudentAssessmentsResultAggregates,TotalPerformanceLevel1,int,int,NULL,NULL
RDS,FactK12StudentAssessmentsResultAggregates,TotalPerformanceLevel2,int,int,NULL,NULL
RDS,FactK12StudentAssessmentsResultAggregates,TotalPerformanceLevel3,int,int,NULL,NULL
RDS,FactK12StudentAssessmentsResultAggregates,TotalPerformanceLevel4,int,int,NULL,NULL
RDS,FactK12StudentAssessmentsResultAggregates,TotalPerformanceLevel5,int,int,NULL,NULL
RDS,FactK12StudentAssessmentsResultAggregates,TotalPerformanceLevel6,int,int,NULL,NULL
RDS,FactK12StudentAssessmentsResultAggregates,TotalMetStandard,int,int,NULL,NULL
RDS,FactK12StudentAssessmentsResultAggregates,TotalDidNotMeetStandard,int,int,NULL,NULL
RDS,FactK12StudentAssessmentsResultAggregates,PercentagePerformanceLevel1,decimal,"decimal(4,1)",NULL,NULL
RDS,FactK12StudentAssessmentsResultAggregates,PercentagePerformanceLevel2,decimal,"decimal(4,1)",NULL,NULL
RDS,FactK12StudentAssessmentsResultAggregates,PercentagePerformanceLevel3,decimal,"decimal(4,1)",NULL,NULL
RDS,FactK12StudentAssessmentsResultAggregates,PercentagePerformanceLevel4,decimal,"decimal(4,1)",NULL,NULL
RDS,FactK12StudentAssessmentsResultAggregates,PercentagePerformanceLevel5,decimal,"decimal(4,1)",NULL,NULL
RDS,FactK12StudentAssessmentsResultAggregates,PercentagePerformanceLevel6,decimal,"decimal(4,1)",NULL,NULL
RDS,FactK12StudentAssessmentsResultAggregates,PercentageMetStandard,decimal,"decimal(4,1)",NULL,NULL
RDS,FactK12StudentAssessmentsResultAggregates,PercentageDidNotMeetStandard,decimal,"decimal(4,1)",NULL,NULL
RDS,FactK12StudentAssessmentsResultAggregates,AverageScaleScorePerformanceLevel1,decimal,"decimal(4,1)",NULL,NULL
RDS,FactK12StudentAssessmentsResultAggregates,AverageScaleScorePerformanceLevel2,decimal,"decimal(4,1)",NULL,NULL
RDS,FactK12StudentAssessmentsResultAggregates,AverageScaleScorePerformanceLevel3,decimal,"decimal(4,1)",NULL,NULL
RDS,FactK12StudentAssessmentsResultAggregates,AverageScaleScorePerformanceLevel4,decimal,"decimal(4,1)",NULL,NULL
RDS,FactK12StudentAssessmentsResultAggregates,AverageScaleScorePerformanceLevel5,decimal,"decimal(4,1)",NULL,NULL
RDS,FactK12StudentAssessmentsResultAggregates,AverageScaleScorePerformanceLevel6,decimal,"decimal(4,1)",NULL,NULL
RDS,FactK12StudentAssessmentsResultAggregates,AverageScaleScoreMetStandard,decimal,"decimal(4,1)",NULL,NULL
RDS,FactK12StudentAssessmentsResultAggregates,AverageScaleScoreDidNotMeetStandard,decimal,"decimal(4,1)",NULL,NULL
RDS,FactK12StudentAssessmentsResultAggregates,AverageScaleScore,decimal,"decimal(6,2)",NULL,NULL
RDS,FactK12StudentAssessmentsResultAggregates,StandarDeviationScaleScorePerformanceLevel1,decimal,"decimal(4,1)",NULL,NULL
RDS,FactK12StudentAssessmentsResultAggregates,StandarDeviationScaleScorePerformanceLevel2,decimal,"decimal(4,1)",NULL,NULL
RDS,FactK12StudentAssessmentsResultAggregates,StandarDeviationScaleScorePerformanceLevel3,decimal,"decimal(4,1)",NULL,NULL
RDS,FactK12StudentAssessmentsResultAggregates,StandarDeviationScaleScorePerformanceLevel4,decimal,"decimal(4,1)",NULL,NULL
RDS,FactK12StudentAssessmentsResultAggregates,StandarDeviationScaleScorePerformanceLevel5,decimal,"decimal(4,1)",NULL,NULL
RDS,FactK12StudentAssessmentsResultAggregates,StandarDeviationScaleScorePerformanceLevel6,decimal,"decimal(4,1)",NULL,NULL
RDS,FactK12StudentAssessmentsResultAggregates,StandarDeviationScaleScoreMetDeviation,decimal,"decimal(4,1)",NULL,NULL
RDS,FactK12StudentAssessmentsResultAggregates,StandarDeviationScaleScoreDidNotMeetDeviation,decimal,"decimal(4,1)",NULL,NULL
RDS,FactK12StudentAssessmentsResultAggregates,StandarDeviationScaleScore,decimal,"decimal(5,2)",NULL,NULL
RDS,FactK12StudentAssessmentsResultAggregates,TotalAssessmentCount,int,int,NULL,NULL
RDS,FactK12StudentAssessmentsResultAggregates,TotalValidAssessmentCount,int,int,NULL,NULL
RDS,FactK12StudentAssessmentsResultAggregates,AssessmentSubtestMinimumValueScaleScore,decimal,"decimal(20,2)",000395,Assessment Subtest Minimum Value
RDS,FactK12StudentAssessmentsResultAggregates,AssessmentSubtestMaximumValueScaleScore,decimal,"decimal(20,2)",000396,Assessment Subtest Maximum Value
RDS,FactK12StudentAssessmentsResultAggregates,ScaleScore25thPercentile,decimal,"decimal(20,2)",NULL,NULL
RDS,FactK12StudentAssessmentsResultAggregates,ScaleScore50thPercentile,decimal,"decimal(20,2)",NULL,NULL
RDS,FactK12StudentAssessmentsResultAggregates,ScaleScore75thPercentile,decimal,"decimal(20,2)",NULL,NULL
RDS,FactK12StudentAttendanceRates,FactK12StudentAttendanceRateId,int,int,NULL,NULL
RDS,FactK12StudentAttendanceRates,SchoolYearId,int,int,000243,School Year
RDS,FactK12StudentAttendanceRates,FactTypeId,int,int,NULL,NULL
RDS,FactK12StudentAttendanceRates,SeaId,int,int,NULL,NULL
RDS,FactK12StudentAttendanceRates,LeaId,int,int,NULL,NULL
RDS,FactK12StudentAttendanceRates,K12SchoolId,int,int,NULL,NULL
RDS,FactK12StudentAttendanceRates,K12StudentId,bigint,bigint,NULL,NULL
RDS,FactK12StudentAttendanceRates,AttendanceId,int,int,NULL,NULL
RDS,FactK12StudentAttendanceRates,K12DemographicId,int,int,NULL,NULL
RDS,FactK12StudentAttendanceRates,StudentAttendanceRate,decimal,"decimal(18,3)",000271,Student Attendance Rate
RDS,FactK12StudentCounts,FactK12StudentCountId,int,int,NULL,NULL
RDS,FactK12StudentCounts,SchoolYearId,int,int,000243,School Year
RDS,FactK12StudentCounts,FactTypeId,int,int,NULL,NULL
RDS,FactK12StudentCounts,SeaId,int,int,NULL,NULL
RDS,FactK12StudentCounts,IeuId,int,int,NULL,NULL
RDS,FactK12StudentCounts,LeaId,int,int,NULL,NULL
RDS,FactK12StudentCounts,K12SchoolId,int,int,NULL,NULL
RDS,FactK12StudentCounts,K12StudentId,bigint,bigint,NULL,NULL
RDS,FactK12StudentCounts,AgeId,int,int,NULL,NULL
RDS,FactK12StudentCounts,AttendanceId,int,int,NULL,NULL
RDS,FactK12StudentCounts,CohortStatusId,int,int,NULL,NULL
RDS,FactK12StudentCounts,CteStatusId,int,int,NULL,NULL
RDS,FactK12StudentCounts,DisabilityStatusId,int,int,NULL,NULL
RDS,FactK12StudentCounts,EnglishLearnerStatusId,int,int,NULL,NULL
RDS,FactK12StudentCounts,GradeLevelId,int,int,NULL,NULL
RDS,FactK12StudentCounts,HomelessnessStatusId,int,int,NULL,NULL
RDS,FactK12StudentCounts,EconomicallyDisadvantagedStatusId,int,int,NULL,NULL
RDS,FactK12StudentCounts,FosterCareStatusId,int,int,NULL,NULL
RDS,FactK12StudentCounts,IdeaStatusId,int,int,NULL,NULL
RDS,FactK12StudentCounts,ImmigrantStatusId,int,int,NULL,NULL
RDS,FactK12StudentCounts,K12DemographicId,int,int,NULL,NULL
RDS,FactK12StudentCounts,K12EnrollmentStatusId,int,int,NULL,NULL
RDS,FactK12StudentCounts,K12AcademicAwardStatusId,int,int,NULL,NULL
RDS,FactK12StudentCounts,LanguageId,int,int,NULL,NULL
RDS,FactK12StudentCounts,MigrantStatusId,int,int,NULL,NULL
RDS,FactK12StudentCounts,NOrDStatusId,int,int,NULL,NULL
RDS,FactK12StudentCounts,PrimaryDisabilityTypeId,int,int,NULL,NULL
RDS,FactK12StudentCounts,RaceId,int,int,NULL,NULL
RDS,FactK12StudentCounts,SpecialEducationServicesExitDateId,int,int,000263,Special Education Services Exit Date
RDS,FactK12StudentCounts,MigrantStudentQualifyingArrivalDateId,int,int,NULL,NULL
RDS,FactK12StudentCounts,LastQualifyingMoveDateId,int,int,NULL,NULL
RDS,FactK12StudentCounts,TitleIStatusId,int,int,NULL,NULL
RDS,FactK12StudentCounts,TitleIIIStatusId,int,int,NULL,NULL
RDS,FactK12StudentCounts,StatusStartDateEnglishLearnerId,int,int,NULL,NULL
RDS,FactK12StudentCounts,StatusEndDateEnglishLearnerId,int,int,NULL,NULL
RDS,FactK12StudentCounts,StudentCount,int,int,NULL,NULL
RDS,FactK12StudentCourseSections,FactK12StudentCourseSectionId,bigint,bigint,NULL,NULL
RDS,FactK12StudentCourseSections,SchoolYearId,int,int,NULL,NULL
RDS,FactK12StudentCourseSections,DataCollectionId,int,int,NULL,NULL
RDS,FactK12StudentCourseSections,SeaId,int,int,NULL,NULL
RDS,FactK12StudentCourseSections,IeuId,int,int,NULL,NULL
RDS,FactK12StudentCourseSections,LeaAccountabilityId,int,int,NULL,NULL
RDS,FactK12StudentCourseSections,LeaAttendanceId,int,int,NULL,NULL
RDS,FactK12StudentCourseSections,LeaFundingId,int,int,NULL,NULL
RDS,FactK12StudentCourseSections,LeaGraduationId,int,int,NULL,NULL
RDS,FactK12StudentCourseSections,LeaIndividualizedEducationProgramId,int,int,NULL,NULL
RDS,FactK12StudentCourseSections,K12SchoolId,int,int,NULL,NULL
RDS,FactK12StudentCourseSections,K12StudentId,bigint,bigint,NULL,NULL
RDS,FactK12StudentCourseSections,K12DemographicId,int,int,NULL,NULL
RDS,FactK12StudentCourseSections,K12CourseId,int,int,NULL,NULL
RDS,FactK12StudentCourseSections,K12CourseStatusId,int,int,NULL,NULL
RDS,FactK12StudentCourseSections,ScedCodeId,int,int,NULL,NULL
RDS,FactK12StudentCourseSections,CipCodeId,int,int,NULL,NULL
RDS,FactK12StudentCourseSections,LanguageId,int,int,NULL,NULL
RDS,FactK12StudentCourseSections,EntryGradeLevelId,int,int,NULL,NULL
RDS,FactK12StudentCourseSections,StudentCourseSectionCount,int,int,NULL,NULL
RDS,FactK12StudentDailyAttendances,FactK12StudentDailyAttendanceId,bigint,bigint,NULL,NULL
RDS,FactK12StudentDailyAttendances,SchoolYearId,int,int,NULL,NULL
RDS,FactK12StudentDailyAttendances,AttendanceEventDateId,int,int,NULL,NULL
RDS,FactK12StudentDailyAttendances,DataCollectionId,int,int,NULL,NULL
RDS,FactK12StudentDailyAttendances,SeaId,int,int,NULL,NULL
RDS,FactK12StudentDailyAttendances,IeuId,int,int,NULL,NULL
RDS,FactK12StudentDailyAttendances,LeaId,int,int,NULL,NULL
RDS,FactK12StudentDailyAttendances,K12SchoolId,int,int,NULL,NULL
RDS,FactK12StudentDailyAttendances,PersonId,bigint,bigint,NULL,NULL
RDS,FactK12StudentDailyAttendances,AttendanceId,int,int,NULL,NULL
RDS,FactK12StudentDailyAttendances,AttendanceEventDurationDay,decimal,"decimal(9,2)",TBD V12,Attendance Event Duration Day
RDS,FactK12StudentDailyAttendances,AttendanceEventDurationMinutes,decimal,"decimal(9,2)",TBD V12,Attendance Event Duration Minutes
RDS,FactK12StudentDailyAttendances,AttendanceEventDurationHours,decimal,"decimal(9,2)",TBD V12,Attendance Event Duration Hours
RDS,FactK12StudentDisciplines,FactK12StudentDisciplineId,int,int,NULL,NULL
RDS,FactK12StudentDisciplines,SchoolYearId,int,int,NULL,NULL
RDS,FactK12StudentDisciplines,FactTypeId,int,int,NULL,NULL
RDS,FactK12StudentDisciplines,DataCollectionId,int,int,NULL,NULL
RDS,FactK12StudentDisciplines,SeaId,int,int,NULL,NULL
RDS,FactK12StudentDisciplines,IeuId,int,int,NULL,NULL
RDS,FactK12StudentDisciplines,LeaId,int,int,NULL,NULL
RDS,FactK12StudentDisciplines,K12SchoolId,int,int,NULL,NULL
RDS,FactK12StudentDisciplines,K12StudentId,bigint,bigint,NULL,NULL
RDS,FactK12StudentDisciplines,AgeId,int,int,NULL,NULL
RDS,FactK12StudentDisciplines,CteStatusId,int,int,NULL,NULL
RDS,FactK12StudentDisciplines,DisabilityStatusId,int,int,NULL,NULL
RDS,FactK12StudentDisciplines,DisciplinaryActionStartDateId,int,int,NULL,NULL
RDS,FactK12StudentDisciplines,DisciplinaryActionEndDateId,int,int,NULL,NULL
RDS,FactK12StudentDisciplines,DisciplineStatusId,int,int,NULL,NULL
RDS,FactK12StudentDisciplines,EconomicallyDisadvantagedStatusId,int,int,NULL,NULL
RDS,FactK12StudentDisciplines,EnglishLearnerStatusId,int,int,NULL,NULL
RDS,FactK12StudentDisciplines,FirearmId,int,int,NULL,NULL
RDS,FactK12StudentDisciplines,FirearmDisciplineStatusId,int,int,NULL,NULL
RDS,FactK12StudentDisciplines,FosterCareStatusId,int,int,NULL,NULL
RDS,FactK12StudentDisciplines,GradeLevelId,int,int,NULL,NULL
RDS,FactK12StudentDisciplines,HomelessnessStatusId,int,int,NULL,NULL
RDS,FactK12StudentDisciplines,IdeaStatusId,int,int,NULL,NULL
RDS,FactK12StudentDisciplines,ImmigrantStatusId,int,int,NULL,NULL
RDS,FactK12StudentDisciplines,IncidentIdentifier,nvarchar,nvarchar(80),000501,Incident Identifier
RDS,FactK12StudentDisciplines,IncidentStatusId,int,int,NULL,NULL
RDS,FactK12StudentDisciplines,IncidentDateId,int,int,NULL,NULL
RDS,FactK12StudentDisciplines,K12DemographicId,int,int,NULL,NULL
RDS,FactK12StudentDisciplines,MigrantStatusId,int,int,NULL,NULL
RDS,FactK12StudentDisciplines,MilitaryStatusId,int,int,NULL,NULL
RDS,FactK12StudentDisciplines,NOrDStatusId,int,int,NULL,NULL
RDS,FactK12StudentDisciplines,RaceId,int,int,NULL,NULL
RDS,FactK12StudentDisciplines,PrimaryDisabilityTypeId,int,int,NULL,NULL
RDS,FactK12StudentDisciplines,SecondaryDisabilityTypeId,int,int,NULL,NULL
RDS,FactK12StudentDisciplines,TitleIStatusId,int,int,NULL,NULL
RDS,FactK12StudentDisciplines,TitleIIIStatusId,int,int,NULL,NULL
RDS,FactK12StudentDisciplines,DurationOfDisciplinaryAction,decimal,"decimal(18,2)",000511,Duration of Disciplinary Action
RDS,FactK12StudentDisciplines,DisciplineCount,int,int,NULL,NULL
RDS,FactK12StudentEconomicDisadvantages,FactK12StudentEconomicDisadvantageId,int,int,NULL,NULL
RDS,FactK12StudentEconomicDisadvantages,SchoolYearId,int,int,000243,School Year
RDS,FactK12StudentEconomicDisadvantages,CountDateId,int,int,001760,Count Date
RDS,FactK12StudentEconomicDisadvantages,DataCollectionId,int,int,NULL,NULL
RDS,FactK12StudentEconomicDisadvantages,NcesSideVintageBeginYearDateId,int,int,NULL,NULL
RDS,FactK12StudentEconomicDisadvantages,NcesSideVintageEndYearDateId,int,int,NULL,NULL
RDS,FactK12StudentEconomicDisadvantages,SeaId,int,int,NULL,NULL
RDS,FactK12StudentEconomicDisadvantages,IeuId,int,int,NULL,NULL
RDS,FactK12StudentEconomicDisadvantages,LeaId,int,int,NULL,NULL
RDS,FactK12StudentEconomicDisadvantages,K12SchoolId,int,int,NULL,NULL
RDS,FactK12StudentEconomicDisadvantages,K12StudentId,bigint,bigint,NULL,NULL
RDS,FactK12StudentEconomicDisadvantages,K12DemographicId,int,int,NULL,NULL
RDS,FactK12StudentEconomicDisadvantages,EconomicallyDisadvantagedStatusId,int,int,NULL,NULL
RDS,FactK12StudentEconomicDisadvantages,PersonAddressId,int,int,NULL,NULL
RDS,FactK12StudentEconomicDisadvantages,NcesSideEstimate,int,int,001948,NCES SIDE Estimate
RDS,FactK12StudentEconomicDisadvantages,NcesSideStandardError,int,int,NULL,NULL
RDS,FactK12StudentEnrollments,FactK12StudentEnrollmentId,bigint,bigint,NULL,NULL
RDS,FactK12StudentEnrollments,SchoolYearId,int,int,NULL,NULL
RDS,FactK12StudentEnrollments,CountDateId,int,int,NULL,NULL
RDS,FactK12StudentEnrollments,DataCollectionId,int,int,NULL,NULL
RDS,FactK12StudentEnrollments,SeaId,int,int,NULL,NULL
RDS,FactK12StudentEnrollments,IeuId,int,int,NULL,NULL
RDS,FactK12StudentEnrollments,K12StudentId,bigint,bigint,NULL,NULL
RDS,FactK12StudentEnrollments,LeaAccountabilityId,int,int,NULL,NULL
RDS,FactK12StudentEnrollments,LeaAttendanceId,int,int,NULL,NULL
RDS,FactK12StudentEnrollments,LeaFundingId,int,int,NULL,NULL
RDS,FactK12StudentEnrollments,LeaGraduationID,int,int,NULL,NULL
RDS,FactK12StudentEnrollments,LeaIndividualizedEducationProgramId,int,int,NULL,NULL
RDS,FactK12StudentEnrollments,K12SchoolId,int,int,NULL,NULL
RDS,FactK12StudentEnrollments,EducationOrganizationNetworkId,int,int,NULL,NULL
RDS,FactK12StudentEnrollments,CohortGraduationYearId,int,int,NULL,NULL
RDS,FactK12StudentEnrollments,CohortYearId,int,int,NULL,NULL
RDS,FactK12StudentEnrollments,CteStatusId,int,int,NULL,NULL
RDS,FactK12StudentEnrollments,EntryGradeLevelId,int,int,000100,Entry Grade Level
RDS,FactK12StudentEnrollments,ExitGradeLevelId,int,int,NULL,NULL
RDS,FactK12StudentEnrollments,EnrollmentEntryDateId,int,int,000097,Enrollment Entry Date
RDS,FactK12StudentEnrollments,EnrollmentExitDateId,int,int,NULL,NULL
RDS,FactK12StudentEnrollments,EnglishLearnerStatusId,int,int,NULL,NULL
RDS,FactK12StudentEnrollments,K12EnrollmentStatusId,int,int,NULL,NULL
RDS,FactK12StudentEnrollments,K12DemographicId,int,int,NULL,NULL
RDS,FactK12StudentEnrollments,IdeaStatusId,int,int,NULL,NULL
RDS,FactK12StudentEnrollments,HomelessnessStatusId,int,int,NULL,NULL
RDS,FactK12StudentEnrollments,EconomicallyDisadvantagedStatusId,int,int,NULL,NULL
RDS,FactK12StudentEnrollments,FosterCareStatusId,int,int,NULL,NULL
RDS,FactK12StudentEnrollments,ImmigrantStatusId,int,int,NULL,NULL
RDS,FactK12StudentEnrollments,LanguageHomeId,int,int,NULL,NULL
RDS,FactK12StudentEnrollments,LanguageNativeId,int,int,NULL,NULL
RDS,FactK12StudentEnrollments,MigrantStatusId,int,int,NULL,NULL
RDS,FactK12StudentEnrollments,MilitaryStatusId,int,int,NULL,NULL
RDS,FactK12StudentEnrollments,NOrDStatusId,int,int,NULL,NULL
RDS,FactK12StudentEnrollments,PrimaryDisabilityTypeId,int,int,NULL,NULL
RDS,FactK12StudentEnrollments,SecondaryDisabilityTypeId,int,int,NULL,NULL
RDS,FactK12StudentEnrollments,ProjectedGraduationDateId,int,int,NULL,NULL
RDS,FactK12StudentEnrollments,StatusStartDateEconomicallyDisadvantagedId,int,int,NULL,NULL
RDS,FactK12StudentEnrollments,StatusEndDateEconomicallyDisadvantagedId,int,int,NULL,NULL
RDS,FactK12StudentEnrollments,StatusStartDateEnglishLearnerId,int,int,NULL,NULL
RDS,FactK12StudentEnrollments,StatusEndDateEnglishLearnerId,int,int,NULL,NULL
RDS,FactK12StudentEnrollments,StatusStartDateHomelessnessId,int,int,NULL,NULL
RDS,FactK12StudentEnrollments,StatusEndDateHomelessnessId,int,int,NULL,NULL
RDS,FactK12StudentEnrollments,StatusStartDateIdeaId,int,int,NULL,NULL
RDS,FactK12StudentEnrollments,StatusEndDateIdeaId,int,int,NULL,NULL
RDS,FactK12StudentEnrollments,StatusStartDateMigrantId,int,int,NULL,NULL
RDS,FactK12StudentEnrollments,StatusEndDateMigrantId,int,int,NULL,NULL
RDS,FactK12StudentEnrollments,StatusStartDateMilitaryConnectedStudentId,int,int,NULL,NULL
RDS,FactK12StudentEnrollments,StatusEndDateMilitaryConnectedStudentId,int,int,NULL,NULL
RDS,FactK12StudentEnrollments,StatusStartDatePerkinsEnglishLearnerId,int,int,NULL,NULL
RDS,FactK12StudentEnrollments,StatusEndDatePerkinsEnglishLearnerId,int,int,NULL,NULL
RDS,FactK12StudentEnrollments,StatusEndDateTitleIIIImmigrantId,int,int,NULL,NULL
RDS,FactK12StudentEnrollments,StatusStartDateTitleIIIImmigrantId,int,int,NULL,NULL
RDS,FactK12StudentEnrollments,TitleIIIStatusId,int,int,NULL,NULL
RDS,FactK12StudentEnrollments,FullTimeEquivalency,decimal,"decimal(5,2)",001921,Full Time Equivalency
RDS,FactK12StudentEnrollments,StudentCount,int,int,NULL,NULL
RDS,FactK12StudentEnrollments,ResponsibleSchoolTypeId,int,int,NULL,NULL
RDS,FactK12StudentEnrollments,LeaMembershipResidentId,int,int,NULL,NULL
RDS,FactOrganizationCounts,FactOrganizationCountId,int,int,NULL,NULL
RDS,FactOrganizationCounts,SchoolYearId,int,int,000243,School Year
RDS,FactOrganizationCounts,FactTypeId,int,int,NULL,NULL
RDS,FactOrganizationCounts,SeaId,int,int,NULL,NULL
RDS,FactOrganizationCounts,LeaId,int,int,NULL,NULL
RDS,FactOrganizationCounts,K12StaffId,bigint,bigint,NULL,NULL
RDS,FactOrganizationCounts,K12SchoolId,int,int,NULL,NULL
RDS,FactOrganizationCounts,AuthorizingBodyCharterSchoolAuthorizerId,int,int,NULL,NULL
RDS,FactOrganizationCounts,CharterSchoolManagementOrganizationId,int,int,NULL,NULL
RDS,FactOrganizationCounts,SecondaryAuthorizingBodyCharterSchoolAuthorizerId,int,int,NULL,NULL
RDS,FactOrganizationCounts,CharterSchoolStatusId,int,int,NULL,NULL
RDS,FactOrganizationCounts,CharterSchoolUpdatedManagementOrganizationId,int,int,NULL,NULL
RDS,FactOrganizationCounts,ComprehensiveAndTargetedSupportId,int,int,NULL,NULL
RDS,FactOrganizationCounts,ReasonApplicabilityId,int,int,NULL,NULL
RDS,FactOrganizationCounts,K12OrganizationStatusId,int,int,NULL,NULL
RDS,FactOrganizationCounts,K12SchoolStatusId,int,int,NULL,NULL
RDS,FactOrganizationCounts,K12SchoolStateStatusId,int,int,NULL,NULL
RDS,FactOrganizationCounts,SubgroupId,int,int,NULL,NULL
RDS,FactOrganizationCounts,TitleIStatusId,int,int,NULL,NULL
RDS,FactOrganizationCounts,FederalProgramCode,nvarchar,nvarchar(40),000547,Federal Program Code
RDS,FactOrganizationCounts,FederalProgramsFundingAllocationType,nvarchar,nvarchar(40),000548,Federal Programs Funding Allocation Type
RDS,FactOrganizationCounts,FederalProgramsFundingAllocation,int,int,000549,Federal Programs Funding Allocation
RDS,FactOrganizationCounts,SchoolImprovementFunds,int,int,NULL,NULL
RDS,FactOrganizationCounts,TitleIParentalInvolveRes,int,int,NULL,NULL
RDS,FactOrganizationCounts,TitleIPartAAllocations,int,int,NULL,NULL
RDS,FactOrganizationCounts,OrganizationCount,int,int,NULL,NULL
RDS,FactOrganizationStatusCounts,FactOrganizationStatusCountId,int,int,NULL,NULL
RDS,FactOrganizationStatusCounts,FactTypeId,int,int,NULL,NULL
RDS,FactOrganizationStatusCounts,K12SchoolId,int,int,NULL,NULL
RDS,FactOrganizationStatusCounts,SchoolYearId,int,int,000243,School Year
RDS,FactOrganizationStatusCounts,RaceId,int,int,NULL,NULL
RDS,FactOrganizationStatusCounts,IdeaStatusId,int,int,NULL,NULL
RDS,FactOrganizationStatusCounts,K12DemographicId,int,int,NULL,NULL
RDS,FactOrganizationStatusCounts,EconomicallyDisadvantagedStatusId,int,int,NULL,NULL
RDS,FactOrganizationStatusCounts,SchoolPerformanceIndicatorId,int,int,NULL,NULL
RDS,FactOrganizationStatusCounts,SchoolPerformanceIndicatorStateDefinedStatusId,int,int,NULL,NULL
RDS,FactOrganizationStatusCounts,OrganizationStatusCount,int,int,NULL,NULL
RDS,FactOrganizationStatusCounts,SchoolQualityOrStudentSuccessIndicatorId,int,int,NULL,NULL
RDS,FactOrganizationStatusCounts,SchoolPerformanceIndicatorCategoryId,int,int,NULL,NULL
RDS,FactPsStudentAcademicAwards,FactPsStudentAcademicAwardId,int,int,NULL,NULL
RDS,FactPsStudentAcademicAwards,PsInstitutionId,int,int,NULL,NULL
RDS,FactPsStudentAcademicAwards,PsStudentId,bigint,bigint,NULL,NULL
RDS,FactPsStudentAcademicAwards,PsAcademicAwardTitleId,int,int,NULL,NULL
RDS,FactPsStudentAcademicAwards,AcademicAwardDateId,int,int,000001,Academic Award Date
RDS,FactPsStudentAcademicAwards,PsAcademicAwardStatusId,int,int,NULL,NULL
RDS,FactPsStudentAcademicAwards,StudentCount,int,int,NULL,NULL
RDS,FactPsStudentAcademicAwards,SchoolYearId,int,int,NULL,NULL
RDS,FactPsStudentAcademicAwards,PsDemographicId,int,int,NULL,NULL
RDS,FactPsStudentAcademicRecords,FactPsStudentAcademicRecordId,bigint,bigint,NULL,NULL
RDS,FactPsStudentAcademicRecords,SchoolYearId,int,int,000243,School Year
RDS,FactPsStudentAcademicRecords,CountDateId,int,int,001760,Count Date
RDS,FactPsStudentAcademicRecords,SeaId,int,int,NULL,NULL
RDS,FactPsStudentAcademicRecords,PsInstitutionID,int,int,NULL,NULL
RDS,FactPsStudentAcademicRecords,PsStudentId,bigint,bigint,NULL,NULL
RDS,FactPsStudentAcademicRecords,AcademicTermDesignatorId,int,int,000727,Academic Term Designator
RDS,FactPsStudentAcademicRecords,PsDemographicId,int,int,NULL,NULL
RDS,FactPsStudentAcademicRecords,PsInstitutionStatusId,int,int,NULL,NULL
RDS,FactPsStudentAcademicRecords,PsEnrollmentStatusId,bigint,bigint,000094,Enrollment Status
RDS,FactPsStudentAcademicRecords,EnrollmentEntryDateId,int,int,NULL,NULL
RDS,FactPsStudentAcademicRecords,EnrollmentExitDateId,int,int,NULL,NULL
RDS,FactPsStudentAcademicRecords,DataCollectionId,int,int,NULL,NULL
RDS,FactPsStudentAcademicRecords,InstructionalActivityHoursCompletedCredit,decimal,"decimal(10,2)",000362,Instructional Activity Hours Completed
RDS,FactPsStudentAcademicRecords,GradePointAverage,decimal,"decimal(5,4)",000127,Grade Point Average
RDS,FactPsStudentAcademicRecords,GradePointAverageCumulative,decimal,"decimal(5,4)",000127,Grade Point Average
RDS,FactPsStudentAcademicRecords,DualCreditDualEnrollmentCreditsAwarded,decimal,"decimal(4,2)",000085,Dual Credit Dual Enrollment Credits Awarded
RDS,FactPsStudentAcademicRecords,APCreditsAwarded,int,int,000018,Advanced Placement Credits Awarded
RDS,FactPsStudentAcademicRecords,CourseTotal,int,int,001316,Course Total
RDS,FactPsStudentAcademicRecords,StudentCourseCount,int,int,NULL,NULL
RDS,FactPsStudentEnrollments,FactPsStudentEnrollmentId,bigint,bigint,NULL,NULL
RDS,FactPsStudentEnrollments,DataCollectionId,int,int,NULL,NULL
RDS,FactPsStudentEnrollments,SchoolYearId,int,int,000243,School Year
RDS,FactPsStudentEnrollments,CountDateId,int,int,NULL,NULL
RDS,FactPsStudentEnrollments,PsInstitutionID,int,int,NULL,NULL
RDS,FactPsStudentEnrollments,PsStudentId,bigint,bigint,NULL,NULL
RDS,FactPsStudentEnrollments,AcademicTermDesignatorId,int,int,NULL,NULL
RDS,FactPsStudentEnrollments,EntryDateIntoPostSecondaryId,int,int,NULL,NULL
RDS,FactPsStudentEnrollments,EnrollmentEntryDateId,int,int,000097,Enrollment Entry Date
RDS,FactPsStudentEnrollments,EnrollmentExitDateId,int,int,000107,Enrollment Exit Date
RDS,FactPsStudentEnrollments,PsEnrollmentStatusId,bigint,bigint,000094,Enrollment Status
RDS,FactPsStudentEnrollments,PsInstitutionStatusId,int,int,NULL,NULL
RDS,FactPsStudentEnrollments,StudentCount,int,int,NULL,NULL
RDS,FactSchoolPerformanceIndicators,FactSchoolPerformanceIndicatorId,int,int,NULL,NULL
RDS,FactSchoolPerformanceIndicators,FactTypeId,int,int,NULL,NULL
RDS,FactSchoolPerformanceIndicators,K12SchoolId,int,int,NULL,NULL
RDS,FactSchoolPerformanceIndicators,CountDateId,int,int,NULL,NULL
RDS,FactSchoolPerformanceIndicators,RaceId,int,int,NULL,NULL
RDS,FactSchoolPerformanceIndicators,IdeaStatusId,int,int,NULL,NULL
RDS,FactSchoolPerformanceIndicators,K12DemographicId,int,int,NULL,NULL
RDS,FactSchoolPerformanceIndicators,EconomicallyDisadvantagedStatusId,int,int,NULL,NULL
RDS,FactSchoolPerformanceIndicators,SubgroupId,int,int,NULL,NULL
RDS,FactSchoolPerformanceIndicators,SchoolPerformanceIndicatorId,int,int,NULL,NULL
RDS,FactSchoolPerformanceIndicators,SchoolPerformanceIndicatorStateDefinedStatusId,int,int,NULL,NULL
RDS,FactSchoolPerformanceIndicators,OrganizationCount,int,int,NULL,NULL
RDS,FactSpecialEducation,FactSpecialEducationId,int,int,NULL,NULL
RDS,FactSpecialEducation,SchoolYearId,int,int,NULL,NULL
RDS,FactSpecialEducation,CountDateId,int,int,NULL,NULL
RDS,FactSpecialEducation,DataCollectionId,int,int,NULL,NULL
RDS,FactSpecialEducation,SeaId,int,int,NULL,NULL
RDS,FactSpecialEducation,IeuId,int,int,NULL,NULL
RDS,FactSpecialEducation,LeaAccountabilityId,int,int,NULL,NULL
RDS,FactSpecialEducation,LeaAttendanceId,int,int,NULL,NULL
RDS,FactSpecialEducation,LeaFundingId,int,int,NULL,NULL
RDS,FactSpecialEducation,LeaGraduationId,int,int,NULL,NULL
RDS,FactSpecialEducation,LeaIndividualizedEducationProgramId,int,int,NULL,NULL
RDS,FactSpecialEducation,LeaIEPServiceProviderId,int,int,NULL,NULL
RDS,FactSpecialEducation,K12SchoolId,int,int,NULL,NULL
RDS,FactSpecialEducation,ResponsibleSchoolTypeId,int,int,NULL,NULL
RDS,FactSpecialEducation,K12StudentId,bigint,bigint,NULL,NULL
RDS,FactSpecialEducation,EnrollmentEntryDateId,int,int,NULL,NULL
RDS,FactSpecialEducation,EnrollmentExitDateId,int,int,NULL,NULL
RDS,FactSpecialEducation,ConsentToEvaluationDateId,int,int,NULL,NULL
RDS,FactSpecialEducation,ChildOutcomeSummaryBaselineId,int,int,NULL,NULL
RDS,FactSpecialEducation,ChildOutcomeSummaryAtExitId,int,int,NULL,NULL
RDS,FactSpecialEducation,ChildOutcomeSummaryDateBaselineId,int,int,NULL,NULL
RDS,FactSpecialEducation,ChildOutcomeSummaryDateAtExitId,int,int,NULL,NULL
RDS,FactSpecialEducation,DisabilityStatusId,int,int,NULL,NULL
RDS,FactSpecialEducation,CteStatusId,int,int,NULL,NULL
RDS,FactSpecialEducation,EconomicallyDisadvantagedStatusId,int,int,NULL,NULL
RDS,FactSpecialEducation,EnglishLearnerStatusId,int,int,NULL,NULL
RDS,FactSpecialEducation,EntryGradeLevelId,int,int,NULL,NULL
RDS,FactSpecialEducation,EligibilityEvaluationDateInitialId,int,int,NULL,NULL
RDS,FactSpecialEducation,EligibilityEvaluationDateReevaluationId,int,int,NULL,NULL
RDS,FactSpecialEducation,FosterCareStatusId,int,int,NULL,NULL
RDS,FactSpecialEducation,HomelessnessStatusId,int,int,NULL,NULL
RDS,FactSpecialEducation,IdeaStatusId,int,int,NULL,NULL
RDS,FactSpecialEducation,ImmigrantStatusId,int,int,NULL,NULL
RDS,FactSpecialEducation,IndividualizedProgramStatusId,int,int,NULL,NULL
RDS,FactSpecialEducation,IndividualizedProgramServicePlanDateId,int,int,NULL,NULL
RDS,FactSpecialEducation,IndividualizedProgramServicePlanReevaluationDateId,int,int,NULL,NULL
RDS,FactSpecialEducation,IndividualizedProgramServicePlanExitDateId,int,int,NULL,NULL
RDS,FactSpecialEducation,IndividualizedProgramDateId,int,int,NULL,NULL
RDS,FactSpecialEducation,K12EnrollmentStatusId,int,int,NULL,NULL
RDS,FactSpecialEducation,K12DemographicId,int,int,NULL,NULL
RDS,FactSpecialEducation,MigrantStatusId,int,int,NULL,NULL
RDS,FactSpecialEducation,MilitaryStatusId,int,int,NULL,NULL
RDS,FactSpecialEducation,NOrDStatusId,int,int,NULL,NULL
RDS,FactSpecialEducation,ProgramParticipationStartDateId,int,int,NULL,NULL
RDS,FactSpecialEducation,PrimaryDisabilityTypeId,int,int,NULL,NULL
RDS,FactSpecialEducation,SecondaryDisabilityTypeId,int,int,NULL,NULL
RDS,FactSpecialEducation,SpecialEducationServicesExitDateId,int,int,NULL,NULL
RDS,FactSpecialEducation,TitleIIIStatusId,int,int,NULL,NULL
RDS,FactSpecialEducation,FullTimeEquivalency,decimal,"decimal(5,2)",001921,Full Time Equivalency
RDS,FactSpecialEducation,SpecialEducationFTE,decimal,"decimal(5,2)",001242,Special Education Full Time Equivalency
RDS,FactSpecialEducation,StudentCount,tinyint,tinyint,NULL,NULL
RDS,ReportEDFactsK12StaffCounts,ReportEDFactsK12StaffCountId,int,int,NULL,NULL
RDS,ReportEDFactsK12StaffCounts,SPECIALEDUCATIONAGEGROUPTAUGHT,nvarchar,nvarchar(100),000564,Special Education Age Group Taught
RDS,ReportEDFactsK12StaffCounts,EDFACTSCERTIFICATIONSTATUS,nvarchar,nvarchar(100),001997,EDFacts Certification Status
RDS,ReportEDFactsK12StaffCounts,Categories,nvarchar,nvarchar(600),NULL,NULL
RDS,ReportEDFactsK12StaffCounts,CategorySetCode,nvarchar,nvarchar(80),NULL,NULL
RDS,ReportEDFactsK12StaffCounts,OrganizationName,nvarchar,nvarchar(2000),000204,Organization Name
RDS,ReportEDFactsK12StaffCounts,OrganizationIdentifierNces,nvarchar,nvarchar(200),000826,Organization Identifier
RDS,ReportEDFactsK12StaffCounts,OrganizationIdentifierSea,nvarchar,nvarchar(200),000826,Organization Identifier
RDS,ReportEDFactsK12StaffCounts,K12STAFFCLASSIFICATION,nvarchar,nvarchar(100),000087,K12 Staff Classification
RDS,ReportEDFactsK12StaffCounts,ParentOrganizationIdentifierSea,nvarchar,nvarchar(MAX),000826,Organization Identifier
RDS,ReportEDFactsK12StaffCounts,StaffCount,int,int,NULL,NULL
RDS,ReportEDFactsK12StaffCounts,StaffFullTimeEquivalency,decimal,"decimal(18,2)",000118,Staff Full Time Equivalency
RDS,ReportEDFactsK12StaffCounts,SPECIALEDUCATIONTEACHERQUALIFICATIONSTATUS,nvarchar,nvarchar(100),001996,Special Education Teacher Qualification Status
RDS,ReportEDFactsK12StaffCounts,ReportCode,nvarchar,nvarchar(80),NULL,NULL
RDS,ReportEDFactsK12StaffCounts,ReportLevel,nvarchar,nvarchar(80),NULL,NULL
RDS,ReportEDFactsK12StaffCounts,ReportYear,nvarchar,nvarchar(80),NULL,NULL
RDS,ReportEDFactsK12StaffCounts,SPECIALEDUCATIONSUPPORTSERVICESCATEGORY,nvarchar,nvarchar(100),000558,Special Education Support Services Category
RDS,ReportEDFactsK12StaffCounts,StateANSICode,nvarchar,nvarchar(200),000424,State ANSI Code
RDS,ReportEDFactsK12StaffCounts,StateAbbreviationCode,nvarchar,nvarchar(200),000267,State Abbreviation
RDS,ReportEDFactsK12StaffCounts,StateAbbreviationDescription,nvarchar,nvarchar(2000),000267,State Abbreviation
RDS,ReportEDFactsK12StaffCounts,TableTypeAbbrv,nvarchar,nvarchar(MAX),NULL,NULL
RDS,ReportEDFactsK12StaffCounts,TotalIndicator,nvarchar,nvarchar(MAX),NULL,NULL
RDS,ReportEDFactsK12StaffCounts,TITLEIPROGRAMSTAFFCATEGORY,nvarchar,nvarchar(100),000283,Title I Program Staff Category
RDS,ReportEDFactsK12StaffCounts,STAFFCATEGORYCCD,nvarchar,nvarchar(100),NULL,NULL
RDS,ReportEDFactsK12StaffCounts,FORMERENGLISHLEARNERYEARSTATUS,nvarchar,nvarchar(100),NULL,NULL
RDS,ReportEDFactsK12StaffCounts,PROFICIENCYSTATUS,nvarchar,nvarchar(100),000573,Proficiency Status
RDS,ReportEDFactsK12StaffCounts,TITLEIIIACCOUNTABILITYPROGRESSSTATUS,nvarchar,nvarchar(100),000536,Title III Accountability Progress Status
RDS,ReportEDFactsK12StaffCounts,TITLEIIILANGUAGEINSTRUCTIONPROGRAMTYPE,nvarchar,nvarchar(100),000447,Title III Language Instruction Program Type
RDS,ReportEDFactsK12StaffCounts,EMERGENCYORPROVISIONALCREDENTIALSTATUS,nvarchar,nvarchar(100),NULL,NULL
RDS,ReportEDFactsK12StaffCounts,EDFACTSTEACHEROUTOFFIELDSTATUS,nvarchar,nvarchar(100),001962,EDFacts Teacher Out of Field Status
RDS,ReportEDFactsK12StaffCounts,EDFACTSTEACHERINEXPERIENCEDSTATUS,nvarchar,nvarchar(100),001961,EDFacts Teacher Inexperienced Status
RDS,ReportEDFactsK12StaffCounts,PARAPROFESSIONALQUALIFICATIONSTATUS,nvarchar,nvarchar(100),NULL,NULL
RDS,ReportEDFactsK12StaffCounts,TEACHINGCREDENTIALTYPE,nvarchar,nvarchar(100),NULL,NULL
RDS,ReportEDFactsK12StudentAssessments,ReportEDFactsK12StudentAssessmentId,int,int,NULL,NULL
RDS,ReportEDFactsK12StudentAssessments,ASSESSMENTSUBJECT,nvarchar,nvarchar(100),NULL,NULL
RDS,ReportEDFactsK12StudentAssessments,ASSESSMENTTYPE,nvarchar,nvarchar(100),000029,Assessment Type
RDS,ReportEDFactsK12StudentAssessments,AssessmentCount,int,int,NULL,NULL
RDS,ReportEDFactsK12StudentAssessments,SPECIALEDUCATIONEXITREASON,nvarchar,nvarchar(100),000260,Special Education Exit Reason
RDS,ReportEDFactsK12StudentAssessments,CTEPROGRAM,nvarchar,nvarchar(100),NULL,NULL
RDS,ReportEDFactsK12StudentAssessments,Categories,nvarchar,nvarchar(600),NULL,NULL
RDS,ReportEDFactsK12StudentAssessments,CategorySetCode,nvarchar,nvarchar(80),NULL,NULL
RDS,ReportEDFactsK12StudentAssessments,IDEADISABILITYTYPE,nvarchar,nvarchar(100),001733,IDEA Disability Type
RDS,ReportEDFactsK12StudentAssessments,ECONOMICDISADVANTAGESTATUS,nvarchar,nvarchar(100),000086,Economic Disadvantage Status
RDS,ReportEDFactsK12StudentAssessments,IDEAEDUCATIONALENVIRONMENT,nvarchar,nvarchar(100),NULL,NULL
RDS,ReportEDFactsK12StudentAssessments,ELIGIBILITYSTATUSFORSCHOOLFOODSERVICEPROGRAMS,nvarchar,nvarchar(100),000092,Eligibility Status for School Food Service Programs
RDS,ReportEDFactsK12StudentAssessments,FOSTERCAREPROGRAM,nvarchar,nvarchar(100),NULL,NULL
RDS,ReportEDFactsK12StudentAssessments,FULLYEARSTATUS,nvarchar,nvarchar(100),NULL,NULL
RDS,ReportEDFactsK12StudentAssessments,GRADELEVEL,nvarchar,nvarchar(100),NULL,NULL
RDS,ReportEDFactsK12StudentAssessments,HOMElESSNESSSTATUS,nvarchar,nvarchar(100),000149,Homelessness Status
RDS,ReportEDFactsK12StudentAssessments,TITLEIIIIMMIGRANTPARTICIPATIONSTATUS,nvarchar,nvarchar(100),000290,Title III Immigrant Participation Status
RDS,ReportEDFactsK12StudentAssessments,ENGLISHLEARNERSTATUS,nvarchar,nvarchar(100),000180,English Learner Status
RDS,ReportEDFactsK12StudentAssessments,MIGRANTSTATUS,nvarchar,nvarchar(100),000189,Migrant Status
RDS,ReportEDFactsK12StudentAssessments,OrganizationName,nvarchar,nvarchar(2000),000204,Organization Name
RDS,ReportEDFactsK12StudentAssessments,OrganizationIdentifierNces,nvarchar,nvarchar(200),000826,Organization Identifier
RDS,ReportEDFactsK12StudentAssessments,OrganizationIdentifierSea,nvarchar,nvarchar(200),000826,Organization Identifier
RDS,ReportEDFactsK12StudentAssessments,PARTICIPATIONSTATUS,nvarchar,nvarchar(100),NULL,NULL
RDS,ReportEDFactsK12StudentAssessments,PERFORMANCELEVEL,nvarchar,nvarchar(100),NULL,NULL
RDS,ReportEDFactsK12StudentAssessments,ParentOrganizationIdentifierSea,nvarchar,nvarchar(MAX),000826,Organization Identifier
RDS,ReportEDFactsK12StudentAssessments,RACE,nvarchar,nvarchar(100),001943,Race
RDS,ReportEDFactsK12StudentAssessments,ReportCode,nvarchar,nvarchar(80),NULL,NULL
RDS,ReportEDFactsK12StudentAssessments,ReportLevel,nvarchar,nvarchar(80),NULL,NULL
RDS,ReportEDFactsK12StudentAssessments,ReportYear,nvarchar,nvarchar(80),NULL,NULL
RDS,ReportEDFactsK12StudentAssessments,SECTION504STATUS,nvarchar,nvarchar(100),000249,Section 504 Status
RDS,ReportEDFactsK12StudentAssessments,SEX,nvarchar,nvarchar(100),000255,Sex
RDS,ReportEDFactsK12StudentAssessments,StateANSICode,nvarchar,nvarchar(200),000424,State ANSI Code
RDS,ReportEDFactsK12StudentAssessments,StateAbbreviationCode,nvarchar,nvarchar(200),000267,State Abbreviation
RDS,ReportEDFactsK12StudentAssessments,StateAbbreviationDescription,nvarchar,nvarchar(2000),000267,State Abbreviation
RDS,ReportEDFactsK12StudentAssessments,TableTypeAbbrv,nvarchar,nvarchar(MAX),NULL,NULL
RDS,ReportEDFactsK12StudentAssessments,TotalIndicator,nvarchar,nvarchar(MAX),NULL,NULL
RDS,ReportEDFactsK12StudentAssessments,ASSESSEDFIRSTTIME,nvarchar,nvarchar(100),NULL,NULL
RDS,ReportEDFactsK12StudentAssessments,FORMERENGLISHLEARNERYEARSTATUS,nvarchar,nvarchar(100),NULL,NULL
RDS,ReportEDFactsK12StudentAssessments,MILITARYCONNECTEDSTUDENTINDICATOR,nvarchar,nvarchar(100),001576,Military Connected Student Indicator
RDS,ReportEDFactsK12StudentAssessments,PROFICIENCYSTATUS,nvarchar,nvarchar(100),000573,Proficiency Status
RDS,ReportEDFactsK12StudentAssessments,TITLEIIIACCOUNTABILITYPROGRESSSTATUS,nvarchar,nvarchar(100),000536,Title III Accountability Progress Status
RDS,ReportEDFactsK12StudentAssessments,TITLEIIILANGUAGEINSTRUCTIONPROGRAMTYPE,nvarchar,nvarchar(100),000447,Title III Language Instruction Program Type
RDS,ReportEDFactsK12StudentAssessments,TITLEIIIPROGRAMPARTICIPATION,nvarchar,nvarchar(100),NULL,NULL
RDS,ReportEDFactsK12StudentAssessments,CTEAEDISPLACEDHOMEMAKERINDICATOR,nvarchar,nvarchar(100),000084,Career-Technical-Adult Education Displaced Homemaker Indicator
RDS,ReportEDFactsK12StudentAssessments,CTENONTRADITIONALGENDERSTATUS,nvarchar,nvarchar(100),000588,Career Technical Education Nontraditional Gender Status
RDS,ReportEDFactsK12StudentAssessments,PLACEMENTSTATUS,nvarchar,nvarchar(100),NULL,NULL
RDS,ReportEDFactsK12StudentAssessments,PLACEMENTTYPE,nvarchar,nvarchar(100),NULL,NULL
RDS,ReportEDFactsK12StudentAssessments,REPRESENTATIONSTATUS,nvarchar,nvarchar(100),NULL,NULL
RDS,ReportEDFactsK12StudentAssessments,SINGLEPARENTORSINGLEPREGNANTWOMAN,nvarchar,nvarchar(100),NULL,NULL
RDS,ReportEDFactsK12StudentAssessments,NEGLECTEDORDELINQUENTPROGRAMTYPE,nvarchar,nvarchar(100),000194,Neglected or Delinquent Program Type
RDS,ReportEDFactsK12StudentAssessments,MOBILITYSTATUS12MO,nvarchar,nvarchar(100),NULL,NULL
RDS,ReportEDFactsK12StudentAssessments,MOBILITYSTATUSSY,nvarchar,nvarchar(100),NULL,NULL
RDS,ReportEDFactsK12StudentAssessments,REFERRALSTATUS,nvarchar,nvarchar(100),NULL,NULL
RDS,ReportEDFactsK12StudentAssessments,CTEGRADUATIONRATEINCLUSION,nvarchar,nvarchar(100),000075,Career and Technical Education Graduation Rate Inclusion
RDS,ReportEDFactsK12StudentAssessments,TESTRESULT,nvarchar,nvarchar(100),NULL,NULL
RDS,ReportEDFactsK12StudentAssessments,HOMELESSPRIMARYNIGHTTIMERESIDENCE,nvarchar,nvarchar(100),000146,Homeless Primary Nighttime Residence
RDS,ReportEDFactsK12StudentAssessments,HOMELESSUNACCOMPANIEDYOUTHSTATUS,nvarchar,nvarchar(100),000148,Homeless Unaccompanied Youth Status
RDS,ReportEDFactsK12StudentAssessments,PROGRESSLEVEL,nvarchar,nvarchar(100),000561,Progress Level
RDS,ReportEDFactsK12StudentAssessments,YEAR,nvarchar,nvarchar(100),NULL,NULL
RDS,ReportEDFactsK12StudentAssessments,LONGTERMSTATUS,nvarchar,nvarchar(100),NULL,NULL
RDS,ReportEDFactsK12StudentAssessments,HIGHSCHOOLDIPLOMATYPE,nvarchar,nvarchar(100),000138,High School Diploma Type
RDS,ReportEDFactsK12StudentAssessments,ACADEMICORVOCATIONALEXITOUTCOME,nvarchar,nvarchar(100),NULL,NULL
RDS,ReportEDFactsK12StudentAssessments,ACADEMICORVOCATIONALOUTCOME,nvarchar,nvarchar(100),NULL,NULL
RDS,ReportEDFactsK12StudentAssessments,HOMELESSSERVICEDINDICATOR,nvarchar,nvarchar(100),000147,Homeless Serviced Indicator
RDS,ReportEDFactsK12StudentAssessments,PERKINSENGLISHLEARNERSTATUS,nvarchar,nvarchar(100),000581,Perkins English Learner Status
RDS,ReportEDFactsK12StudentAssessments,IDEAINDICATOR,varchar,varchar(50),000151,IDEA Indicator
RDS,ReportEDFactsK12StudentAssessments,TITLEISUPPORTSERVICES,varchar,varchar(50),000289,Title I Support Services
RDS,ReportEDFactsK12StudentAssessments,TITLEIINSTRUCTIONALSERVICES,varchar,varchar(50),000282,Title I Instructional Services
RDS,ReportEDFactsK12StudentAssessments,TITLEIPROGRAMTYPE,varchar,varchar(50),000284,Title I Program Type
RDS,ReportEDFactsK12StudentAssessments,TITLEISCHOOLSTATUS,varchar,varchar(50),000285,Title I School Status
RDS,ReportEDFactsK12StudentAssessments,PostSecondaryEnrollmentStatus,varchar,varchar(50),000094,Enrollment Status
RDS,ReportEDFactsK12StudentAssessments,AssessmentTypeAdministeredToEnglishLearners,varchar,varchar(50),000029,Assessment Type
RDS,ReportEDFactsK12StudentAttendance,ReportEDFactsK12StudentAttendanceId,int,int,NULL,NULL
RDS,ReportEDFactsK12StudentAttendance,Categories,nvarchar,nvarchar(600),NULL,NULL
RDS,ReportEDFactsK12StudentAttendance,CategorySetCode,nvarchar,nvarchar(80),NULL,NULL
RDS,ReportEDFactsK12StudentAttendance,ECODISSTATUS,nvarchar,nvarchar(100),NULL,NULL
RDS,ReportEDFactsK12StudentAttendance,HOMELESSSTATUS,nvarchar,nvarchar(100),NULL,NULL
RDS,ReportEDFactsK12StudentAttendance,LEPSTATUS,nvarchar,nvarchar(100),NULL,NULL
RDS,ReportEDFactsK12StudentAttendance,MIGRANTSTATUS,nvarchar,nvarchar(100),000189,Migrant Status
RDS,ReportEDFactsK12StudentAttendance,OrganizationName,nvarchar,nvarchar(2000),000204,Organization Name
RDS,ReportEDFactsK12StudentAttendance,OrganizationIdentifierNces,nvarchar,nvarchar(200),000826,Organization Identifier
RDS,ReportEDFactsK12StudentAttendance,OrganizationIdentifierSea,nvarchar,nvarchar(200),000826,Organization Identifier
RDS,ReportEDFactsK12StudentAttendance,ParentOrganizationIdentifierSea,nvarchar,nvarchar(200),000826,Organization Identifier
RDS,ReportEDFactsK12StudentAttendance,RACE,nvarchar,nvarchar(100),001943,Race
RDS,ReportEDFactsK12StudentAttendance,ReportCode,nvarchar,nvarchar(80),NULL,NULL
RDS,ReportEDFactsK12StudentAttendance,ReportLevel,nvarchar,nvarchar(80),NULL,NULL
RDS,ReportEDFactsK12StudentAttendance,ReportYear,nvarchar,nvarchar(80),NULL,NULL
RDS,ReportEDFactsK12StudentAttendance,SEX,nvarchar,nvarchar(100),000255,Sex
RDS,ReportEDFactsK12StudentAttendance,StateANSICode,nvarchar,nvarchar(200),000424,State ANSI Code
RDS,ReportEDFactsK12StudentAttendance,StateAbbreviationCode,nvarchar,nvarchar(200),000267,State Abbreviation
RDS,ReportEDFactsK12StudentAttendance,StateAbbreviationDescription,nvarchar,nvarchar(1000),000267,State Abbreviation
RDS,ReportEDFactsK12StudentAttendance,StudentAttendanceRate,decimal,"decimal(18,3)",000271,Student Attendance Rate
RDS,ReportEDFactsK12StudentAttendance,TableTypeAbbrv,nvarchar,nvarchar(200),NULL,NULL
RDS,ReportEDFactsK12StudentAttendance,TotalIndicator,nvarchar,nvarchar(10),NULL,NULL
RDS,ReportEDFactsK12StudentAttendance,MILITARYCONNECTEDSTATUS,nvarchar,nvarchar(100),001576,Military Connected Student Indicator
RDS,ReportEDFactsK12StudentAttendance,HOMELESSNIGHTTIMERESIDENCE,nvarchar,nvarchar(100),NULL,NULL
RDS,ReportEDFactsK12StudentAttendance,HOMELESSUNACCOMPANIEDYOUTHSTATUS,nvarchar,nvarchar(100),000148,Homeless Unaccompanied Youth Status
RDS,ReportEDFactsK12StudentAttendance,ATTENDANCE,varchar,varchar(50),NULL,NULL
RDS,ReportEDFactsK12StudentCounts,ReportEDFactsK12StudentCountId,int,int,NULL,NULL
RDS,ReportEDFactsK12StudentCounts,AGE,nvarchar,nvarchar(100),NULL,NULL
RDS,ReportEDFactsK12StudentCounts,SPECIALEDUCATIONEXITREASON,nvarchar,nvarchar(100),000260,Special Education Exit Reason
RDS,ReportEDFactsK12StudentCounts,CTEPARTICIPANT,nvarchar,nvarchar(100),000592,Career and Technical Education Participant
RDS,ReportEDFactsK12StudentCounts,Categories,nvarchar,nvarchar(600),NULL,NULL
RDS,ReportEDFactsK12StudentCounts,CategorySetCode,nvarchar,nvarchar(80),NULL,NULL
RDS,ReportEDFactsK12StudentCounts,IDEADISABILITYTYPE,nvarchar,nvarchar(100),001733,IDEA Disability Type
RDS,ReportEDFactsK12StudentCounts,ECONOMICDISADVANTAGESTATUS,nvarchar,nvarchar(100),000086,Economic Disadvantage Status
RDS,ReportEDFactsK12StudentCounts,IDEAEDUCATIONALENVIRONMENTFORSCHOOLAGE,nvarchar,nvarchar(100),000535,IDEA Educational Environment for School Age
RDS,ReportEDFactsK12StudentCounts,ELIGIBILITYSTATUSFORSCHOOLFOODSERVICEPROGRAMS,nvarchar,nvarchar(100),000092,Eligibility Status for School Food Service Programs
RDS,ReportEDFactsK12StudentCounts,PROGRAMPARTICIPATIONFOSTERCARE,nvarchar,nvarchar(100),NULL,NULL
RDS,ReportEDFactsK12StudentCounts,GRADELEVEL,nvarchar,nvarchar(100),NULL,NULL
RDS,ReportEDFactsK12StudentCounts,HOMELESSNESSSTATUS,nvarchar,nvarchar(100),000149,Homelessness Status
RDS,ReportEDFactsK12StudentCounts,TITLEIIIIMMIGRANTPARTICIPATIONSTATUS,nvarchar,nvarchar(100),000290,Title III Immigrant Participation Status
RDS,ReportEDFactsK12StudentCounts,ENGLISHLEARNERSTATUS,nvarchar,nvarchar(100),000180,English Learner Status
RDS,ReportEDFactsK12StudentCounts,MIGRANTSTATUS,nvarchar,nvarchar(100),000189,Migrant Status
RDS,ReportEDFactsK12StudentCounts,OrganizationName,nvarchar,nvarchar(2000),000204,Organization Name
RDS,ReportEDFactsK12StudentCounts,OrganizationIdentifierNces,nvarchar,nvarchar(200),000826,Organization Identifier
RDS,ReportEDFactsK12StudentCounts,OrganizationIdentifierSea,nvarchar,nvarchar(200),000826,Organization Identifier
RDS,ReportEDFactsK12StudentCounts,ParentOrganizationIdentifierSea,nvarchar,nvarchar(200),000826,Organization Identifier
RDS,ReportEDFactsK12StudentCounts,RACE,nvarchar,nvarchar(100),001943,Race
RDS,ReportEDFactsK12StudentCounts,ReportCode,nvarchar,nvarchar(80),NULL,NULL
RDS,ReportEDFactsK12StudentCounts,ReportLevel,nvarchar,nvarchar(80),NULL,NULL
RDS,ReportEDFactsK12StudentCounts,ReportYear,nvarchar,nvarchar(80),NULL,NULL
RDS,ReportEDFactsK12StudentCounts,SECTION504STATUS,nvarchar,nvarchar(100),000249,Section 504 Status
RDS,ReportEDFactsK12StudentCounts,SEX,nvarchar,nvarchar(100),000255,Sex
RDS,ReportEDFactsK12StudentCounts,StateANSICode,nvarchar,nvarchar(200),000424,State ANSI Code
RDS,ReportEDFactsK12StudentCounts,StateAbbreviationCode,nvarchar,nvarchar(200),000267,State Abbreviation
RDS,ReportEDFactsK12StudentCounts,StateAbbreviationDescription,nvarchar,nvarchar(1000),000267,State Abbreviation
RDS,ReportEDFactsK12StudentCounts,StudentCount,int,int,NULL,NULL
RDS,ReportEDFactsK12StudentCounts,TITLEISUPPORTSERVICES,nvarchar,nvarchar(100),000289,Title I Support Services
RDS,ReportEDFactsK12StudentCounts,TableTypeAbbrv,nvarchar,nvarchar(200),NULL,NULL
RDS,ReportEDFactsK12StudentCounts,TotalIndicator,nvarchar,nvarchar(10),NULL,NULL
RDS,ReportEDFactsK12StudentCounts,CONTINUATIONOFSERVICESREASON,nvarchar,nvarchar(100),000429,Continuation of Services Reason
RDS,ReportEDFactsK12StudentCounts,HIGHSCHOOLDIPLOMATYPE,nvarchar,nvarchar(100),000138,High School Diploma Type
RDS,ReportEDFactsK12StudentCounts,ISO6392LANGUAGECODE,nvarchar,nvarchar(100),000317,ISO 639-2 Language Code
RDS,ReportEDFactsK12StudentCounts,CONSOLIDATEDMEPFUNDSSTATUS,nvarchar,nvarchar(100),000542,Consolidated Migrant Education Program Funds Status
RDS,ReportEDFactsK12StudentCounts,MIGRANTEDUCATIONPROGRAMSERVICESTYPE,nvarchar,nvarchar(100),000186,Migrant Education Program Services Type
RDS,ReportEDFactsK12StudentCounts,MIGRANTPRIORITIZEDFORSERVICES,nvarchar,nvarchar(100),000562,Migrant Prioritized for Services
RDS,ReportEDFactsK12StudentCounts,MOBILITYSTATUS12MO,nvarchar,nvarchar(100),NULL,NULL
RDS,ReportEDFactsK12StudentCounts,MOBILITYSTATUSSY,nvarchar,nvarchar(100),NULL,NULL
RDS,ReportEDFactsK12StudentCounts,REFERRALSTATUS,nvarchar,nvarchar(100),NULL,NULL
RDS,ReportEDFactsK12StudentCounts,TITLEIINSTRUCTIONALSERVICES,nvarchar,nvarchar(100),000282,Title I Instructional Services
RDS,ReportEDFactsK12StudentCounts,TITLEIPROGRAMTYPE,nvarchar,nvarchar(100),000284,Title I Program Type
RDS,ReportEDFactsK12StudentCounts,TITLEISCHOOLSTATUS,nvarchar,nvarchar(100),000285,Title I School Status
RDS,ReportEDFactsK12StudentCounts,MIGRANTEDUCATIONPROGRAMENROLLMENTTYPE,nvarchar,nvarchar(100),000437,Migrant Education Program Enrollment Type
RDS,ReportEDFactsK12StudentCounts,FORMERENGLISHLEARNERYEARSTATUS,nvarchar,nvarchar(100),NULL,NULL
RDS,ReportEDFactsK12StudentCounts,MILITARYCONNECTEDSTUDENTINDICATOR,nvarchar,nvarchar(100),001576,Military Connected Student Indicator
RDS,ReportEDFactsK12StudentCounts,PROFICIENCYSTATUS,nvarchar,nvarchar(100),000573,Proficiency Status
RDS,ReportEDFactsK12StudentCounts,TITLEIIIACCOUNTABILITYPROGRESSSTATUS,nvarchar,nvarchar(100),000536,Title III Accountability Progress Status
RDS,ReportEDFactsK12StudentCounts,TITLEIIILANGUAGEINSTRUCTIONPROGRAMTYPE,nvarchar,nvarchar(100),000447,Title III Language Instruction Program Type
RDS,ReportEDFactsK12StudentCounts,TITLEIIIIMMIGRANTSTATUS,nvarchar,nvarchar(100),000291,Title III Immigrant Status
RDS,ReportEDFactsK12StudentCounts,CTEAEDISPLACEDHOMEMAKERINDICATOR,nvarchar,nvarchar(100),000084,Career-Technical-Adult Education Displaced Homemaker Indicator
RDS,ReportEDFactsK12StudentCounts,CTENONTRADITIONALGENDERSTATUS,nvarchar,nvarchar(100),000588,Career Technical Education Nontraditional Gender Status
RDS,ReportEDFactsK12StudentCounts,REPRESENTATIONSTATUS,nvarchar,nvarchar(100),NULL,NULL
RDS,ReportEDFactsK12StudentCounts,SINGLEPARENTORSINGLEPREGNANTWOMANSTATUS,nvarchar,nvarchar(100),000580,Single Parent or Single Pregnant Woman Status
RDS,ReportEDFactsK12StudentCounts,CTEGRADUATIONRATEINCLUSION,nvarchar,nvarchar(100),000075,Career and Technical Education Graduation Rate Inclusion
RDS,ReportEDFactsK12StudentCounts,SCHOOLIMPROVEMENTSTATUS,nvarchar,nvarchar(MAX),000240,School Improvement Status
RDS,ReportEDFactsK12StudentCounts,PERSISTENTLYDANGEROUSSTATUS,nvarchar,nvarchar(MAX),000210,Persistently Dangerous Status
RDS,ReportEDFactsK12StudentCounts,HOMELESSPRIMARYNIGHTTIMERESIDENCE,nvarchar,nvarchar(100),000146,Homeless Primary Nighttime Residence
RDS,ReportEDFactsK12StudentCounts,HOMELESSUNACCOMPANIEDYOUTHSTATUS,nvarchar,nvarchar(100),000148,Homeless Unaccompanied Youth Status
RDS,ReportEDFactsK12StudentCounts,ATTENDANCE,varchar,varchar(50),NULL,NULL
RDS,ReportEDFactsK12StudentCounts,PostSecondaryEnrollmentStatus,varchar,varchar(50),000094,Enrollment Status
RDS,ReportEDFactsK12StudentCounts,ADJUSTEDCOHORTGRADUATIONRATE,decimal,"decimal(9,2)",NULL,NULL
RDS,ReportEDFactsK12StudentCounts,COHORTSTATUS,varchar,varchar(50),NULL,NULL
RDS,ReportEDFactsK12StudentCounts,EDFACTSACADEMICORCAREERANDTECHNICALOUTCOMETYPE,nvarchar,nvarchar(100),001978,EDFacts Academic or Career and Technical Outcome Type
RDS,ReportEDFactsK12StudentCounts,NEGLECTEDORDELINQUENTPROGRAMTYPE,nvarchar,nvarchar(100),000194,Neglected or Delinquent Program Type
RDS,ReportEDFactsK12StudentCounts,YEAR,nvarchar,nvarchar(40),NULL,NULL
RDS,ReportEDFactsK12StudentCounts,NEGLECTEDORDELINQUENTLONGTERMSTATUS,nvarchar,nvarchar(100),NULL,NULL
RDS,ReportEDFactsK12StudentCounts,PROGRESSLEVEL,nvarchar,nvarchar(100),000561,Progress Level
RDS,ReportEDFactsK12StudentCounts,ASSESSMENTACADEMICSUBJECT,nvarchar,nvarchar(100),000021,Assessment Academic Subject
RDS,ReportEDFactsK12StudentCounts,EDFACTSACADEMICORCAREERANDTECHNICALOUTCOMEEXITTYPE,nvarchar,nvarchar(100),001979,EDFacts Academic or Career and Technical Outcome Exit Type
RDS,ReportEDFactsK12StudentCounts,HOMELESSSERVICEDINDICATOR,nvarchar,nvarchar(100),000147,Homeless Serviced Indicator
RDS,ReportEDFactsK12StudentCounts,PERKINSENGLISHLEARNERSTATUS,nvarchar,nvarchar(100),000581,Perkins English Learner Status
RDS,ReportEDFactsK12StudentCounts,IDEAINDICATOR,varchar,varchar(50),000151,IDEA Indicator
RDS,ReportEDFactsK12StudentCounts,CTECONCENTRATOR,nvarchar,nvarchar(100),000037,Career and Technical Education Concentrator
RDS,ReportEDFactsK12StudentCounts,IDEAEDUCATIONALENVIRONMENTFOREARLYCHILDHOOD,nvarchar,nvarchar(100),000559,IDEA Educational Environment for Early Childhood
RDS,ReportEDFactsK12StudentDisciplines,ReportEDFactsK12StudentDisciplineId,int,int,NULL,NULL
RDS,ReportEDFactsK12StudentDisciplines,AGE,nvarchar,nvarchar(100),NULL,NULL
RDS,ReportEDFactsK12StudentDisciplines,SPECIALEDUCATIONEXITREASON,nvarchar,nvarchar(100),000260,Special Education Exit Reason
RDS,ReportEDFactsK12StudentDisciplines,CTEPARTICIPANT,nvarchar,nvarchar(100),000592,Career and Technical Education Participant
RDS,ReportEDFactsK12StudentDisciplines,Categories,nvarchar,nvarchar(600),NULL,NULL
RDS,ReportEDFactsK12StudentDisciplines,CategorySetCode,nvarchar,nvarchar(80),NULL,NULL
RDS,ReportEDFactsK12StudentDisciplines,IDEADISABILITYTYPE,nvarchar,nvarchar(100),001733,IDEA Disability Type
RDS,ReportEDFactsK12StudentDisciplines,DISCIPLINARYACTIONTAKEN,nvarchar,nvarchar(100),000488,Disciplinary Action Taken
RDS,ReportEDFactsK12StudentDisciplines,DISCIPLINEMETHODOFCHILDRENWITHDISABILITIES,nvarchar,nvarchar(100),000538,Discipline Method of Children with Disabilities
RDS,ReportEDFactsK12StudentDisciplines,DisciplineCount,int,int,NULL,NULL
RDS,ReportEDFactsK12StudentDisciplines,ECONOMICDISADVANTAGESTATUS,nvarchar,nvarchar(100),000086,Economic Disadvantage Status
RDS,ReportEDFactsK12StudentDisciplines,EDUCATIONALSERVICESAFTERREMOVAL,nvarchar,nvarchar(100),000578,Educational Services After Removal
RDS,ReportEDFactsK12StudentDisciplines,IDEAEDUCATIONALENVIRONMENTFORSCHOOLAGE,nvarchar,nvarchar(100),000535,IDEA Educational Environment for School Age
RDS,ReportEDFactsK12StudentDisciplines,ELIGIBILITYSTATUSFORSCHOOLFOODSERVICEPROGRAMS,nvarchar,nvarchar(100),000092,Eligibility Status for School Food Service Programs
RDS,ReportEDFactsK12StudentDisciplines,PROGRAMPARTICIPATIONFOSTERCARE,nvarchar,nvarchar(100),NULL,NULL
RDS,ReportEDFactsK12StudentDisciplines,HOMELESSNESSSTATUS,nvarchar,nvarchar(100),000149,Homelessness Status
RDS,ReportEDFactsK12StudentDisciplines,TITLEIIIIMMIGRANTPARTICIPATIONSTATUS,nvarchar,nvarchar(100),000290,Title III Immigrant Participation Status
RDS,ReportEDFactsK12StudentDisciplines,ENGLISHLEARNERSTATUS,nvarchar,nvarchar(100),000180,English Learner Status
RDS,ReportEDFactsK12StudentDisciplines,MIGRANTSTATUS,nvarchar,nvarchar(100),000189,Migrant Status
RDS,ReportEDFactsK12StudentDisciplines,OrganizationName,nvarchar,nvarchar(2000),000204,Organization Name
RDS,ReportEDFactsK12StudentDisciplines,OrganizationIdentifierNces,nvarchar,nvarchar(200),000826,Organization Identifier
RDS,ReportEDFactsK12StudentDisciplines,OrganizationIdentifierSea,nvarchar,nvarchar(200),000826,Organization Identifier
RDS,ReportEDFactsK12StudentDisciplines,ParentOrganizationIdentifierSea,nvarchar,nvarchar(MAX),000826,Organization Identifier
RDS,ReportEDFactsK12StudentDisciplines,RACE,nvarchar,nvarchar(100),001943,Race
RDS,ReportEDFactsK12StudentDisciplines,REMOVALLENGTH,nvarchar,nvarchar(100),NULL,NULL
RDS,ReportEDFactsK12StudentDisciplines,IDEAINTERIMREMOVALREASON,nvarchar,nvarchar(100),000539,IDEA Interim Removal Reason
RDS,ReportEDFactsK12StudentDisciplines,IDEAINTERIMREMOVAL,nvarchar,nvarchar(100),000541,IDEA Interim Removal
RDS,ReportEDFactsK12StudentDisciplines,ReportCode,nvarchar,nvarchar(80),NULL,NULL
RDS,ReportEDFactsK12StudentDisciplines,ReportLevel,nvarchar,nvarchar(80),NULL,NULL
RDS,ReportEDFactsK12StudentDisciplines,ReportYear,nvarchar,nvarchar(80),NULL,NULL
RDS,ReportEDFactsK12StudentDisciplines,SECTION504STATUS,nvarchar,nvarchar(100),000249,Section 504 Status
RDS,ReportEDFactsK12StudentDisciplines,SEX,nvarchar,nvarchar(100),000255,Sex
RDS,ReportEDFactsK12StudentDisciplines,StateANSICode,nvarchar,nvarchar(200),000424,State ANSI Code
RDS,ReportEDFactsK12StudentDisciplines,StateAbbreviationCode,nvarchar,nvarchar(200),000267,State Abbreviation
RDS,ReportEDFactsK12StudentDisciplines,StateAbbreviationDescription,nvarchar,nvarchar(2000),000267,State Abbreviation
RDS,ReportEDFactsK12StudentDisciplines,TableTypeAbbrv,nvarchar,nvarchar(MAX),NULL,NULL
RDS,ReportEDFactsK12StudentDisciplines,TotalIndicator,nvarchar,nvarchar(MAX),NULL,NULL
RDS,ReportEDFactsK12StudentDisciplines,MILITARYCONNECTEDSTUDENTINDICATOR,nvarchar,nvarchar(100),001576,Military Connected Student Indicator
RDS,ReportEDFactsK12StudentDisciplines,TITLEIIIIMMIGRANTSTATUS,nvarchar,nvarchar(100),000291,Title III Immigrant Status
RDS,ReportEDFactsK12StudentDisciplines,HOMELESSPRIMARYNIGHTTIMERESIDENCE,nvarchar,nvarchar(100),000146,Homeless Primary Nighttime Residence
RDS,ReportEDFactsK12StudentDisciplines,HOMELESSUNACCOMPANIEDYOUTHSTATUS,nvarchar,nvarchar(100),000148,Homeless Unaccompanied Youth Status
RDS,ReportEDFactsK12StudentDisciplines,DISCIPLINEELSTATUS,varchar,varchar(50),NULL,NULL
RDS,ReportEDFactsK12StudentDisciplines,FIREARMTYPE,varchar,varchar(50),000557,Firearm Type
RDS,ReportEDFactsK12StudentDisciplines,DISCIPLINEMETHODFORFIREARMSINCIDENTS,varchar,varchar(50),000555,Discipline Method for Firearms Incidents
RDS,ReportEDFactsK12StudentDisciplines,IDEADISCIPLINEMETHODFORFIREARMSINCIDENTS,varchar,varchar(50),000555,Discipline Method for Firearms Incidents
RDS,ReportEDFactsK12StudentDisciplines,GRADELEVEL,varchar,varchar(50),NULL,NULL
RDS,ReportEDFactsK12StudentDisciplines,YEAR,nvarchar,nvarchar(100),NULL,NULL
RDS,ReportEDFactsK12StudentDisciplines,CTEAEDISPLACEDHOMEMAKERINDICATOR,nvarchar,nvarchar(100),000084,Career-Technical-Adult Education Displaced Homemaker Indicator
RDS,ReportEDFactsK12StudentDisciplines,CTENONTRADITIONALGENDERSTATUS,nvarchar,nvarchar(100),000588,Career Technical Education Nontraditional Gender Status
RDS,ReportEDFactsK12StudentDisciplines,SINGLEPARENTORSINGLEPREGNANTWOMANSTATUS,nvarchar,nvarchar(100),000580,Single Parent or Single Pregnant Woman Status
RDS,ReportEDFactsK12StudentDisciplines,CTEGRADUATIONRATEINCLUSION,nvarchar,nvarchar(100),000075,Career and Technical Education Graduation Rate Inclusion
RDS,ReportEDFactsK12StudentDisciplines,REPRESENTATIONSTATUS,nvarchar,nvarchar(100),NULL,NULL
RDS,ReportEDFactsK12StudentDisciplines,HOMELESSSERVICEDINDICATOR,nvarchar,nvarchar(100),000147,Homeless Serviced Indicator
RDS,ReportEDFactsK12StudentDisciplines,PERKINSENGLISHLEARNERSTATUS,nvarchar,nvarchar(100),000581,Perkins English Learner Status
RDS,ReportEDFactsK12StudentDisciplines,IDEAINDICATOR,varchar,varchar(50),000151,IDEA Indicator
RDS,ReportEDFactsK12StudentDisciplines,CTECONCENTRATOR,nvarchar,nvarchar(100),000037,Career and Technical Education Concentrator
RDS,ReportEDFactsK12StudentDisciplines,IDEAEDUCATIONALENVIRONMENTFOREARLYCHILDHOOD,nvarchar,nvarchar(100),000559,IDEA Educational Environment for Early Childhood
RDS,ReportEDFactsK12StudentDisciplines,DISCIPLINEREASON,nvarchar,nvarchar(100),000545,Discipline Reason
RDS,ReportEDFactsK12StudentDisciplines,INCIDENTBEHAVIOR,nvarchar,nvarchar(100),000509,Incident Behavior
RDS,ReportEDFactsK12StudentDisciplines,INCIDENTINJURYTYPE,nvarchar,nvarchar(100),000510,Incident Injury Type
RDS,ReportEDFactsOrganizationCounts,ReportEDFactsOrganizationCountId,int,int,NULL,NULL
RDS,ReportEDFactsOrganizationCounts,CSSOEmail,nvarchar,nvarchar(200),NULL,NULL
RDS,ReportEDFactsOrganizationCounts,CSSOFirstName,nvarchar,nvarchar(150),000115,First Name
RDS,ReportEDFactsOrganizationCounts,CSSOLastOrSurname,nvarchar,nvarchar(150),000172,Last or Surname
RDS,ReportEDFactsOrganizationCounts,CSSOTelephone,nvarchar,nvarchar(48),NULL,NULL
RDS,ReportEDFactsOrganizationCounts,CSSOTitle,nvarchar,nvarchar(200),NULL,NULL
RDS,ReportEDFactsOrganizationCounts,Categories,nvarchar,nvarchar(600),NULL,NULL
RDS,ReportEDFactsOrganizationCounts,CategorySetCode,nvarchar,nvarchar(80),NULL,NULL
RDS,ReportEDFactsOrganizationCounts,CharterLeaStatus,nvarchar,nvarchar(200),NULL,NULL
RDS,ReportEDFactsOrganizationCounts,CharterSchoolAuthorizerIdPrimary,nvarchar,nvarchar(100),NULL,NULL
RDS,ReportEDFactsOrganizationCounts,CharterSchoolAuthorizerIdSecondary,nvarchar,nvarchar(100),NULL,NULL
RDS,ReportEDFactsOrganizationCounts,CharterSchoolStatus,nvarchar,nvarchar(200),NULL,NULL
RDS,ReportEDFactsOrganizationCounts,EffectiveDate,nvarchar,nvarchar(100),NULL,NULL
RDS,ReportEDFactsOrganizationCounts,GRADELEVEL,nvarchar,nvarchar(100),NULL,NULL
RDS,ReportEDFactsOrganizationCounts,LEAType,nvarchar,nvarchar(100),000537,Local Education Agency Type
RDS,ReportEDFactsOrganizationCounts,LEATypeId,nvarchar,nvarchar(MAX),NULL,NULL
RDS,ReportEDFactsOrganizationCounts,MAGNETSTATUS,nvarchar,nvarchar(MAX),NULL,NULL
RDS,ReportEDFactsOrganizationCounts,MailingAddressCity,nvarchar,nvarchar(100),000040,Address City
RDS,ReportEDFactsOrganizationCounts,MailingAddressPostalCode,nvarchar,nvarchar(34),000214,Address Postal Code
RDS,ReportEDFactsOrganizationCounts,MailingAddressState,nvarchar,nvarchar(100),NULL,NULL
RDS,ReportEDFactsOrganizationCounts,MailingAddressStreet,nvarchar,nvarchar(200),NULL,NULL
RDS,ReportEDFactsOrganizationCounts,NSLPSTATUS,nvarchar,nvarchar(MAX),NULL,NULL
RDS,ReportEDFactsOrganizationCounts,OperationalStatus,nvarchar,nvarchar(100),NULL,NULL
RDS,ReportEDFactsOrganizationCounts,OperationalStatusId,nvarchar,nvarchar(MAX),NULL,NULL
RDS,ReportEDFactsOrganizationCounts,OrganizationCount,int,int,NULL,NULL
RDS,ReportEDFactsOrganizationCounts,OrganizationId,int,int,NULL,NULL
RDS,ReportEDFactsOrganizationCounts,OrganizationName,nvarchar,nvarchar(2000),000204,Organization Name
RDS,ReportEDFactsOrganizationCounts,OrganizationNcesId,nvarchar,nvarchar(200),NULL,NULL
RDS,ReportEDFactsOrganizationCounts,OrganizationStateId,nvarchar,nvarchar(200),NULL,NULL
RDS,ReportEDFactsOrganizationCounts,OutOfStateIndicator,nvarchar,nvarchar(MAX),NULL,NULL
RDS,ReportEDFactsOrganizationCounts,ParentOrganizationStateId,nvarchar,nvarchar(200),NULL,NULL
RDS,ReportEDFactsOrganizationCounts,PhysicalAddressCity,nvarchar,nvarchar(100),000040,Address City
RDS,ReportEDFactsOrganizationCounts,PhysicalAddressPostalCode,nvarchar,nvarchar(34),000214,Address Postal Code
RDS,ReportEDFactsOrganizationCounts,PhysicalAddressState,nvarchar,nvarchar(100),NULL,NULL
RDS,ReportEDFactsOrganizationCounts,PhysicalAddressStreet,nvarchar,nvarchar(200),NULL,NULL
RDS,ReportEDFactsOrganizationCounts,PriorLeaStateIdentifier,nvarchar,nvarchar(100),NULL,NULL
RDS,ReportEDFactsOrganizationCounts,PriorSchoolStateIdentifier,nvarchar,nvarchar(100),NULL,NULL
RDS,ReportEDFactsOrganizationCounts,ReconstitutedStatus,nvarchar,nvarchar(200),000230,Reconstituted Status
RDS,ReportEDFactsOrganizationCounts,ReportCode,nvarchar,nvarchar(80),NULL,NULL
RDS,ReportEDFactsOrganizationCounts,ReportLevel,nvarchar,nvarchar(80),NULL,NULL
RDS,ReportEDFactsOrganizationCounts,ReportYear,nvarchar,nvarchar(80),NULL,NULL
RDS,ReportEDFactsOrganizationCounts,SHAREDTIMESTATUS,nvarchar,nvarchar(MAX),NULL,NULL
RDS,ReportEDFactsOrganizationCounts,SchoolType,nvarchar,nvarchar(100),000242,School Type
RDS,ReportEDFactsOrganizationCounts,SchoolTypeId,nvarchar,nvarchar(MAX),NULL,NULL
RDS,ReportEDFactsOrganizationCounts,StateANSICode,nvarchar,nvarchar(200),000424,State ANSI Code
RDS,ReportEDFactsOrganizationCounts,StateCode,nvarchar,nvarchar(200),NULL,NULL
RDS,ReportEDFactsOrganizationCounts,StateName,nvarchar,nvarchar(2000),NULL,NULL
RDS,ReportEDFactsOrganizationCounts,SupervisoryUnionIdentificationNumber,nchar,nchar(6),NULL,NULL
RDS,ReportEDFactsOrganizationCounts,TITLE1SCHOOLSTATUS,nvarchar,nvarchar(MAX),NULL,NULL
RDS,ReportEDFactsOrganizationCounts,TableTypeAbbrv,nvarchar,nvarchar(200),NULL,NULL
RDS,ReportEDFactsOrganizationCounts,Telephone,nvarchar,nvarchar(48),NULL,NULL
RDS,ReportEDFactsOrganizationCounts,TotalIndicator,nvarchar,nvarchar(10),NULL,NULL
RDS,ReportEDFactsOrganizationCounts,UpdatedOperationalStatus,nvarchar,nvarchar(100),NULL,NULL
RDS,ReportEDFactsOrganizationCounts,UpdatedOperationalStatusId,nvarchar,nvarchar(MAX),NULL,NULL
RDS,ReportEDFactsOrganizationCounts,VIRTUALSCHSTATUS,nvarchar,nvarchar(MAX),NULL,NULL
RDS,ReportEDFactsOrganizationCounts,Website,nvarchar,nvarchar(200),NULL,NULL
RDS,ReportEDFactsOrganizationCounts,TitleiParentalInvolveRes,int,int,NULL,NULL
RDS,ReportEDFactsOrganizationCounts,TitleiPartaAllocations,int,int,NULL,NULL
RDS,ReportEDFactsOrganizationCounts,ParentOrganizationNcesId,nvarchar,nvarchar(200),NULL,NULL
RDS,ReportEDFactsOrganizationCounts,CharterSchoolIndicator,bit,bit,000039,Charter School Indicator
RDS,ReportEDFactsOrganizationCounts,CharterSchoolContractIdNumber,nvarchar,nvarchar(MAX),001651,Charter School Contract Id Number
RDS,ReportEDFactsOrganizationCounts,CharterContractApprovalDate,nvarchar,nvarchar(MAX),NULL,NULL
RDS,ReportEDFactsOrganizationCounts,CharterContractRenewalDate,nvarchar,nvarchar(MAX),NULL,NULL
RDS,ReportEDFactsOrganizationCounts,LeaNcesIdentifier,nvarchar,nvarchar(MAX),NULL,NULL
RDS,ReportEDFactsOrganizationCounts,LeaStateIdentifier,nvarchar,nvarchar(MAX),NULL,NULL
RDS,ReportEDFactsOrganizationCounts,ManagementOrganizationType,nvarchar,nvarchar(MAX),NULL,NULL
RDS,ReportEDFactsOrganizationCounts,IMPROVEMENTSTATUS,nvarchar,nvarchar(MAX),NULL,NULL
RDS,ReportEDFactsOrganizationCounts,PERSISTENTLYDANGEROUSSTATUS,nvarchar,nvarchar(MAX),000210,Persistently Dangerous Status
RDS,ReportEDFactsOrganizationCounts,CHARTERSCHOOLMANAGERORGANIZATION,nvarchar,nvarchar(MAX),NULL,NULL
RDS,ReportEDFactsOrganizationCounts,CHARTERSCHOOLUPDATEDMANAGERORGANIZATION,nvarchar,nvarchar(MAX),NULL,NULL
RDS,ReportEDFactsOrganizationCounts,STATEPOVERTYDESIGNATION,nvarchar,nvarchar(100),000585,State Poverty Designation
RDS,ReportEDFactsOrganizationCounts,SCHOOLIMPROVEMENTFUNDS,int,int,NULL,NULL
RDS,ReportEDFactsOrganizationCounts,EconomicallyDisadvantagedStudentCount,int,int,NULL,NULL
RDS,ReportEDFactsOrganizationCounts,McKinneyVentoSubgrantRecipient,varchar,varchar(50),NULL,NULL
RDS,ReportEDFactsOrganizationCounts,ProgressAchievingEnglishLanguage,nvarchar,nvarchar(MAX),NULL,NULL
RDS,ReportEDFactsOrganizationCounts,StateDefinedStatus,nvarchar,nvarchar(MAX),NULL,NULL
RDS,ReportEDFactsOrganizationCounts,REAPAlternativeFundingStatus,nvarchar,nvarchar(100),000560,Rural Education Achievement Program Alternative Funding Status
RDS,ReportEDFactsOrganizationCounts,GraduationRate,nvarchar,nvarchar(100),NULL,NULL
RDS,ReportEDFactsOrganizationCounts,GunFreeStatus,nvarchar,nvarchar(100),NULL,NULL
RDS,ReportEDFactsOrganizationCounts,FederalFundAllocationType,nvarchar,nvarchar(40),NULL,NULL
RDS,ReportEDFactsOrganizationCounts,FederalProgramCode,nvarchar,nvarchar(40),000547,Federal Program Code
RDS,ReportEDFactsOrganizationCounts,FederalFundAllocated,int,int,NULL,NULL
RDS,ReportEDFactsOrganizationCounts,ComprehensiveAndTargetedSupportCode,nvarchar,nvarchar(100),NULL,NULL
RDS,ReportEDFactsOrganizationCounts,ComprehensiveSupportCode,nvarchar,nvarchar(100),NULL,NULL
RDS,ReportEDFactsOrganizationCounts,TargetedSupportCode,nvarchar,nvarchar(100),NULL,NULL
RDS,ReportEDFactsOrganizationCounts,ComprehensiveSupportImprovementCode,nvarchar,nvarchar(100),NULL,NULL
RDS,ReportEDFactsOrganizationCounts,TargetedSupportImprovementCode,nvarchar,nvarchar(100),NULL,NULL
RDS,ReportEDFactsOrganizationCounts,AdditionalTargetedSupportandImprovementCode,nvarchar,nvarchar(100),NULL,NULL
RDS,ReportEDFactsOrganizationCounts,AppropriationMethodCode,nvarchar,nvarchar(100),NULL,NULL
RDS,ReportEDFactsOrganizationStatusCounts,ReportEDFactsOrganizationStatusCountId,int,int,NULL,NULL
RDS,ReportEDFactsOrganizationStatusCounts,Categories,nvarchar,nvarchar(600),NULL,NULL
RDS,ReportEDFactsOrganizationStatusCounts,CategorySetCode,nvarchar,nvarchar(80),NULL,NULL
RDS,ReportEDFactsOrganizationStatusCounts,ReportCode,nvarchar,nvarchar(80),NULL,NULL
RDS,ReportEDFactsOrganizationStatusCounts,ReportLevel,nvarchar,nvarchar(80),NULL,NULL
RDS,ReportEDFactsOrganizationStatusCounts,ReportYear,nvarchar,nvarchar(80),NULL,NULL
RDS,ReportEDFactsOrganizationStatusCounts,StateANSICode,nvarchar,nvarchar(200),000424,State ANSI Code
RDS,ReportEDFactsOrganizationStatusCounts,StateCode,nvarchar,nvarchar(200),NULL,NULL
RDS,ReportEDFactsOrganizationStatusCounts,StateName,nvarchar,nvarchar(1000),NULL,NULL
RDS,ReportEDFactsOrganizationStatusCounts,OrganizationId,int,int,NULL,NULL
RDS,ReportEDFactsOrganizationStatusCounts,OrganizationName,nvarchar,nvarchar(2000),000204,Organization Name
RDS,ReportEDFactsOrganizationStatusCounts,OrganizationNcesId,nvarchar,nvarchar(200),NULL,NULL
RDS,ReportEDFactsOrganizationStatusCounts,OrganizationStateId,nvarchar,nvarchar(200),NULL,NULL
RDS,ReportEDFactsOrganizationStatusCounts,ParentOrganizationStateId,nvarchar,nvarchar(200),NULL,NULL
RDS,ReportEDFactsOrganizationStatusCounts,RACE,nvarchar,nvarchar(100),001943,Race
RDS,ReportEDFactsOrganizationStatusCounts,DISABILITY,nvarchar,nvarchar(100),NULL,NULL
RDS,ReportEDFactsOrganizationStatusCounts,LEPSTATUS,nvarchar,nvarchar(100),NULL,NULL
RDS,ReportEDFactsOrganizationStatusCounts,ECODISSTATUS,nvarchar,nvarchar(100),NULL,NULL
RDS,ReportEDFactsOrganizationStatusCounts,INDICATORSTATUS,nvarchar,nvarchar(100),NULL,NULL
RDS,ReportEDFactsOrganizationStatusCounts,STATEDEFINEDSTATUSCODE,nvarchar,nvarchar(100),NULL,NULL
RDS,ReportEDFactsOrganizationStatusCounts,OrganizationStatusCount,int,int,NULL,NULL
RDS,ReportEDFactsOrganizationStatusCounts,STATEDEFINEDCUSTOMINDICATORCODE,nvarchar,nvarchar(100),NULL,NULL
RDS,ReportEDFactsOrganizationStatusCounts,TableTypeAbbrv,nvarchar,nvarchar(200),NULL,NULL
RDS,ReportEDFactsOrganizationStatusCounts,TotalIndicator,nvarchar,nvarchar(100),NULL,NULL
RDS,ReportEDFactsOrganizationStatusCounts,BASISOFEXIT,nvarchar,nvarchar(100),NULL,NULL
RDS,ReportEDFactsOrganizationStatusCounts,EDUCENV,nvarchar,nvarchar(100),NULL,NULL
RDS,ReportEDFactsOrganizationStatusCounts,HOMELESSNIGHTTIMERESIDENCE,nvarchar,nvarchar(100),NULL,NULL
RDS,ReportEDFactsOrganizationStatusCounts,HOMELESSSTATUS,nvarchar,nvarchar(100),NULL,NULL
RDS,ReportEDFactsOrganizationStatusCounts,HOMELESSUNACCOMPANIEDYOUTHSTATUS,nvarchar,nvarchar(100),000148,Homeless Unaccompanied Youth Status
RDS,ReportEDFactsOrganizationStatusCounts,MIGRANTSTATUS,nvarchar,nvarchar(100),000189,Migrant Status
RDS,ReportEDFactsOrganizationStatusCounts,MILITARYCONNECTEDSTATUS,nvarchar,nvarchar(100),NULL,NULL
RDS,ReportEDFactsOrganizationStatusCounts,SEX,nvarchar,nvarchar(100),000255,Sex
RDS,ReportEDFactsOrganizationStatusCounts,INDICATORSTATUSTYPECODE,nvarchar,nvarchar(100),NULL,NULL
RDS,ReportEDFactsSchoolPerformanceIndicators,ReportEDFactsSchoolPerformanceIndicatorId,int,int,NULL,NULL
RDS,ReportEDFactsSchoolPerformanceIndicators,Categories,nvarchar,nvarchar(600),NULL,NULL
RDS,ReportEDFactsSchoolPerformanceIndicators,CategorySetCode,nvarchar,nvarchar(80),NULL,NULL
RDS,ReportEDFactsSchoolPerformanceIndicators,ReportCode,nvarchar,nvarchar(80),NULL,NULL
RDS,ReportEDFactsSchoolPerformanceIndicators,ReportLevel,nvarchar,nvarchar(80),NULL,NULL
RDS,ReportEDFactsSchoolPerformanceIndicators,ReportYear,nvarchar,nvarchar(80),NULL,NULL
RDS,ReportEDFactsSchoolPerformanceIndicators,StateANSICode,nvarchar,nvarchar(200),000424,State ANSI Code
RDS,ReportEDFactsSchoolPerformanceIndicators,StateCode,nvarchar,nvarchar(200),NULL,NULL
RDS,ReportEDFactsSchoolPerformanceIndicators,StateName,nvarchar,nvarchar(1000),NULL,NULL
RDS,ReportEDFactsSchoolPerformanceIndicators,OrganizationId,int,int,NULL,NULL
RDS,ReportEDFactsSchoolPerformanceIndicators,OrganizationName,nvarchar,nvarchar(2000),000204,Organization Name
RDS,ReportEDFactsSchoolPerformanceIndicators,OrganizationNcesId,nvarchar,nvarchar(200),NULL,NULL
RDS,ReportEDFactsSchoolPerformanceIndicators,OrganizationStateId,nvarchar,nvarchar(200),NULL,NULL
RDS,ReportEDFactsSchoolPerformanceIndicators,ParentOrganizationStateId,nvarchar,nvarchar(200),NULL,NULL
RDS,ReportEDFactsSchoolPerformanceIndicators,RACE,nvarchar,nvarchar(100),001943,Race
RDS,ReportEDFactsSchoolPerformanceIndicators,DISABILITY,nvarchar,nvarchar(100),NULL,NULL
RDS,ReportEDFactsSchoolPerformanceIndicators,LEPSTATUS,nvarchar,nvarchar(100),NULL,NULL
RDS,ReportEDFactsSchoolPerformanceIndicators,ECODISSTATUS,nvarchar,nvarchar(100),NULL,NULL
RDS,ReportEDFactsSchoolPerformanceIndicators,SEX,nvarchar,nvarchar(100),000255,Sex
RDS,ReportEDFactsSchoolPerformanceIndicators,INDICATORSTATUS,nvarchar,nvarchar(100),NULL,NULL
RDS,ReportEDFactsSchoolPerformanceIndicators,STATEDDEFINEDSTATUSCODE,nvarchar,nvarchar(100),NULL,NULL
RDS,ReportK12PsProgramEffectiveness,ReportLevel,nvarchar,nvarchar(40),NULL,NULL
RDS,ReportK12PsProgramEffectiveness,ReportCode,nvarchar,nvarchar(40),NULL,NULL
RDS,ReportK12PsProgramEffectiveness,SchoolYear,smallint,smallint,000243,School Year
RDS,ReportK12PsProgramEffectiveness,CategorySetCode,nvarchar,nvarchar(40),NULL,NULL
RDS,ReportK12PsProgramEffectiveness,IPEDSIdentifier,nvarchar,nvarchar(80),000166,Institution IPEDS UnitID
RDS,ReportK12PsProgramEffectiveness,PsNameOfInstitution,nvarchar,nvarchar(200),000191,Name of Institution
RDS,ReportK12PsProgramEffectiveness,K12OrganizationIdentifierSea,nvarchar,nvarchar(80),000826,Organization Identifier
RDS,ReportK12PsProgramEffectiveness,K12OrganizationName,nvarchar,nvarchar(200),000204,Organization Name
RDS,ReportK12PsProgramEffectiveness,ReportMeasureLabel,nvarchar,nvarchar(200),NULL,NULL
RDS,ReportK12PsProgramEffectiveness,ReportMeasure,nvarchar,nvarchar(MAX),NULL,NULL
RDS,ReportK12PsProgramEffectiveness,Sex,nvarchar,nvarchar(20),000255,Sex
RDS,ReportK12PsProgramEffectiveness,RaceEthnicity,nvarchar,nvarchar(120),001943,Race
RDS,ReportK12PsProgramEffectiveness,EconomicDisadvantageStatus,nvarchar,nvarchar(20),000086,Economic Disadvantage Status
RDS,ReportK12PsProgramEffectiveness,IdeaIndicator,nvarchar,nvarchar(20),000151,IDEA Indicator
RDS,ReportK12PsProgramEffectiveness,HomelessPrimaryNighttimeResidence,nvarchar,nvarchar(40),000146,Homeless Primary Nighttime Residence
RDS,ReportK12PsProgramEffectiveness,MigrantStatus,nvarchar,nvarchar(20),000189,Migrant Status
RDS,ReportK12PsProgramEffectiveness,EnglishLearnerStatus,nvarchar,nvarchar(20),000180,English Learner Status
RDS,ReportPsAttainment,ReportLevel,nvarchar,nvarchar(40),NULL,NULL
RDS,ReportPsAttainment,ReportCode,nvarchar,nvarchar(40),NULL,NULL
RDS,ReportPsAttainment,SchoolYear,smallint,smallint,000243,School Year
RDS,ReportPsAttainment,CategorySetCode,nvarchar,nvarchar(40),NULL,NULL
RDS,ReportPsAttainment,IPEDSIdentifier,nvarchar,nvarchar(80),000166,Institution IPEDS UnitID
RDS,ReportPsAttainment,PsInstitutionName,nvarchar,nvarchar(200),NULL,NULL
RDS,ReportPsAttainment,ReportMeasureLabel,nvarchar,nvarchar(200),NULL,NULL
RDS,ReportPsAttainment,ReportMeasure,nvarchar,nvarchar(MAX),NULL,NULL
RDS,ReportPsAttainment,AcademicAwardYear,smallint,smallint,000001,Academic Award Date
RDS,ReportPsAttainment,AgeRange,nvarchar,nvarchar(40),NULL,NULL
RDS,ReportPsAttainment,CumulativeCreditsEarnedRange,nvarchar,nvarchar(40),NULL,NULL
RDS,ReportPsAttainment,Earned24CreditsFirst12Months,nvarchar,nvarchar(40),NULL,NULL
RDS,ReportPsAttainment,EconomicDisadvantageStatus,nvarchar,nvarchar(40),000086,Economic Disadvantage Status
RDS,ReportPsAttainment,EnglishLearnerStatus,nvarchar,nvarchar(40),000180,English Learner Status
RDS,ReportPsAttainment,EnrolledFirstToSecondFall,nvarchar,nvarchar(40),NULL,NULL
RDS,ReportPsAttainment,HomelessnessStatus,nvarchar,nvarchar(40),000149,Homelessness Status
RDS,ReportPsAttainment,IdeaIndicator,nvarchar,nvarchar(40),000151,IDEA Indicator
RDS,ReportPsAttainment,MigrantStatus,nvarchar,nvarchar(40),000189,Migrant Status
RDS,ReportPsAttainment,MostPrevalentLevelOfInstitution,nvarchar,nvarchar(40),NULL,NULL
RDS,ReportPsAttainment,PescAwardLevelTypeDescription,nvarchar,nvarchar(200),001668,PESC Award Level Type
RDS,ReportPsAttainment,RaceEthnicity,nvarchar,nvarchar(120),001943,Race
RDS,ReportPsAttainment,RemedialSession,nvarchar,nvarchar(40),NULL,NULL
RDS,ReportPsAttainment,Sex,nvarchar,nvarchar(40),000255,Sex
RDS,ReportPsAttainment,SchoolYearExitedFromHS,smallint,smallint,000243,School Year
RDS,ToggleAssessments,ToggleAssessmentId,int,int,NULL,NULL
RDS,ToggleAssessments,AssessmentName,nvarchar,nvarchar(200),NULL,NULL
RDS,ToggleAssessments,AssessmentType,nvarchar,nvarchar(400),000029,Assessment Type
RDS,ToggleAssessments,AssessmentTypeCode,nvarchar,nvarchar(200),000029,Assessment Type
RDS,ToggleAssessments,EOG,nvarchar,nvarchar(100),NULL,NULL
RDS,ToggleAssessments,Grade,nvarchar,nvarchar(4),NULL,NULL
RDS,ToggleAssessments,PerformanceLevels,nvarchar,nvarchar(4),NULL,NULL
RDS,ToggleAssessments,ProficientOrAboveLevel,nvarchar,nvarchar(4),NULL,NULL
RDS,ToggleAssessments,Subject,nvarchar,nvarchar(100),NULL,NULL
RDS,ToggleQuestionOptions,ToggleQuestionOptionId,int,int,NULL,NULL
RDS,ToggleQuestionOptions,OptionSequence,int,int,NULL,NULL
RDS,ToggleQuestionOptions,OptionText,nvarchar,nvarchar(MAX),NULL,NULL
RDS,ToggleQuestionOptions,ToggleQuestionId,int,int,NULL,NULL
RDS,ToggleQuestions,ToggleQuestionId,int,int,NULL,NULL
RDS,ToggleQuestions,EmapsQuestionAbbrv,nvarchar,nvarchar(100),NULL,NULL
RDS,ToggleQuestions,ParentToggleQuestionId,int,int,NULL,NULL
RDS,ToggleQuestions,QuestionSequence,int,int,NULL,NULL
RDS,ToggleQuestions,QuestionText,nvarchar,nvarchar(MAX),NULL,NULL
RDS,ToggleQuestions,ToggleQuestionTypeId,int,int,NULL,NULL
RDS,ToggleQuestions,ToggleSectionId,int,int,NULL,NULL
RDS,ToggleQuestionTypes,ToggleQuestionTypeId,int,int,NULL,NULL
RDS,ToggleQuestionTypes,IsMultiOption,bit,bit,NULL,NULL
RDS,ToggleQuestionTypes,ToggleQuestionTypeCode,nvarchar,nvarchar(100),NULL,NULL
RDS,ToggleQuestionTypes,ToggleQuestionTypeName,nvarchar,nvarchar(1000),NULL,NULL
RDS,ToggleResponses,ToggleResponseId,int,int,NULL,NULL
RDS,ToggleResponses,ResponseValue,nvarchar,nvarchar(MAX),NULL,NULL
RDS,ToggleResponses,ToggleQuestionId,int,int,NULL,NULL
RDS,ToggleResponses,ToggleQuestionOptionId,int,int,NULL,NULL
RDS,ToggleSections,ToggleSectionId,int,int,NULL,NULL
RDS,ToggleSections,EmapsParentSurveySectionAbbrv,nvarchar,nvarchar(100),NULL,NULL
RDS,ToggleSections,EmapsSurveySectionAbbrv,nvarchar,nvarchar(100),NULL,NULL
RDS,ToggleSections,SectionName,nvarchar,nvarchar(4000),NULL,NULL
RDS,ToggleSections,SectionSequence,int,int,NULL,NULL
RDS,ToggleSections,SectionTitle,nvarchar,nvarchar(1000),NULL,NULL
RDS,ToggleSections,ToggleSectionTypeId,int,int,NULL,NULL
RDS,ToggleSectionTypes,ToggleSectionTypeId,int,int,NULL,NULL
RDS,ToggleSectionTypes,EmapsSurveyTypeAbbrv,nvarchar,nvarchar(100),NULL,NULL
RDS,ToggleSectionTypes,SectionTypeName,nvarchar,nvarchar(1000),NULL,NULL
RDS,ToggleSectionTypes,SectionTypeSequence,int,int,NULL,NULL
RDS,ToggleSectionTypes,SectionTypeShortName,nvarchar,nvarchar(200),NULL,NULL
