"Global ID","Data Model ID","Element Name"
"001663",74974,"Organization Image URL"
"001750",74981,"Organization Region GeoJSON"
"001418",74472,"Organization Operational Status"
"000534",75774,"Operational Status Effective Date"
"000826",72282,"Organization Identifier"
"000827",72283,"Organization Identification System"
"001156",71785,"Organization Type"
"000204",74380,"Organization Name"
"000424",74389,"State ANSI Code"
"001905",75008,"Organization Relationship Type"
"000012",75813,"Administrative Funding Control"
"001072",75814,"Local Education Agency Identification System"
"001068",75815,"Local Education Agency Identifier"
"000191",75816,"Name of Institution"
"001073",75817,"School Identification System"
"001069",75818,"School Identifier"
"001487",75819,"Short Name of Organization"
"001491",75820,"State Agency Identification System"
"001490",75821,"State Agency Identifier"
"001066",74206,"Address Type for Organization"
"000269",74205,"Address Street Number and Name"
"000019",74208,"Address Apartment Room or Suite Number"
"000040",74209,"Address City"
"000267",74211,"State Abbreviation"
"000214",74210,"Address Postal Code"
"000190",74204,"Address County Name"
"001209",74207,"County ANSI Code"
"000602",74473,"Building Site Number"
"000606",74275,"Latitude"
"000607",74298,"Longitude"
"001928",75273,"Do Not Publish Indicator"
"000279",74213,"Telephone Number"
"000167",74212,"Institution Telephone Number Type"
"000219",74214,"Primary Telephone Number Indicator"
"001928",75278,"Do Not Publish Indicator"
"001927",75279,"Telephone Number Listed Status"
"000213",74474,"Position Title"
"001428",74475,"Primary Contact Indicator"
"000704",74174,"Web Site Address"
"000115",74477,"First Name"
"000184",74480,"Middle Name"
"000172",74479,"Last or Surname"
"000121",74478,"Generation Code or Suffix"
"000212",74481,"Personal Title or Prefix"
"001066",70724,"Address Type for Organization"
"000269",70709,"Address Street Number and Name"
"000019",70703,"Address Apartment Room or Suite Number"
"000040",70704,"Address City"
"000267",70708,"State Abbreviation"
"000214",70706,"Address Postal Code"
"000190",70705,"Address County Name"
"001209",72140,"County ANSI Code"
"000050",74476,"Country Code"
"000606",74257,"Latitude"
"000607",74280,"Longitude"
"001928",75274,"Do Not Publish Indicator"
"002130",76588,"Locale "
"000279",70710,"Telephone Number"
"000280",71980,"Telephone Number Type"
"000219",70707,"Primary Telephone Number Indicator"
"001928",75276,"Do Not Publish Indicator"
"001927",75277,"Telephone Number Listed Status"
"000088",73967,"Electronic Mail Address"
"000089",73969,"Electronic Mail Address Type"
"001928",75275,"Do Not Publish Indicator"
"001514",74485,"Other First Name"
"001513",74484,"Other Last Name"
"001515",74486,"Other Middle Name"
"000206",74482,"Other Name"
"000634",74483,"Other Name Type"
"000829",72285,"Early Childhood Program Enrollment Type"
"000864",72315,"Early Learning Program Year"
"000985",71436,"Session Start Time"
"000986",71437,"Session End Time"
"000866",72317,"Full-Time Employee Benefits"
"000867",72318,"Part-Time Employee Benefits"
"000868",72319,"Differential Shift Pay Indicator"
"000825",71981,"Early Learning Program Annual Operating Weeks"
"001633",74129,"Community-based Type"
"001634",74138,"Inclusive Setting Indicator"
"000012",75824,"Administrative Funding Control"
"000351",70714,"Operation Date"
"000353",70715,"Service Option Variation"
"000354",70716,"Hours Available Per Day"
"000355",70717,"Days Available Per Week"
"000356",70718,"Early Childhood Setting"
"000844",72298,"Number of Classrooms"
"000633",70723,"Early Learning Youngest Age Authorized to Serve"
"001225",71630,"Early Learning Oldest Age Authorized to Serve"
"000852",72305,"Special Circumstances Population Served"
"000862",72313,"Economic Research Service Rural-Urban Continuum Code"
"001999",75775,"Adjusted Capacity"
"002000",75776,"Adjusted Capacity Reason Type"
"000048",75777,"Control of Institution"
"002001",75778,"Early Learning Age 2 and Older Capacity"
"002002",75779,"Early Learning Age Under 2 Capacity"
"002012",75780,"Enrollment Capacity"
"000504",75781,"Facilities Identifier"
"000587",75782,"Internet Access"
"000174",75783,"Local Education Agency Operational Status"
"000537",75784,"Local Education Agency Type"
"000729",75785,"Predominant Calendar System"
"000225",75786,"Program Type"
"000241",75787,"School Level"
"000533",75788,"School Operational Status"
"001160",75789,"Virtual Indicator"
"001766",75790,"Virtual School Status"
"000704",75791,"Web Site Address"
"000632",70722,"Site Name"
"001767",75825,"National School Lunch Program Status"
"001487",75826,"Short Name of Organization"
"000585",75827,"State Poverty Designation"
"000273",75828,"Student Support Service Type"
"000284",75829,"Title I Program Type"
"000834",72288,"Facility Profit Status"
"000984",71435,"Facility Licensing Status"
"000865",72316,"State Licensed Facility Capacity"
"000828",72284,"Early Learning Program Licensing Status"
"000348",70711,"Initial License Date"
"000349",70712,"Continuing License Date"
"000350",70713,"License Exempt"
"000835",72289,"Number of Early Learning Fatalities"
"000836",72290,"Number of Early Learning Injuries"
"000837",72291,"Early Learning Program License Suspension Status"
"000838",72292,"Early Learning Program License Revocation Status"
"001999",75822,"Adjusted Capacity"
"002000",75823,"Adjusted Capacity Reason Type"
"000357",70719,"Quality Rating and Improvement System Participation"
"000358",70720,"Quality Rating and Improvement System Score"
"000830",72286,"Quality Rating and Improvement System Award Date"
"000831",72287,"Quality Rating and Improvement System Expiration Date"
"000843",72297,"Number of Quality Rating and Improvement System Levels"
"001331",73137,"Monitoring Visit Start Date"
"001332",73138,"Monitoring Visit End Date"
"001330",73136,"Organization Monitoring Notifications"
"001334",73140,"Organization Type of Monitoring"
"001333",73139,"Purpose of Monitoring Visit"
"000982",71510,"Accreditation Agency"
"000840",72294,"Accreditation Award Date"
"000841",72295,"Accreditation Expiration Date"
"001419",73301,"Organization Seeking Accreditation Date"
"001461",73368,"Quality Initiative Minimum Score"
"001460",73367,"Quality Initiative Maximum Score"
"001465",73372,"Quality Initiative Participation Start Date"
"001464",73371,"Quality Initiative Participation End Date"
"001463",73370,"Quality Initiative Participation Indicator"
"001462",73369,"Quality Initiative Score Level"
"000851",75166,"Program Health Safety Checklist Use Status"
"000983",71434,"Administrative Policy Type"
"000842",72296,"Personnel Policy Type"
"000859",72312,"Program Transition Planning Policy"
"001328",74135,"Early Learning Federal Funding Type"
"001335",74136,"Early Learning Other Federal Funding Sources"
"000547",74137,"Federal Program Code"
"001345",75792,"Financial Account Category"
"001346",75793,"Financial Account Description"
"001347",75794,"Financial Account Fund Classification"
"001349",75795,"Financial Account Program Code"
"001468",75796,"Financial Account Revenue Code"
"001348",75797,"Financial Account Name"
"001554",75798,"Financial Account Number"
"001645",75799,"Financial Account Program Name"
"001646",75800,"Financial Account Program Number"
"001647",75801,"Financial Accounting Value"
"001648",75802,"Financial Accounting Date"
"001350",75803,"Financial Accounting Period Actual Value"
"001351",75804,"Financial Accounting Period Budgeted Value"
"001644",75805,"Financial Accounting Period Encumbered Value"
"001354",75806,"Financial Expenditure Function Code"
"001555",75807,"Financial Expenditure Level of Instruction Code"
"001355",75808,"Financial Expenditure Object Code"
"001556",75809,"Financial Expenditure Project Reporting Code"
"001642",75810,"Fiscal Period Begin Date"
"001643",75811,"Fiscal Period End Date"
"001639",75812,"Fiscal Year"
"002059",76036,"Funding Source Amount"
"002058",76037,"Funding Source Percentage"
"002137",76629,"Indirect Cost Rate"
"002136",76622,"Indirect Cost Rate Agreement Approved By"
"002135",76615,"Indirect Cost Rate Agreement End Date"
"002133",76601,"Indirect Cost Rate Agreement Indicator"
"002134",76608,"Indirect Cost Rate Agreement Start Date"
"002139",76643,"Indirect Cost Rate Deviation Reason Type"
"002138",76636,"Indirect Cost Rate Stage Code"
"000863",72314,"Program Follows Salary Scale"
"001493",73433,"Technical Assistance Approved Indicator"
"001494",73437,"Technical Assistance Delivery Type"
"001495",73441,"Technical Assistance Type"
"001625",74104,"Service Partner Name"
"001624",74103,"Service Partner Description"
"001615",74088,"Memorandum of Understanding Start Date"
"001614",74087,"Memorandum of Understanding End Date"
"000845",72299,"Program Provides Translated Materials"
"001226",71631,"Language Translation Policy"
"000847",72300,"Ongoing Health Screening Policy"
"000848",72301,"Early Learning Program Developmental Screening Status"
"000849",72302,"Immunization Policy"
"000850",72303,"Referral Policy"
"000307",72845,"Required Immunization"
"001001",71440,"Special Needs Policy"
"000853",72306,"Program Provides Written Handbook"
"000854",72307,"Program Collects Parental Feedback"
"000855",72308,"Program Provides Parent Involvement Opportunity"
"000856",72309,"Program Provides Parent Education"
"000857",72310,"Parent Communication Method"
"000858",72311,"Assessment Shared with Parents"
"002104",76032,"Board Member Position Type"
"002103",76033,"Board Member Term End Date"
"002102",76034,"Board Member Term Start Date"
"002105",76035,"Board Membership Type"
"002073",76038,"Coding System Organization Type"
"002074",76039,"Education Job Type"
"002070",76040,"Job Identification System"
"002069",76041,"Job Identifier"
"002077",76042,"Job Position Expected Start Date"
"002076",76043,"Job Position Identification System"
"002075",76044,"Job Position Identifier"
"002078",76045,"Job Position Status"
"002080",76046,"Job Position Status Cancelled Reason"
"002079",76047,"Job Position Status Date"
"002071",76048,"Local Job Category"
"002072",76049,"Local Job Function"
"002063",76050,"Organization Jurisdiction Square Miles"
"000115",70622,"First Name"
"000184",70627,"Middle Name"
"000172",70626,"Last or Surname"
"000121",70623,"Generation Code or Suffix"
"000634",71964,"Other Name Type"
"001514",73627,"Other First Name"
"001515",73643,"Other Middle Name"
"001513",73611,"Other Last Name"
"000206",71965,"Other Name"
"001080",71351,"Child Identifier"
"000785",71352,"Child Identification System"
"000618",72214,"Personal Information Verification"
"001945",75506,"Personal Information Type"
"000010",70659,"Address Type for Learner or Family"
"000269",70634,"Address Street Number and Name"
"000019",70616,"Address Apartment Room or Suite Number"
"000040",70618,"Address City"
"000267",70633,"State Abbreviation"
"000214",70630,"Address Postal Code"
"000190",70628,"Address County Name"
"000050",70619,"Country Code"
"000606",74255,"Latitude"
"000607",74278,"Longitude"
"001209",75262,"County ANSI Code"
"001928",75263,"Do Not Publish Indicator"
"000279",71966,"Telephone Number"
"000280",72210,"Telephone Number Type"
"000219",72211,"Primary Telephone Number Indicator"
"001928",75264,"Do Not Publish Indicator"
"001927",75265,"Telephone Number Listed Status"
"000088",75729,"Electronic Mail Address"
"000089",75730,"Electronic Mail Address Type"
"000033",70617,"Birthdate"
"000255",70632,"Sex"
"000016",70663,"American Indian or Alaska Native"
"000020",70664,"Asian"
"000034",70665,"Black or African American"
"000192",70666,"Native Hawaiian or Other Pacific Islander"
"000301",70667,"White"
"000973",74132,"Demographic Race Two or More Races"
"001421",73305,"Other Race Indicator"
"000144",70624,"Hispanic or Latino Ethnicity"
"000149",70625,"Homelessness Status"
"000189",73291,"Migrant Status"
"000051",75266,"Country of Birth Code"
"001657",75267,"Tribal Affiliation"
"001944",75500,"Federal Race and Ethnicity Declined"
"001943",75501,"Race"
"001576",75731,"Military Connected Student Indicator"
"000532",75732,"Public School Residence Status"
"000427",75733,"State of Birth Abbreviation"
"001486",73418,"Referred To"
"001481",73411,"Referral Date"
"001483",73413,"Referral Reason"
"001484",73414,"Referral Source"
"001485",73417,"Referral Type Received"
"001482",73412,"Referral Outcome"
"000439",74714,"Medical Alert Indicator"
"001283",73562,"Allergy Type"
"001282",73561,"Allergy Severity"
"001281",73560,"Allergy Reaction Description"
"001358",73210,"Health Screening Equipment Used"
"001359",73211,"Health Screening Follow-up Recommendation"
"000306",70636,"Immunization Date"
"001248",70637,"Immunization Type"
"000703",70668,"Vision Screening Date"
"000308",70638,"Vision Screening Status"
"000705",70669,"Hearing Screening Date"
"000309",70639,"Hearing Screening Status"
"000706",70670,"Dental Screening Date"
"000310",70640,"Dental Screening Status"
"000335",70657,"Insurance Coverage"
"000336",70658,"Dental Insurance Coverage Type"
"000312",70641,"Weight at Birth"
"000313",70642,"Weeks of Gestation"
"001630",74112,"Trimester When Prenatal Care Began"
"001623",74101,"Scheduled Well Child Screening"
"001631",74113,"Well Child Screening Received Date"
"000314",70643,"Child Developmental Screening Status"
"000315",70644,"Developmental Evaluation Finding"
"001000",71419,"Assessment Early Learning Developmental Domain"
"000177",71505,"Assessment Level for Which Designed"
"000304",70635,"Early Learning Program Eligibility Category"
"001339",73146,"Early Learning Program Eligibility Status"
"001340",73147,"Early Learning Program Eligibility Status Date"
"001338",73144,"Early Learning Program Eligibility Expiration Date"
"000316",70645,"Language Type"
"000317",70646,"ISO 639-2 Language Code"
"001637",74219,"ISO 639-3 Language Code"
"001638",74226,"ISO 639-5 Language Family"
"000323",70652,"Application Date"
"000559",70660,"IDEA Educational Environment for Early Childhood"
"000324",70653,"Enrollment Date"
"000097",70620,"Enrollment Entry Date"
"000107",70621,"Enrollment Exit Date"
"000222",73457,"Exit Reason"
"000202",70629,"Number of Days in Attendance"
"000325",70654,"Participation in School Food Service Programs"
"000827",74377,"Organization Identification System"
"001466",74381,"Responsible Organization Identifier"
"001467",74384,"Responsible Organization Type"
"001946",75505,"Role"
"000201",75735,"Number of Days Absent"
"000595",75737,"Responsible School Type"
"002113",76030,"Dropout Reason Type"
"002068",76031,"Student Dropout Status"
"001328",73134,"Early Learning Federal Funding Type"
"001335",73141,"Early Learning Other Federal Funding Sources"
"000547",73161,"Federal Program Code"
"000031",74715,"Awaiting Initial IDEA Evaluation Status"
"000151",74716,"IDEA Indicator"
"000577",74718,"Disability Status"
"000249",74717,"Section 504 Status"
"000218",70631,"Primary Disability Type"
"001320",73661,"Disability Condition Type"
"001321",73663,"Disability Determination Source Type"
"000559",74453,"IDEA Educational Environment for Early Childhood"
"002131",76594,"Degree of Visual Impairment"
"002132",76598,"Visual Impairment Type"
"001242",71707,"Special Education Full Time Equivalency"
"000326",70655,"Service Entry Date"
"000327",70656,"Service Exit Date"
"001591",74060,"Early Childhood Education and Assistance Program Eligibility"
"001553",73840,"Early Childhood Services Offered"
"000321",70650,"Early Childhood Services Received"
"001488",73426,"Reason for Declined Services"
"001604",74073,"Early Learning Service Type"
"001618",74096,"Eligibility Priority Points"
"001635",74141,"Service Date"
"001356",73208,"Frequency of Service"
"000320",74140,"Individualized Program Type"
"001381",73227,"Individualized Program Planned Service Start Date"
"001520",73673,"Individualized Program Planned Service Duration"
"001519",73672,"Individualized Program Planned Service Frequency"
"001383",73229,"Individualized Program Planned Service Type"
"000260",73459,"Special Education Exit Reason"
"001714",75739,"Frequency Instances Per Cycle"
"001715",75740,"Frequency Length"
"001713",75741,"Frequency Unit"
"000323",74000,"Application Date"
"001597",74066,"Early Learning Application Identifier"
"001599",74068,"Early Learning Application Required Document"
"001593",74062,"Early Learning Enrollment Application Document Identifier"
"001594",74063,"Early Learning Enrollment Application Document Name"
"001595",74064,"Early Learning Enrollment Application Document Type"
"001592",74061,"Early Learning Enrollment Application Verification Date"
"001600",74069,"Early Learning Enrollment Application Verification Reason Type"
"001627",74108,"Site Preference Rank"
"001625",74105,"Service Partner Name"
"001624",74102,"Service Partner Description"
"000320",70649,"Individualized Program Type"
"001231",71684,"Individualized Program Service Plan Date Type"
"001236",71694,"Individualized Program Service Plan Date"
"001232",71686,"Individualized Program Date"
"001237",71696,"Individualized Program Service Plan Meeting Location"
"001238",71698,"Individualized Program Service Plan Meeting Participants"
"001239",71700,"Individualized Program Service Plan Signed By"
"001240",71702,"Individualized Program Service Plan Signature Date"
"001241",71704,"Individualized Program Service Plan Reevaluation Date"
"001510",73688,"Method of Service Delivery"
"001233",71688,"Individualized Program NonInclusion Minutes Per Week"
"001234",71690,"Individualized Program Inclusion Minutes Per Week"
"001501",73461,"IDEA IEP Status"
"001656",74354,"IDEA Part C Eligibility Category"
"001289",73826,"Career Education Plan Date"
"001290",73829,"Career Education Plan Type"
"001946",75507,"Role"
"000273",75738,"Student Support Service Type"
"001165",73889,"Goal Start Date"
"001166",74817,"Goal End Date"
"000903",73881,"Goal Description"
"000902",73891,"Goal Success Criteria"
"001367",73222,"Date of Transition Plan"
"001360",73215,"IDEA Part B 619 Potential Eligibility Indicator"
"001500",73458,"IDEA Part C to Part B Notification Date"
"001363",73218,"IDEA Part C to Part B Notification Opt Out Indicator"
"001364",73219,"IDEA Part C to Part B Notification Opt Out Date"
"001365",73220,"Transition Conference Date"
"001521",73674,"Reason for Delay of Transition Conference"
"001366",73221,"Transition Conference Decline Date"
"002125",76583,"Anticipated Date of Transition "
"002117",76573,"IDEA Part C to Part B Transition Delay Reason "
"001504",73694,"Child Outcomes Summary Progress A Indicator"
"001505",73693,"Child Outcomes Summary Progress B Indicator"
"001506",73692,"Child Outcomes Summary Progress C Indicator"
"001507",73689,"Child Outcomes Summary Rating A"
"001508",73690,"Child Outcomes Summary Rating B"
"001509",73691,"Child Outcomes Summary Rating C"
"001336",74375,"Early Learning Outcome Measurement Level"
"001503",74376,"Early Learning Outcome Time Point"
"002126",76584,"Early Learning Outcome Measurement Date"
"000225",74446,"Program Type"
"000829",74133,"Early Childhood Program Enrollment Type"
"001243",74447,"Program Participation Status"
"000590",70661,"Program Participation Start Date"
"000591",70662,"Program Participation Exit Date"
"000222",74450,"Exit Reason"
"001633",74130,"Community-based Type"
"001634",74139,"Inclusive Setting Indicator"
"000827",74379,"Organization Identification System"
"001466",74383,"Responsible Organization Identifier"
"001467",74386,"Responsible Organization Type"
"000625",74451,"Program Identifier"
"000626",74452,"Program Name"
"001922",75269,"Program Entry Reason"
"001946",75508,"Role"
"000147",75165,"Homeless Serviced Indicator"
"000146",75268,"Homeless Primary Nighttime Residence"
"000425",75270,"Person Relationship Type"
"001929",75271,"Awaiting Foster Care Status"
"000777",75272,"Public Assistance Status"
"001976",75502,"Internet Download Speed"
"001977",75503,"Internet Speed Test Date Time"
"001975",75504,"Internet Upload Speed"
"000180",75734,"English Learner Status"
"001612",74083,"Included in Counted Family Size"
"000115",71150,"First Name"
"000184",71154,"Middle Name"
"000172",71153,"Last or Surname"
"000121",71151,"Generation Code or Suffix"
"000212",71155,"Personal Title or Prefix"
"000634",71967,"Other Name Type"
"001514",73628,"Other First Name"
"001515",73644,"Other Middle Name"
"001513",73612,"Other Last Name"
"000206",71968,"Other Name"
"001572",73908,"Person Identifier"
"001571",73903,"Person Identification System"
"001945",75869,"Personal Information Type"
"000618",75870,"Personal Information Verification"
"000425",71157,"Person Relationship Type"
"001428",73322,"Primary Contact Indicator"
"000329",71156,"Custodial Parent or Guardian Indicator"
"000785",74019,"Child Identification System"
"001341",73150,"Emergency Contact Indicator"
"001423",73307,"Person Relationship to Learner Contact Priority Number"
"001424",73309,"Person Relationship to Learner Contact Restrictions Description"
"001425",73311,"Lives With Indicator"
"001612",74085,"Included in Counted Family Size"
"001080",75871,"Child Identifier"
"001571",75872,"Person Identification System"
"001572",75873,"Person Identifier"
"001075",75874,"Student Identification System"
"001071",75875,"Student Identifier"
"000010",72129,"Address Type for Learner or Family"
"000269",71969,"Address Street Number and Name"
"000019",71970,"Address Apartment Room or Suite Number"
"000040",71971,"Address City"
"000267",71972,"State Abbreviation"
"000214",71973,"Address Postal Code"
"000190",71974,"Address County Name"
"000050",71975,"Country Code"
"000606",74256,"Latitude"
"000607",74279,"Longitude"
"001209",75297,"County ANSI Code"
"001928",75298,"Do Not Publish Indicator"
"000279",71977,"Telephone Number"
"000280",71976,"Telephone Number Type"
"000219",72212,"Primary Telephone Number Indicator"
"001928",75300,"Do Not Publish Indicator"
"001927",75301,"Telephone Number Listed Status"
"000088",71979,"Electronic Mail Address"
"000089",71978,"Electronic Mail Address Type"
"001928",75299,"Do Not Publish Indicator"
"000033",73660,"Birthdate"
"000255",74470,"Sex"
"000730",74471,"Standard Occupational Classification"
"000051",75302,"Country of Birth Code"
"001640",75303,"Military Branch"
"001657",75304,"Tribal Affiliation"
"001943",75517,"Race"
"000141",71152,"Highest Level of Education Completed"
"000335",74001,"Insurance Coverage"
"000336",74002,"Dental Insurance Coverage Type"
"000317",75305,"ISO 639-2 Language Code"
"001637",75306,"ISO 639-3 Language Code"
"001638",75307,"ISO 639-5 Language Family"
"000316",75308,"Language Type"
"000777",75309,"Public Assistance Status"
"001577",76091,"Active Military Status Indicator"
"002050",76092,"Military Campaigns"
"002034",76093,"Military Country"
"002048",76094,"Military Current Rank"
"002055",76095,"Military Deployment Activity Code"
"002056",76096,"Military Deployment Activity Name"
"002052",76097,"Military Deployment Description"
"002043",76098,"Military Deployment End Date"
"002053",76099,"Military Deployment Order Description"
"002054",76100,"Military Deployment Requested By"
"002042",76101,"Military Deployment Start Date"
"002051",76102,"Military Deployment Status Code"
"002044",76103,"Military Discharge Category"
"002040",76104,"Military Discharge Date"
"002046",76105,"Military Discharge Rank"
"002037",76106,"Military Duties"
"002036",76107,"Military Expertise"
"002047",76108,"Military Highest Rank"
"002049",76109,"Military Honors"
"002039",76110,"Military Induction Date"
"002045",76111,"Military Induction Rank"
"002035",76112,"Military Occupational Specialties "
"002041",76113,"Military Release Date"
"002038",76114,"Military Service Locations"
"002114",76115,"Military Service Number"
"001578",76116,"Military Veteran Status Indicator"
"002057",76117,"National Guard Indicator"
"000787",72224,"Family Identifier"
"000330",70672,"Number of People in Family"
"000331",70673,"Number of People in Household"
"000332",70674,"Family Income"
"000333",70675,"Source of Family Income"
"000334",70676,"Income Calculation Method"
"000305",70671,"Proof of Residency Type"
"001612",74082,"Included in Counted Family Size"
"001980",75509,"Marital Status"
"000775",76541,"Low-income Status"
"000115",70682,"First Name"
"000184",70686,"Middle Name"
"000172",70685,"Last or Surname"
"000121",70683,"Generation Code or Suffix"
"000212",70689,"Personal Title or Prefix"
"000634",72246,"Other Name Type"
"001514",73629,"Other First Name"
"001515",73645,"Other Middle Name"
"001513",73613,"Other Last Name"
"000206",72245,"Other Name"
"001070",72247,"Staff Member Identifier"
"001074",72248,"Staff Member Identification System"
"001945",75863,"Personal Information Type"
"000618",75864,"Personal Information Verification"
"000722",72225,"Address Type for Staff"
"000269",70693,"Address Street Number and Name"
"000019",70677,"Address Apartment Room or Suite Number"
"000040",70679,"Address City"
"000267",70692,"State Abbreviation"
"000214",70690,"Address Postal Code"
"000190",70687,"Address County Name"
"000050",70680,"Country Code"
"000606",74258,"Latitude"
"000607",74281,"Longitude"
"001209",75280,"County ANSI Code"
"001928",75281,"Do Not Publish Indicator"
"000279",71726,"Telephone Number"
"000280",71724,"Telephone Number Type"
"000219",71725,"Primary Telephone Number Indicator"
"001928",75283,"Do Not Publish Indicator"
"001927",75284,"Telephone Number Listed Status"
"000088",71728,"Electronic Mail Address"
"000089",71727,"Electronic Mail Address Type"
"001928",75282,"Do Not Publish Indicator"
"000033",70678,"Birthdate"
"000255",70691,"Sex"
"000016",72226,"American Indian or Alaska Native"
"000020",72227,"Asian"
"000034",72228,"Black or African American"
"000192",72229,"Native Hawaiian or Other Pacific Islander"
"000301",72230,"White"
"000144",72231,"Hispanic or Latino Ethnicity"
"000973",75167,"Demographic Race Two or More Races"
"000051",75285,"Country of Birth Code"
"001640",75286,"Military Branch"
"001657",75287,"Tribal Affiliation"
"001944",75510,"Federal Race and Ethnicity Declined"
"001947",75511,"First Generation College Student"
"001943",75512,"Race"
"000299",75854,"United States Citizenship Status"
"000191",70688,"Name of Institution"
"000789",72232,"Early Childhood Degree or Certificate Holder"
"000341",70696,"Level of Specialization in Early Learning"
"000342",70697,"Degree or Certificate Title or Subject"
"000343",70698,"Degree or Certificate Type"
"000344",70699,"Degree or Certificate Conferring Date"
"001086",72233,"Total Approved Early Childhood Credits Earned"
"000792",72235,"Early Learning Staff Total College Credits Earned"
"000816",72263,"Number of School-age Education Postsecondary Credit Hours"
"000793",72236,"Staff Education Entry Date"
"000794",72237,"Staff Education Withdrawal Date"
"000141",72238,"Highest Level of Education Completed"
"001487",73420,"Short Name of Organization"
"000818",72265,"Higher Education Institution Accreditation Status"
"001607",74077,"Education Verification Method"
"000347",70702,"Employment Status"
"000143",70684,"Hire Date"
"000346",70701,"Employment Start Date"
"000795",72240,"Employment End Date"
"001632",74121,"Early Learning Employment Separation Reason"
"000620",74134,"Employment Separation Reason"
"000621",74120,"Employment Separation Type"
"001498",73452,"Weeks Employed Per Year"
"000796",72241,"Hours Worked Per Week"
"000797",72242,"Hourly Wage"
"000798",72266,"Wage Collection Code"
"000819",72267,"Wage Verification Code"
"000032",73428,"Staff Compensation Base Salary"
"000295",73998,"Staff Compensation Total Salary"
"000136",73973,"Staff Compensation Health Benefits"
"000233",73991,"Staff Compensation Retirement Benefits"
"000205",73985,"Staff Compensation Other Benefits"
"000293",73997,"Staff Compensation Total Benefits"
"000204",72243,"Organization Name"
"000799",72244,"Union Membership Status"
"001497",73450,"Union Membership Name"
"001602",74071,"Early Learning Education Staff Classification"
"001636",74142,"Early Learning Service Professional Staff Classification"
"001384",73231,"Itinerant Provider"
"001581",74036,"Staff Approval Indicator"
"000118",73429,"Staff Full Time Equivalency"
"000730",75288,"Standard Occupational Classification"
"001946",75513,"Role"
"001959",75514,"Staff Compensation Annual Supplement"
"001960",75515,"Staff Compensation Longevity"
"001958",75516,"Staff Compensation Source Type"
"000744",75855,"Annual Base Contractual Salary"
"000047",75856,"Contract Days of Service Per Year"
"000737",75857,"Contract Type"
"000736",75858,"Full-time Status"
"000731",75859,"IPEDS Occupational Category"
"000087",75860,"K12 Staff Classification"
"000543",75861,"Migrant Education Program Personnel Indicator"
"000552",75862,"Title I Targeted Assistance Staff Funded"
"002059",76053,"Funding Source Amount"
"002058",76054,"Funding Source Percentage"
"002064",76055,"Staff Compensation Annual Supplement Description"
"000316",70694,"Language Type"
"000317",70695,"ISO 639-2 Language Code"
"001637",74218,"ISO 639-3 Language Code"
"001638",74225,"ISO 639-5 Language Family"
"000345",70700,"Early Childhood Credential"
"001429",73328,"Professional Certificate or License Number"
"001058",71499,"Name of Professional Credential or License"
"000805",72250,"State Issuing Professional Credential or License"
"001587",74054,"Credential or License Award Entity"
"000071",74131,"Credential Type"
"000806",72253,"Child Development Associate Type"
"000070",72252,"Credential Issuance Date"
"000069",72251,"Credential Expiration Date"
"000774",75851,"Teacher Education Credential Exam Score Type"
"000773",75852,"Teacher Education Credential Exam Type"
"000302",75853,"Years of Prior Teaching Experience"
"001061",71502,"Staff Professional Development Activity Start Date"
"001062",71503,"Staff Professional Development Activity Completion Date"
"000804",72249,"Required Training Clock Hours"
"000200",71513,"Number of Credits Earned"
"000057",71729,"Course Credit Units"
"001620",74098,"Professional Development Plan Approved by Supervisor"
"001621",74099,"Professional Development Plan Completion"
"001289",73079,"Career Education Plan Date"
"001290",73082,"Career Education Plan Type"
"000807",72254,"Professional Association Membership Status"
"000808",72255,"Professional Association Name"
"000811",72258,"Professional Development Scholarship Status"
"000812",72259,"Professional Development Financial Support Type"
"001575",73929,"Tuition Funded"
"001059",71500,"Cardiopulmonary Resuscitation Certification Expiration Date"
"001060",71501,"First Aid Certification Expiration Date"
"000813",72260,"Early Learning Core Knowledge Area"
"000814",72261,"State Approved Trainer Status"
"000815",72262,"State Approved Technical Assistance Provider Status"
"001337",73143,"Early Learning Professional Development Topic Area"
"001430",73329,"Professional Development Audience Type"
"001445",73350,"Professional Development Publish Activity Indicator"
"001070",73514,"Staff Member Identifier"
"001074",73515,"Staff Member Identification System"
"000212",73318,"Personal Title or Prefix"
"000115",73315,"First Name"
"000184",73316,"Middle Name"
"000172",73317,"Last or Surname"
"000121",73319,"Generation Code or Suffix"
"000213",73314,"Position Title"
"001606",74075,"Early Learning Trainer Core Knowledge Area"
"001628",74109,"Training and Technical Assistance Level"
"000722",73349,"Address Type for Staff"
"000269",73348,"Address Street Number and Name"
"000019",73344,"Address Apartment Room or Suite Number"
"000040",73345,"Address City"
"000267",73346,"State Abbreviation"
"000214",73347,"Address Postal Code"
"000219",73326,"Primary Telephone Number Indicator"
"000280",73448,"Telephone Number Type"
"000279",73446,"Telephone Number"
"001209",75289,"County ANSI Code"
"001928",75290,"Do Not Publish Indicator"
"001927",75291,"Telephone Number Listed Status"
"000809",72256,"Professional Development Activity Identifier"
"000810",73340,"Professional Development Activity Title"
"001442",73341,"Professional Development Activity Type"
"001438",73337,"Professional Development Activity Description"
"001279",73062,"Professional Development Activity Education Levels Addressed"
"001440",73338,"Professional Development Activity Objective"
"001439",73339,"Professional Development Activity Level"
"001436",73335,"Professional Development Activity Credit Type"
"001437",73336,"Professional Development Activity Credits"
"001492",73432,"Professional Development Activity Target Audience"
"001388",73861,"Professional Development Session Language"
"001619",74097,"Professional Development Activity State Approved Status"
"001451",73356,"Professional Development Activity Expiration Date"
"001433",73332,"Professional Development Activity Approved Purpose"
"001432",73331,"Professional Development Activity Approval Code"
"001434",73333,"Professional Development Activity Code"
"001435",73334,"Professional Development Activity Cost"
"001493",75865,"Technical Assistance Approved Indicator"
"001494",75866,"Technical Assistance Delivery Type"
"001452",73357,"Professional Development Session Identifier"
"001455",73361,"Professional Development Session Start Date"
"001447",73352,"Professional Development Session End Date"
"001456",73362,"Professional Development Session Start Time"
"001448",73353,"Professional Development Session End Time"
"001446",73351,"Professional Development Session Capacity"
"001606",74076,"Early Learning Trainer Core Knowledge Area"
"001628",74110,"Training and Technical Assistance Level"
"001431",73330,"Professional Development Delivery Method"
"001458",73364,"Professional Development Instructional Delivery Mode"
"001489",73427,"Sponsoring Agency Name"
"001444",73343,"Professional Development Instructor Identifier"
"001443",73342,"Professional Development Funding Source"
"001449",73354,"Professional Development Session Evaluation Method"
"001450",73355,"Professional Development Session Evaluation Score"
"001457",73363,"Professional Development Session Status"
"001999",75867,"Adjusted Capacity"
"002000",75868,"Adjusted Capacity Reason Type"
"001454",73603,"Professional Development Session Location Name"
"000269",73591,"Address Street Number and Name"
"000019",73592,"Address Apartment Room or Suite Number"
"000040",73593,"Address City"
"000267",73594,"State Abbreviation"
"000214",73595,"Address Postal Code"
"000279",73601,"Telephone Number"
"001209",75292,"County ANSI Code"
"001928",75293,"Do Not Publish Indicator"
"001927",75294,"Telephone Number Listed Status"
"000425",75295,"Person Relationship Type"
"000777",75296,"Public Assistance Status"
"000527",75830,"Assignment End Date"
"000526",75831,"Assignment Start Date"
"000622",75832,"Classroom Position Type"
"000528",75833,"Itinerant Teacher"
"000213",75834,"Position Title"
"000220",75835,"Professional Educational Job Classification"
"001073",75836,"School Identification System"
"001069",75837,"School Identifier"
"000564",75838,"Special Education Age Group Taught"
"000261",75839,"Special Education Paraprofessional"
"000262",75840,"Special Education Related Services Personnel"
"000558",75841,"Special Education Support Services Category"
"000264",75842,"Special Education Teacher"
"000118",75843,"Staff Full Time Equivalency"
"000646",75844,"Teaching Assignment End Date"
"000645",75845,"Teaching Assignment Start Date"
"000283",75846,"Title I Program Staff Category"
"001649",75847,"Attendance Event Date"
"000076",75848,"Attendance Status"
"000735",75849,"Instructional Staff Contract Length"
"000624",75850,"Leave Event Type"
"002098",76083,"Attendance Event Duration Day"
"002015",76084,"Attendance Event Duration Hours"
"002014",76085,"Attendance Event Duration Minutes"
"001577",76056,"Active Military Status Indicator"
"002050",76057,"Military Campaigns"
"002034",76058,"Military Country"
"002048",76059,"Military Current Rank"
"002055",76060,"Military Deployment Activity Code"
"002056",76061,"Military Deployment Activity Name"
"002052",76062,"Military Deployment Description"
"002043",76063,"Military Deployment End Date"
"002053",76064,"Military Deployment Order Description"
"002054",76065,"Military Deployment Requested By"
"002042",76066,"Military Deployment Start Date"
"002051",76067,"Military Deployment Status Code"
"002044",76068,"Military Discharge Category"
"002040",76069,"Military Discharge Date"
"002046",76070,"Military Discharge Rank"
"002037",76071,"Military Duties"
"002036",76072,"Military Expertise"
"002047",76073,"Military Highest Rank"
"002049",76074,"Military Honors"
"002039",76075,"Military Induction Date"
"002045",76076,"Military Induction Rank"
"002035",76077,"Military Occupational Specialties "
"002041",76078,"Military Release Date"
"002038",76079,"Military Service Locations"
"002114",76080,"Military Service Number"
"001578",76081,"Military Veteran Status Indicator"
"002057",76082,"National Guard Indicator"
"000527",75766,"Assignment End Date"
"000821",72269,"Early Learning Class Group Name"
"000526",75767,"Assignment Start Date"
"000820",72268,"Early Learning Class Group Identifier"
"000519",72270,"Class Beginning Time"
"001070",75768,"Staff Member Identifier"
"000520",72271,"Class Ending Time"
"001074",75769,"Staff Member Identification System"
"000353",72276,"Service Option Variation"
"000649",75770,"Teaching Assignment Contribution Percentage"
"000354",72277,"Hours Available Per Day"
"000646",75771,"Teaching Assignment End Date"
"000355",72278,"Days Available Per Week"
"000648",75772,"Teaching Assignment Role"
"000356",72279,"Early Childhood Setting"
"000645",75773,"Teaching Assignment Start Date"
"000825",72281,"Early Learning Program Annual Operating Weeks"
"000633",72272,"Early Learning Youngest Age Authorized to Serve"
"001225",71961,"Early Learning Oldest Age Authorized to Serve"
"001329",73135,"Early Learning Group Size"
"000824",72275,"Early Learning Group Size Standards Met"
"000822",72273,"Serves Children with Special Needs"
"000823",72274,"Early Learning Class Group Curriculum Type"
"001226",71632,"Language Translation Policy"
"001999",75742,"Adjusted Capacity"
"002000",75743,"Adjusted Capacity Reason Type"
"001649",75744,"Attendance Event Date"
"000076",75745,"Attendance Status"
"000054",75746,"Course Begin Date"
"000056",75747,"Course Code System"
"000059",75748,"Course End Date"
"001312",75749,"Course Level Type"
"000975",75750,"Course Section Enrollment Status End Date"
"000974",75751,"Course Section Enrollment Status Start Date"
"002001",75752,"Early Learning Age 2 and Older Capacity"
"002002",75753,"Early Learning Age Under 2 Capacity"
"000097",75754,"Enrollment Entry Date"
"000108",75755,"Exit or Withdrawal Status"
"000201",75756,"Number of Days Absent"
"000202",75757,"Number of Days in Attendance"
"000225",75758,"Program Type"
"000595",75759,"Responsible School Type"
"001517",75760,"School Courses for the Exchange of Data Course Code"
"001516",75761,"School Courses for the Exchange of Data Course Level"
"001518",75762,"School Courses for the Exchange of Data Course Subject Area"
"000250",75763,"School Courses for the Exchange of Data Sequence of Course"
"001075",75764,"Student Identification System"
"001071",75765,"Student Identifier"
"002098",76118,"Attendance Event Duration Day"
"002015",76119,"Attendance Event Duration Hours"
"002014",76120,"Attendance Event Duration Minutes"
"000019",75720,"Address Apartment Room or Suite Number"
"001582",74037,"Billable Basis Type"
"002059",76051,"Funding Source Amount"
"000214",75721,"Address Postal Code"
"001603",74072,"Early Learning Local Revenue Source"
"002058",76052,"Funding Source Percentage"
"000269",75722,"Address Street Number and Name"
"001605",74074,"Early Learning State Revenue Source"
"002137",76630,"Indirect Cost Rate"
"002136",76623,"Indirect Cost Rate Agreement Approved By"
"002135",76616,"Indirect Cost Rate Agreement End Date"
"002133",76602,"Indirect Cost Rate Agreement Indicator"
"002134",76609,"Indirect Cost Rate Agreement Start Date"
"002139",76644,"Indirect Cost Rate Deviation Reason Type"
"002138",76637,"Indirect Cost Rate Stage Code"
"001066",75723,"Address Type for Organization"
"000549",73162,"Federal Programs Funding Allocation"
"000602",75724,"Building Site Number"
"001468",74124,"Financial Account Revenue Code"
"001928",75725,"Do Not Publish Indicator"
"001622",74100,"Reimbursement Type"
"000040",75726,"Address City"
"001287",75704,"Blended Learning Model Type"
"000190",75727,"Address County Name"
"001312",75705,"Course Level Type"
"001345",75706,"Financial Account Category"
"000267",75728,"State Abbreviation"
"001346",75707,"Financial Account Description"
"001350",75708,"Financial Accounting Period Actual Value"
"001351",75709,"Financial Accounting Period Budgeted Value"
"001644",75710,"Financial Accounting Period Encumbered Value"
"001639",75711,"Fiscal Year"
"000827",75712,"Organization Identification System"
"000826",75713,"Organization Identifier"
"000204",75714,"Organization Name"
"001418",75715,"Organization Operational Status"
"000625",75716,"Program Identifier"
"000626",75717,"Program Name"
"000716",75718,"Program Sponsor Type"
"000225",75719,"Program Type"
"002062",76086,"Teen Parent Indicator"
"002016",76121,"Diversity Equity Inclusion Policy Indicator"
"002107",76087,"Salary Schedule Criterion Description"
"002106",76088,"Salary Schedule Criterion Name"
"002108",76089,"Salary Schedule Criterion Value"
"002109",76090,"Salary Schedule Salary Value"
"001663",74977,"Organization Image URL"
"001750",74984,"Organization Region GeoJSON"
"001418",73299,"Organization Operational Status"
"000534",75927,"Operational Status Effective Date"
"000826",73715,"Organization Identifier"
"000827",73717,"Organization Identification System"
"000204",73713,"Organization Name"
"001156",74122,"Organization Type"
"001650",74345,"Charter School Management Organization Type"
"001905",75154,"Organization Relationship Type"
"001487",75928,"Short Name of Organization"
"001066",73719,"Address Type for Organization"
"000269",73721,"Address Street Number and Name"
"000019",73723,"Address Apartment Room or Suite Number"
"000040",73725,"Address City"
"000267",73727,"State Abbreviation"
"000214",73729,"Address Postal Code"
"000190",73731,"Address County Name"
"001209",74390,"County ANSI Code"
"000602",74123,"Building Site Number"
"000606",74271,"Latitude"
"000607",74294,"Longitude"
"001928",75356,"Do Not Publish Indicator"
"000279",74394,"Telephone Number"
"000167",74392,"Institution Telephone Number Type"
"000219",74393,"Primary Telephone Number Indicator"
"001928",75363,"Do Not Publish Indicator"
"001927",75364,"Telephone Number Listed Status"
"000213",74180,"Position Title"
"001428",74179,"Primary Contact Indicator"
"000704",74173,"Web Site Address"
"000115",74184,"First Name"
"000184",74182,"Middle Name"
"000172",74181,"Last or Surname"
"000121",74185,"Generation Code or Suffix"
"000212",74183,"Personal Title or Prefix"
"001066",74189,"Address Type for Organization"
"000269",74188,"Address Street Number and Name"
"000019",74190,"Address Apartment Room or Suite Number"
"000040",74191,"Address City"
"000267",74187,"State Abbreviation"
"000214",74193,"Address Postal Code"
"000190",74186,"Address County Name"
"000050",74192,"Country Code"
"001209",74391,"County ANSI Code"
"000606",74274,"Latitude"
"000607",74297,"Longitude"
"001928",75357,"Do Not Publish Indicator"
"000088",74194,"Electronic Mail Address"
"000089",74195,"Electronic Mail Address Type"
"001928",75358,"Do Not Publish Indicator"
"000279",74196,"Telephone Number"
"000280",74197,"Telephone Number Type"
"000219",74198,"Primary Telephone Number Indicator"
"001928",75359,"Do Not Publish Indicator"
"001927",75360,"Telephone Number Listed Status"
"001514",74200,"Other First Name"
"001515",74201,"Other Middle Name"
"001513",74199,"Other Last Name"
"000206",74203,"Other Name"
"000634",74202,"Other Name Type"
"000866",75361,"Full-Time Employee Benefits"
"000867",75362,"Part-Time Employee Benefits"
"002107",76278,"Salary Schedule Criterion Description"
"002106",76279,"Salary Schedule Criterion Name"
"002108",76280,"Salary Schedule Criterion Value"
"002109",76281,"Salary Schedule Salary Value"
"002104",76334,"Board Member Position Type"
"002103",76335,"Board Member Term End Date"
"002102",76336,"Board Member Term Start Date"
"002105",76337,"Board Membership Type"
"002073",76265,"Coding System Organization Type"
"002074",76266,"Education Job Type"
"002070",76267,"Job Identification System"
"002069",76268,"Job Identifier"
"002077",76269,"Job Position Expected Start Date"
"002076",76270,"Job Position Identification System"
"002075",76271,"Job Position Identifier"
"002078",76272,"Job Position Status"
"002080",76273,"Job Position Status Cancelled Reason"
"002079",76274,"Job Position Status Date"
"002071",76275,"Local Job Category"
"002072",76276,"Local Job Function"
"002063",76277,"Organization Jurisdiction Square Miles"
"001663",74975,"Organization Image URL"
"001750",74982,"Organization Region GeoJSON"
"001069",70825,"School Identifier"
"001073",70826,"School Identification System"
"000191",70831,"Name of Institution"
"001487",73423,"Short Name of Organization"
"001156",71809,"Organization Type"
"001905",75146,"Organization Relationship Type"
"001066",70880,"Address Type for Organization"
"000269",70851,"Address Street Number and Name"
"000019",72145,"Address Apartment Room or Suite Number"
"000040",70818,"Address City"
"000267",70850,"State Abbreviation"
"000214",70836,"Address Postal Code"
"000190",70830,"Address County Name"
"001209",70820,"County ANSI Code"
"000602",70877,"Building Site Number"
"000606",70878,"Latitude"
"000607",70879,"Longitude"
"000424",75168,"State ANSI Code"
"001928",75314,"Do Not Publish Indicator"
"002130",76589,"Locale "
"000279",70853,"Telephone Number"
"000167",70828,"Institution Telephone Number Type"
"000219",70837,"Primary Telephone Number Indicator"
"001928",75316,"Do Not Publish Indicator"
"001927",75317,"Telephone Number Listed Status"
"000242",70846,"School Type"
"000241",70845,"School Level"
"000181",70829,"Magnet or Special Program Emphasis School"
"000131",70822,"Grades Offered"
"000012",70813,"Administrative Funding Control"
"000533",70868,"School Operational Status"
"000534",70869,"Operational Status Effective Date"
"000240",70844,"School Improvement Status"
"000225",70839,"Program Type"
"000015",70815,"Alternative School Focus Type"
"000017",70816,"Advanced Placement Course Self Selection"
"000039",70817,"Charter School Indicator"
"000710",70881,"Charter School Type"
"001651",74346,"Charter School Contract Id Number"
"001652",74347,"Charter School Contract Approval Date"
"001293",73087,"Charter School Approval Year"
"001653",74348,"Charter School Contract Renewal Date"
"001548",73831,"Charter School Open Enrollment Indicator"
"000257",70849,"Shared Time Indicator"
"001160",71575,"Virtual Indicator"
"000704",70856,"Web Site Address"
"000587",70875,"Internet Access"
"001766",75145,"Virtual School Status"
"001287",75169,"Blended Learning Model Type"
"001915",75195,"Progress Achieving English Language Proficiency Indicator Type"
"001916",75196,"Progress Achieving English Language Proficiency State Defined Status"
"001926",75315,"Grade Levels Approved"
"002012",75893,"Enrollment Capacity"
"001993",75894,"Interdisciplinary Indicator"
"002013",75895,"Primary Program Indicator"
"001991",75896,"Project-Based Learning Indicator"
"001992",75897,"Project-Based Learning Type"
"000826",74299,"Organization Identifier"
"000827",74300,"Organization Identification System"
"001292",74301,"Charter School Authorizer Type"
"000826",74302,"Organization Identifier"
"000827",74303,"Organization Identification System"
"001650",74344,"Charter School Management Organization Type"
"000328",70811,"Ability Grouping Status"
"001244",71709,"Program Gifted Eligibility Criteria"
"000164",70827,"Increased Learning Time Type"
"000585",70874,"State Poverty Designation"
"000273",70852,"Student Support Service Type"
"000284",70854,"Title I Program Type"
"000285",70855,"Title I School Status"
"000447",70860,"Title III Language Instruction Program Type"
"001526",73755,"Accreditation Agency Name"
"000840",73756,"Accreditation Award Date"
"000841",73757,"Accreditation Expiration Date"
"001767",75147,"National School Lunch Program Status"
"001998",75907,"Student Support Service Availability Type"
"000243",74170,"School Year"
"000011",70812,"Adequate Yearly Progress Status"
"000444",70859,"Adequate Yearly Progress Appeal Process Date"
"000443",70858,"Adequate Yearly Progress Appeal Changed Designation"
"000442",70857,"Appealed Adequate Yearly Progress Designation"
"000014",70814,"Alternate Adequate Yearly Progress Approach Indicator"
"000221",70838,"Proficiency Target Status for Math"
"000553",70872,"Proficiency Target Status for Reading and Language Arts"
"000208",70832,"Participation Status for Math"
"000209",70833,"Participation Status for Reading and Language Arts"
"000210",70834,"Persistently Dangerous Status"
"000211",70835,"Persistently Lowest Achieving School Status"
"000091",70821,"Elementary-Middle Additional Indicator Status"
"000140",70824,"High School Graduation Rate Indicator Status"
"000049",70819,"Corrective Action Type"
"000230",70840,"Reconstituted Status"
"000232",70841,"Restructuring Action"
"000238",70842,"School Improvement Funds Status"
"000481",70861,"School Improvement Exit Date"
"001925",75311,"Additional Targeted Support and Improvement Status"
"001923",75312,"Comprehensive Support and Improvement Status"
"001924",75313,"Targeted Support and Improvement Status"
"002140",76650,"School Quality or Student Success Indicator Type "
"002066",76145,"Financial Account GASB Revenue Classification"
"001639",74305,"Fiscal Year"
"002067",76146,"Financial Account Local GASB Revenue Classification"
"001642",74315,"Fiscal Period Begin Date"
"001643",74319,"Fiscal Period End Date"
"001554",73841,"Financial Account Number"
"001348",73178,"Financial Account Name"
"001346",73167,"Financial Account Description"
"001345",73163,"Financial Account Category"
"001468",73854,"Financial Account Revenue Code"
"001354",73200,"Financial Expenditure Function Code"
"001355",73204,"Financial Expenditure Object Code"
"001555",73846,"Financial Expenditure Level of Instruction Code"
"001556",73850,"Financial Expenditure Project Reporting Code"
"001353",73196,"Financial Account Balance Sheet Code"
"001351",73191,"Financial Accounting Period Budgeted Value"
"001644",74323,"Financial Accounting Period Encumbered Value"
"001350",73187,"Financial Accounting Period Actual Value"
"001647",74335,"Financial Accounting Value"
"001648",74339,"Financial Accounting Date"
"001347",73171,"Financial Account Fund Classification"
"001645",74327,"Financial Account Program Name"
"001646",74331,"Financial Account Program Number"
"001349",73182,"Financial Account Program Code"
"002010",75898,"Federal Program Subgrant Code"
"002011",75899,"Financial Account Coding System Organization Type"
"002007",75900,"Financial Account Local Balance Sheet Code"
"002008",75901,"Financial Account Local Fund Classification"
"002009",75902,"Financial Account Local Program Code"
"002003",75903,"Financial Account Local Revenue Code"
"002004",75904,"Financial Expenditure Local Function Code"
"002006",75905,"Financial Expenditure Local Level of Instruction Code"
"002005",75906,"Financial Expenditure Local Object Code"
"002059",76143,"Funding Source Amount"
"002058",76144,"Funding Source Percentage"
"002137",76631,"Indirect Cost Rate"
"002136",76624,"Indirect Cost Rate Agreement Approved By"
"002135",76617,"Indirect Cost Rate Agreement End Date"
"002133",76603,"Indirect Cost Rate Agreement Indicator"
"002134",76610,"Indirect Cost Rate Agreement Start Date"
"002139",76645,"Indirect Cost Rate Deviation Reason Type"
"002138",76638,"Indirect Cost Rate Stage Code"
"000542",70870,"Consolidated Migrant Education Program Funds Status"
"000549",74231,"Federal Programs Funding Allocation"
"000452",74232,"Funds Transfer Amount"
"000464",74233,"Innovative Programs Funds Received"
"000461",74234,"Innovative Dollars Spent"
"000462",74235,"Innovative Dollars Spent on Strategic Priorities"
"000568",74236,"Public School Choice Funds Spent"
"000239",70843,"School Improvement Grant Intervention Type"
"000479",74237,"School Improvement Reserved Funds Percentage"
"000480",74238,"School Improvement Allocation"
"000575",74240,"Supplemental Educational Services Per Pupil Expenditure"
"000567",74239,"Supplemental Educational Services Funds Spent"
"000574",74241,"Supplemental Education Services Public School Choice Twenty Percent Obligation"
"000486",74242,"Type of Use of the Rural Low-Income Schools Program"
"000547",74243,"Federal Program Code"
"000251",74250,"Session Begin Date"
"000253",74251,"Session End Date"
"000252",74252,"Session Designator"
"000254",74244,"Session Type"
"001270",72904,"Session Code"
"001271",72911,"Session Description"
"001272",72912,"Session Marking Term Indicator"
"001273",72913,"Session Scheduling Term Indicator"
"001274",72914,"Session Attendance Term Indicator"
"000243",70847,"School Year"
"000497",70863,"First Instruction Date"
"000498",70864,"Last Instruction Date"
"000496",70862,"Days in Session"
"000244",70848,"School Year Minutes"
"000499",70865,"Instructional Minutes"
"000500",70866,"Minutes Per Day"
"002012",75908,"Enrollment Capacity"
"002021",76160,"Session Sequence Number"
"002099",76331,"Instructional Minutes Per Day"
"002100",76332,"Lunch Minutes Per Day"
"002101",76333,"Recess Minutes Per Day"
"001356",76550,"Frequency of Service"
"000491",76539,"Kindergarten Daily Length"
"001493",73434,"Technical Assistance Approved Indicator"
"001494",73440,"Technical Assistance Delivery Type"
"001495",73442,"Technical Assistance Type"
"000134",76142,"Gun Free Schools Act Reporting Status"
"002073",76147,"Coding System Organization Type"
"002074",76148,"Education Job Type"
"002070",76149,"Job Identification System"
"002069",76150,"Job Identifier"
"002077",76151,"Job Position Expected Start Date"
"002076",76152,"Job Position Identification System"
"002075",76153,"Job Position Identifier"
"002078",76154,"Job Position Status"
"002080",76155,"Job Position Status Cancelled Reason"
"002079",76156,"Job Position Status Date"
"002071",76157,"Local Job Category"
"002072",76158,"Local Job Function"
"002063",76159,"Organization Jurisdiction Square Miles"
"001663",74976,"Organization Image URL"
"001750",74983,"Organization Region GeoJSON"
"001068",70893,"Local Education Agency Identifier"
"001072",70894,"Local Education Agency Identification System"
"000204",70902,"Organization Name"
"001156",71817,"Organization Type"
"001905",75153,"Organization Relationship Type"
"001066",70962,"Address Type for Organization"
"000269",70912,"Address Street Number and Name"
"000019",72146,"Address Apartment Room or Suite Number"
"000040",70886,"Address City"
"000267",70911,"State Abbreviation"
"000214",70905,"Address Postal Code"
"000190",70901,"Address County Name"
"000424",74229,"State ANSI Code"
"001209",70887,"County ANSI Code"
"000602",74176,"Building Site Number"
"000606",74259,"Latitude"
"000607",74282,"Longitude"
"001928",75351,"Do Not Publish Indicator"
"000279",70913,"Telephone Number"
"000167",70895,"Institution Telephone Number Type"
"000219",70908,"Primary Telephone Number Indicator"
"001928",75354,"Do Not Publish Indicator"
"001927",75355,"Telephone Number Listed Status"
"000537",70951,"Local Education Agency Type"
"000174",70898,"Local Education Agency Operational Status"
"000534",70950,"Operational Status Effective Date"
"000175",70899,"Local Education Agency Supervisory Union Identification Number"
"000039",70885,"Charter School Indicator"
"000704",70917,"Web Site Address"
"000504",70949,"Facilities Identifier"
"001926",75352,"Grade Levels Approved"
"000131",75353,"Grades Offered"
"002012",75916,"Enrollment Capacity"
"000243",74171,"School Year"
"000011",70883,"Adequate Yearly Progress Status"
"000444",70920,"Adequate Yearly Progress Appeal Process Date"
"000443",70919,"Adequate Yearly Progress Appeal Changed Designation"
"000442",70918,"Appealed Adequate Yearly Progress Designation"
"000014",70884,"Alternate Adequate Yearly Progress Approach Indicator"
"000221",70909,"Proficiency Target Status for Math"
"000553",70954,"Proficiency Target Status for Reading and Language Arts"
"000208",70903,"Participation Status for Math"
"000209",70904,"Participation Status for Reading and Language Arts"
"000005",70882,"Accountability Report Title"
"000091",70889,"Elementary-Middle Additional Indicator Status"
"000134",70890,"Gun Free Schools Act Reporting Status"
"000140",70892,"High School Graduation Rate Indicator Status"
"000173",70897,"Local Education Agency Improvement Status"
"000227",70910,"Public School Choice Implementation Status"
"000487",70946,"Title III Professional Development Type"
"002066",76250,"Financial Account GASB Revenue Classification"
"001639",74306,"Fiscal Year"
"002067",76251,"Financial Account Local GASB Revenue Classification"
"001642",74316,"Fiscal Period Begin Date"
"001643",74320,"Fiscal Period End Date"
"001554",73842,"Financial Account Number"
"001348",73179,"Financial Account Name"
"001346",73168,"Financial Account Description"
"001345",73164,"Financial Account Category"
"001468",73855,"Financial Account Revenue Code"
"001354",73201,"Financial Expenditure Function Code"
"001355",73205,"Financial Expenditure Object Code"
"001555",73847,"Financial Expenditure Level of Instruction Code"
"001556",73851,"Financial Expenditure Project Reporting Code"
"001353",73197,"Financial Account Balance Sheet Code"
"001351",73192,"Financial Accounting Period Budgeted Value"
"001644",74324,"Financial Accounting Period Encumbered Value"
"001350",73188,"Financial Accounting Period Actual Value"
"001647",74336,"Financial Accounting Value"
"001648",74340,"Financial Accounting Date"
"001347",73175,"Financial Account Fund Classification"
"001645",74328,"Financial Account Program Name"
"001646",74332,"Financial Account Program Number"
"001349",73183,"Financial Account Program Code"
"001893",75150,"Indebtedness Amount Allowed"
"001894",75151,"Insurance Deductible"
"001895",75152,"Public Education Mill Rate"
"002010",75917,"Federal Program Subgrant Code"
"002011",75918,"Financial Account Coding System Organization Type"
"002007",75919,"Financial Account Local Balance Sheet Code"
"002008",75920,"Financial Account Local Fund Classification"
"002009",75921,"Financial Account Local Program Code"
"002003",75922,"Financial Account Local Revenue Code"
"002004",75923,"Financial Expenditure Local Function Code"
"002006",75924,"Financial Expenditure Local Level of Instruction Code"
"002005",75925,"Financial Expenditure Local Object Code"
"002059",76248,"Funding Source Amount"
"002058",76249,"Funding Source Percentage"
"002137",76632,"Indirect Cost Rate"
"002136",76625,"Indirect Cost Rate Agreement Approved By"
"002135",76618,"Indirect Cost Rate Agreement End Date"
"002133",76604,"Indirect Cost Rate Agreement Indicator"
"002134",76611,"Indirect Cost Rate Agreement Start Date"
"002139",76646,"Indirect Cost Rate Deviation Reason Type"
"002138",76639,"Indirect Cost Rate Stage Code"
"000549",70953,"Federal Programs Funding Allocation"
"000452",70925,"Funds Transfer Amount"
"000464",70931,"Innovative Programs Funds Received"
"000461",70928,"Innovative Dollars Spent"
"000462",70929,"Innovative Dollars Spent on Strategic Priorities"
"000446",70921,"Local Education Agency Transferability of Funds"
"000451",70924,"Local Education Agency Funds Transfer Type"
"000568",70958,"Public School Choice Funds Spent"
"000479",70941,"School Improvement Reserved Funds Percentage"
"000480",70942,"School Improvement Allocation"
"000567",70957,"Supplemental Educational Services Funds Spent"
"000575",70960,"Supplemental Educational Services Per Pupil Expenditure"
"000574",70959,"Supplemental Education Services Public School Choice Twenty Percent Obligation"
"000486",70945,"Type of Use of the Rural Low-Income Schools Program"
"000547",73708,"Federal Program Code"
"000449",70923,"Barrier to Educating Homeless"
"000080",70888,"Desegregation Order or Plan"
"000135",70891,"Harassment or Bullying Policy Status"
"000170",70896,"Integrated Technology Status"
"000560",70956,"Rural Education Achievement Program Alternative Funding Status"
"000454",70927,"State Assessment Administration Funding"
"000453",70926,"State Assessment Standards Funding"
"000482",70943,"Terminated Title III Programs Due to Failure"
"000653",70963,"Interscholastic Sports - Male Only"
"000654",70964,"Interscholastic Sports - Female Only"
"000655",70965,"Interscholastic Teams - Male Only"
"000656",70966,"Interscholastic Teams - Female Only"
"000657",70967,"Interscholastic Sport Participants - Male Only"
"000658",70968,"Interscholastic Sport Participants - Female Only"
"000477",70939,"Safe and Drug Free Baseline"
"000478",70940,"Safe and Drug Free Baseline Year"
"000473",70935,"Safe and Drug Free Collection Frequency"
"000471",70933,"Safe and Drug Free Indicator Name"
"000472",70934,"Safe and Drug Free Instrument"
"000476",70938,"Safe and Drug Free Performance"
"000475",70937,"Safe and Drug Free Target"
"000474",70936,"Safe and Drug Free Year Most Recent Collection"
"000216",70906,"Prekindergarten Eligibility"
"000217",70907,"Prekindergarten Eligible Ages for Non-IDEA Students"
"000490",70947,"Prekindergarten Daily Length"
"000491",70948,"Kindergarten Daily Length"
"001244",71991,"Program Gifted Eligibility Criteria"
"000187",70900,"Migrant Education Program Session Type"
"000463",70930,"Migrant Education Program Project Type"
"000470",70932,"Number of Immigrant Program Subgrants"
"000485",70944,"Program in Multiple Purpose Facility"
"000282",70914,"Title I Instructional Services"
"000284",70915,"Title I Program Type"
"000289",70916,"Title I Support Services"
"000447",70922,"Title III Language Instruction Program Type"
"000827",75171,"Organization Identification System"
"000826",75172,"Organization Identifier"
"000625",75173,"Program Identifier"
"001356",75926,"Frequency of Service"
"000500",76540,"Minutes Per Day"
"001493",73435,"Technical Assistance Approved Indicator"
"001494",73438,"Technical Assistance Delivery Type"
"001495",73443,"Technical Assistance Type"
"000134",76245,"Gun Free Schools Act Reporting Status"
"002096",76246,"LEA GFSA Assurance of Compliance Indicator"
"002097",76247,"LEA GFSA Policy Assurance Indicator"
"002073",76252,"Coding System Organization Type"
"002074",76253,"Education Job Type"
"002070",76254,"Job Identification System"
"002069",76255,"Job Identifier"
"002077",76256,"Job Position Expected Start Date"
"002076",76257,"Job Position Identification System"
"002075",76258,"Job Position Identifier"
"002078",76259,"Job Position Status"
"002080",76260,"Job Position Status Cancelled Reason"
"002079",76261,"Job Position Status Date"
"002071",76262,"Local Job Category"
"002072",76263,"Local Job Function"
"002063",76264,"Organization Jurisdiction Square Miles"
"001663",74978,"Organization Image URL"
"001750",74985,"Organization Region GeoJSON"
"001490",73430,"State Agency Identifier"
"001491",73431,"State Agency Identification System"
"000204",70972,"Organization Name"
"001156",71818,"Organization Type"
"001905",75155,"Organization Relationship Type"
"001066",70987,"Address Type for Organization"
"000269",70975,"Address Street Number and Name"
"000019",72147,"Address Apartment Room or Suite Number"
"000040",70970,"Address City"
"000267",70974,"State Abbreviation"
"000214",70973,"Address Postal Code"
"000424",72142,"State ANSI Code"
"000602",74178,"Building Site Number"
"000606",74260,"Latitude"
"000607",74283,"Longitude"
"001209",75381,"County ANSI Code"
"001928",75382,"Do Not Publish Indicator"
"000213",73313,"Position Title"
"001428",73324,"Primary Contact Indicator"
"000704",73451,"Web Site Address"
"000115",73046,"First Name"
"000184",73047,"Middle Name"
"000172",73048,"Last or Surname"
"000121",73049,"Generation Code or Suffix"
"000212",73050,"Personal Title or Prefix"
"000722",73051,"Address Type for Staff"
"000269",73052,"Address Street Number and Name"
"000019",73053,"Address Apartment Room or Suite Number"
"000040",73054,"Address City"
"000267",73055,"State Abbreviation"
"000214",73056,"Address Postal Code"
"000190",73057,"Address County Name"
"000050",73058,"Country Code"
"000606",74268,"Latitude"
"000607",74291,"Longitude"
"001209",75383,"County ANSI Code"
"001928",75384,"Do Not Publish Indicator"
"000088",73148,"Electronic Mail Address"
"000089",73149,"Electronic Mail Address Type"
"001928",75385,"Do Not Publish Indicator"
"000279",73445,"Telephone Number"
"000280",73447,"Telephone Number Type"
"000219",73327,"Primary Telephone Number Indicator"
"001928",75386,"Do Not Publish Indicator"
"001927",75387,"Telephone Number Listed Status"
"001514",73639,"Other First Name"
"001515",73655,"Other Middle Name"
"001513",73623,"Other Last Name"
"000206",73303,"Other Name"
"000634",73304,"Other Name Type"
"000243",74172,"School Year"
"000011",70969,"Adequate Yearly Progress Status"
"000075",70971,"Career and Technical Education Graduation Rate Inclusion"
"001639",74307,"Fiscal Year"
"001642",74317,"Fiscal Period Begin Date"
"001643",74321,"Fiscal Period End Date"
"001554",73843,"Financial Account Number"
"001348",73180,"Financial Account Name"
"001346",73169,"Financial Account Description"
"001345",73165,"Financial Account Category"
"001468",73856,"Financial Account Revenue Code"
"001354",73202,"Financial Expenditure Function Code"
"001355",73206,"Financial Expenditure Object Code"
"001555",73848,"Financial Expenditure Level of Instruction Code"
"001556",73852,"Financial Expenditure Project Reporting Code"
"001353",73198,"Financial Account Balance Sheet Code"
"001351",73193,"Financial Accounting Period Budgeted Value"
"001644",74325,"Financial Accounting Period Encumbered Value"
"001350",73189,"Financial Accounting Period Actual Value"
"001647",74337,"Financial Accounting Value"
"001648",74341,"Financial Accounting Date"
"001347",73176,"Financial Account Fund Classification"
"001349",73184,"Financial Account Program Code"
"001646",74333,"Financial Account Program Number"
"001645",74329,"Financial Account Program Name"
"002059",76311,"Funding Source Amount"
"002058",76312,"Funding Source Percentage"
"002137",76634,"Indirect Cost Rate"
"002136",76627,"Indirect Cost Rate Agreement Approved By"
"002135",76620,"Indirect Cost Rate Agreement End Date"
"002133",76606,"Indirect Cost Rate Agreement Indicator"
"002134",76613,"Indirect Cost Rate Agreement Start Date"
"002139",76648,"Indirect Cost Rate Deviation Reason Type"
"002138",76641,"Indirect Cost Rate Stage Code"
"000547",70982,"Federal Program Code"
"000549",70984,"Federal Programs Funding Allocation"
"000548",70983,"Federal Programs Funding Allocation Type"
"000445",70976,"State Transferability of Funds"
"000455",70977,"Date State Received Title III Allocation"
"000456",70978,"Date Title III Funds Available to Subgrantees"
"000457",70979,"Number of Days for Title III Subgrants"
"002073",76313,"Coding System Organization Type"
"002074",76314,"Education Job Type"
"002070",76315,"Job Identification System"
"002069",76316,"Job Identifier"
"002077",76317,"Job Position Expected Start Date"
"002076",76318,"Job Position Identification System"
"002075",76319,"Job Position Identifier"
"002078",76320,"Job Position Status"
"002080",76321,"Job Position Status Cancelled Reason"
"002079",76322,"Job Position Status Date"
"002071",76323,"Local Job Category"
"002072",76324,"Local Job Function"
"002063",76325,"Organization Jurisdiction Square Miles"
"000115",71753,"First Name"
"000184",71786,"Middle Name"
"000172",71781,"Last or Surname"
"000121",71755,"Generation Code or Suffix"
"000212",71798,"Personal Title or Prefix"
"001514",73630,"Other First Name"
"001515",73646,"Other Middle Name"
"001513",73614,"Other Last Name"
"000206",71797,"Other Name"
"000634",71902,"Other Name Type"
"001071",71775,"Student Identifier"
"001075",71779,"Student Identification System"
"000618",71901,"Personal Information Verification"
"001945",75570,"Personal Information Type"
"000010",71831,"Address Type for Learner or Family"
"000269",71815,"Address Street Number and Name"
"000019",70993,"Address Apartment Room or Suite Number"
"000040",70997,"Address City"
"000267",71814,"State Abbreviation"
"000214",71799,"Address Postal Code"
"000190",71790,"Address County Name"
"000050",71001,"Country Code"
"000606",74253,"Latitude"
"000607",74276,"Longitude"
"001209",75340,"County ANSI Code"
"001928",75341,"Do Not Publish Indicator"
"000279",71819,"Telephone Number"
"000280",71820,"Telephone Number Type"
"000219",71801,"Primary Telephone Number Indicator"
"001928",75343,"Do Not Publish Indicator"
"001927",75344,"Telephone Number Listed Status"
"000088",71742,"Electronic Mail Address"
"000089",71743,"Electronic Mail Address Type"
"001928",75342,"Do Not Publish Indicator"
"000033",70995,"Birthdate"
"000428",73823,"Birthdate Verification"
"000255",71811,"Sex"
"000016",71907,"American Indian or Alaska Native"
"000020",71908,"Asian"
"000034",71909,"Black or African American"
"000192",71910,"Native Hawaiian or Other Pacific Islander"
"000301",71911,"White"
"000973",71425,"Demographic Race Two or More Races"
"000144",71765,"Hispanic or Latino Ethnicity"
"000051",71002,"Country of Birth Code"
"000427",71837,"State of Birth Abbreviation"
"000426",71836,"City of Birth"
"000532",71863,"Public School Residence Status"
"001657",74355,"Tribal Affiliation"
"001640",74309,"Military Branch"
"001576",73933,"Military Connected Student Indicator"
"000730",75345,"Standard Occupational Classification"
"001944",75546,"Federal Race and Ethnicity Declined"
"001947",75547,"First Generation College Student"
"001943",75548,"Race"
"000778",76201,"Rural Residency Status"
"001481",74829,"Referral Date"
"001483",74831,"Referral Reason"
"001484",74833,"Referral Source"
"000439",71849,"Medical Alert Indicator"
"001283",73066,"Allergy Type"
"001281",73064,"Allergy Reaction Description"
"001282",73065,"Allergy Severity"
"001358",74467,"Health Screening Equipment Used"
"001359",74468,"Health Screening Follow-up Recommendation"
"000706",74710,"Dental Screening Date"
"000310",74711,"Dental Screening Status"
"000705",73711,"Hearing Screening Date"
"000309",73712,"Hearing Screening Status"
"000306",71721,"Immunization Date"
"001248",71720,"Immunization Type"
"000335",74712,"Insurance Coverage"
"000336",74713,"Dental Insurance Coverage Type"
"000703",73709,"Vision Screening Date"
"000308",73710,"Vision Screening Status"
"001068",71773,"Local Education Agency Identifier"
"001072",71777,"Local Education Agency Identification System"
"001069",71774,"School Identifier"
"001073",71778,"School Identification System"
"000827",74378,"Organization Identification System"
"000637",71905,"Responsible District Identifier"
"000594",71893,"Responsible District Type"
"000638",71906,"Responsible School Identifier"
"000595",71894,"Responsible School Type"
"001466",74382,"Responsible Organization Identifier"
"001467",74385,"Responsible Organization Type"
"000714",71914,"Kindergarten Program Participation Type  "
"000122",71756,"Gifted and Talented Indicator"
"000094",71746,"Enrollment Status"
"000097",71747,"Enrollment Entry Date"
"000100",71749,"Entry Grade Level"
"000099",71748,"Entry Type"
"000107",71750,"Enrollment Exit Date"
"001210",71623,"Exit Grade Level"
"000110",71752,"Exit or Withdrawal Type"
"000108",71751,"Exit or Withdrawal Status"
"000046",71000,"Cohort Year"
"000584",71888,"Cohort Graduation Year"
"000120",71754,"GED Preparation Program Participation Status"
"000610",71899,"Displaced Student Status"
"000569",71879,"Truant Status"
"001590",74143,"Directory Information Block Status"
"001244",73695,"Program Gifted Eligibility Criteria"
"001862",75148,"Student Enrollment Access Type"
"001921",75346,"Full Time Equivalency"
"000323",75567,"Application Date"
"001946",75568,"Role"
"001963",75569,"Student School Affiliation State Defined Status"
"002017",76204,"Adjusted Exit or Withdrawal Type"
"002113",76205,"Dropout Reason Type"
"002068",76206,"Student Dropout Status"
"002129",76587,"Enrollment Status Date"
"000006",70989,"Activity Identifier"
"000009",70992,"Activity Title"
"001530",73768,"Activity Description"
"000007",70990,"Activity Involvement Begin Date"
"000008",70991,"Activity Involvement End Date"
"001527",73758,"Activity Time Involved"
"001528",73760,"Activity Time Measurement Type"
"000202",71796,"Number of Days in Attendance"
"000201",71795,"Number of Days Absent"
"000271",71816,"Student Attendance Rate"
"000600",71896,"Present Attendance Category"
"000599",71895,"Absent Attendance Category"
"000601",71897,"Attendance Event Type"
"001649",74343,"Attendance Event Date"
"000076",71736,"Attendance Status"
"001920",75197,"End Time"
"001919",75198,"Start Time"
"001957",75545,"Number of Days Tardy"
"002098",76197,"Attendance Event Duration Day"
"002015",76198,"Attendance Event Duration Hours"
"002014",76199,"Attendance Event Duration Minutes"
"002022",76200,"Chronic Student Absenteeism Indicator"
"000055",71003,"Course Identifier"
"000056",71730,"Course Code System"
"000067",71732,"Course Title"
"000125",71758,"Grade Level When Course Taken"
"000065",71731,"Course Repeat Code"
"000199",71793,"Number of Credits Attempted"
"000200",71794,"Number of Credits Earned"
"000073",71734,"Credits Attempted Cumulative"
"000074",71735,"Credits Earned Cumulative"
"000124",71757,"Student Course Section Grade Earned"
"000072",71733,"Credit Unit Type"
"000616",71900,"Grade Value Qualifier"
"000566",71878,"Technology Literacy Status in 8th Grade"
"000130",71761,"Grade Points Earned Cumulative"
"000128",71759,"Grade Point Average Cumulative"
"000129",71760,"Grade Point Average Given Session"
"000041",70998,"High School Student Class Rank"
"000042",70999,"Class Ranking Date"
"000294",71827,"Size of High School Graduating Class"
"000226",71803,"Projected Graduation Date"
"000004",70988,"Academic Honors Type"
"000150",71770,"Honors Description"
"000036",72835,"Career and Technical Education Completer"
"000229",71805,"Recognition for Participation or Performance in an Activity"
"000093",71745,"End of Term Status"
"000530",71861,"Promotion Reason"
"000531",71862,"Nonpromotion Reason"
"000466",72856,"Literacy Assessment Administered Type"
"000469",71853,"Literacy Pre Test Status"
"000468",71852,"Literacy Post Test Status"
"000467",71851,"Literacy Goal Met Status"
"000586",71889,"Postsecondary Enrollment Action"
"000711",71912,"Cohort Description"
"000132",71762,"Graduation Rate Survey Cohort Year"
"000133",71763,"Graduation Rate Survey Indicator"
"000571",71881,"Pre and Post Test Indicator"
"000573",71882,"Proficiency Status"
"000561",71874,"Progress Level"
"001289",73078,"Career Education Plan Date"
"001290",73081,"Career Education Plan Type"
"001549",73836,"Course Department Name"
"001573",73927,"Student Course Section Grade Narrative"
"000123",75339,"Grade Point Average Weighted Indicator"
"002119",76577,"Retention Exemption Reason"
"000009",71916,"Activity Title"
"000006",71915,"Activity Identifier"
"001530",73769,"Activity Description"
"000007",73762,"Activity Involvement Begin Date"
"000008",73763,"Activity Involvement End Date"
"001527",73759,"Activity Time Involved"
"001528",73761,"Activity Time Measurement Type"
"000081",71737,"Diploma or Credential Award Date"
"000138",71764,"High School Diploma Type"
"000713",71913,"High School Diploma Distinction Type"
"000001",74675,"Academic Award Date"
"000002",74671,"Academic Award Level Conferred"
"000003",74672,"Academic Award Title"
"001317",74670,"Credit Hours Applied Other Program"
"000783",72839,"Professional or Technical Credential Conferred"
"000625",74673,"Program Identifier"
"002026",76196,"Projected High School Diploma Type"
"000031",70994,"Awaiting Initial IDEA Evaluation Status"
"000151",71771,"IDEA Indicator"
"000577",71884,"Disability Status"
"000249",71810,"Section 504 Status"
"000218",71800,"Primary Disability Type"
"001320",73662,"Disability Condition Type"
"001321",73664,"Disability Determination Source Type"
"000535",71864,"IDEA Educational Environment for School Age"
"001228",76202,"Status End Date"
"001227",76203,"Status Start Date"
"002131",76595,"Degree of Visual Impairment"
"002132",76599,"Visual Impairment Type"
"001242",71706,"Special Education Full Time Equivalency"
"000590",71995,"Program Participation Start Date"
"000591",71996,"Program Participation Exit Date"
"000260",71812,"Special Education Exit Reason"
"000263",71813,"Special Education Services Exit Date"
"002086",76207,"Part B Postsecondary Outcomes Indicator"
"000281",71821,"Title I Indicator"
"000590",71997,"Program Participation Start Date"
"000591",71998,"Program Participation Exit Date"
"000235",71806,"School Choice Applied for Transfer Status"
"000236",71807,"School Choice Eligible for Transfer Status"
"000237",71808,"School Choice Transfer Status"
"000286",71822,"Title I School Supplemental Services Applied Status"
"000287",71823,"Title I School Supplemental Services Eligible Status"
"000288",71824,"Title I School Supplemental Services Received Status"
"000550",71870,"Title I Schoolwide Program Participation"
"000551",71871,"Title I Targeted Assistance Participation"
"000320",71830,"Individualized Program Type"
"001231",71685,"Individualized Program Service Plan Date Type"
"000559",74789,"IDEA Educational Environment for Early Childhood"
"000535",74786,"IDEA Educational Environment for School Age"
"001682",74948,"IEP Transfer of Rights Statement"
"001634",74855,"Inclusive Setting Indicator"
"001232",71687,"Individualized Program Date"
"001236",71695,"Individualized Program Service Plan Date"
"001683",74953,"Individualized Program Service Plan End Date"
"001684",74954,"Individualized Program Service Plan Meeting Date"
"001241",71705,"Individualized Program Service Plan Reevaluation Date"
"001237",71697,"Individualized Program Service Plan Meeting Location"
"001238",71699,"Individualized Program Service Plan Meeting Participants"
"001239",71701,"Individualized Program Service Plan Signed By"
"001240",71703,"Individualized Program Service Plan Signature Date"
"001681",74957,"Individualized Program Service Plan Progress Report Schedule"
"001701",74958,"Individualized Program Service Plan Progress Report Type"
"001233",71689,"Individualized Program NonInclusion Minutes Per Week"
"001234",71691,"Individualized Program Inclusion Minutes Per Week"
"001235",71693,"Individualized Program Transition Plan Type"
"000273",71710,"Student Support Service Type"
"001289",73827,"Career Education Plan Date"
"001290",73830,"Career Education Plan Type"
"001946",75571,"Role"
"001998",75913,"Student Support Service Availability Type"
"002124",76582,"Agency Invitation for Transition Planning Indicator"
"002127",76585,"Functional Behavioral Assessment Date"
"002117",76574,"IDEA Part C to Part B Transition Delay Reason "
"002116",76572,"Indicator 11 Child Find Timeliness Reason"
"002121",76579,"Procedural Safeguards Notice Indicator"
"002123",76581,"Student Invitation for Transition Planning Indicator"
"002167",76703,"Accessibility Feature Application Type"
"002168",76705,"Accessibility Feature Category"
"002169",76707,"Accessibility Feature Delivery Method"
"002170",76709,"Accessibility Feature Embedded Indicator"
"002171",76711,"Accessibility Feature Language Type"
"001157",76545,"Accessibility Feature Other Description"
"002172",76713,"Accessibility Feature Pauses the Clock Indicator"
"002173",76715,"Accessibility Feature Relationship Type"
"000385",76538,"Accessibility Feature Type"
"002090",76558,"Accessible Format Issued Begin Date"
"002091",76559,"Accessible Format Issued End Date"
"002088",76556,"Accessible Format Issued Indicator"
"002092",76560,"Accessible Format Required Indicator"
"002089",76557,"Accessible Format Type"
"002142",76653,"Adaptive and Specialized Equipment or Furniture Description"
"002143",76655,"Adaptive Calculator Type"
"002144",76657,"Alternate Response Option Type"
"002174",76717,"Assessment Component Type"
"002155",76679,"Assessment Extended Time Duration"
"002156",76681,"Assessment Extended Time Type"
"002146",76661,"Braille Access Type"
"002147",76663,"Braille Application Type"
"002148",76665,"Braille Code Type"
"002149",76667,"Braille Version Type"
"002150",76669,"Break Duration"
"002151",76671,"Break Location Type"
"002152",76673,"Break Type"
"002153",76675,"Calculator Type"
"002154",76677,"Display Format Adjustment Type"
"002159",76687,"Group Size Range Maximum"
"002158",76685,"Group Size Range Minimum"
"002157",76683,"Group Size Type"
"001686",76553,"Individualized Program Accommodation Applicability"
"001685",76552,"Individualized Program Accommodation Description"
"002160",76689,"Medical Support Type"
"002161",76691,"Read Aloud Type"
"002162",76693,"Reference Sheet Type"
"001518",76551,"School Courses for the Exchange of Data Course Subject Area"
"002163",76695,"Setting Type"
"002164",76697,"Signed Administration Delivery Method"
"002145",76659,"Signed Administration Type"
"002165",76699,"Tactile Medium Type"
"002166",76701,"Translation Presentation Type"
"001727",74875,"Consent to Evaluation Date"
"001726",74876,"Consent to Evaluation Indicator"
"001572",74854,"Person Identifier"
"001571",74845,"Person Identification System"
"000577",74791,"Disability Status"
"000249",74777,"Section 504 Status"
"000218",74776,"Primary Disability Type"
"000151",74773,"IDEA Indicator"
"001733",74931,"IDEA Disability Type"
"001765",75149,"Significant Cognitive Disability Indicator"
"002122",76580,"Behavior Impedes Learning Indicator "
"002120",76578,"Eligibility Determination Date"
"001731",74914,"Eligibility Evaluation Date"
"001730",74915,"Eligibility Evaluation Description"
"001732",74916,"Eligibility Parent Observations Explanation"
"001729",74932,"IDEA Eligibility Evaluation Category"
"001728",74938,"IEP Eligibility Evaluation Type"
"001481",74828,"Referral Date"
"001483",74830,"Referral Reason"
"001484",74832,"Referral Source"
"000559",74790,"IDEA Educational Environment for Early Childhood"
"000535",74787,"IDEA Educational Environment for School Age"
"001704",74933,"IDEA Placement Rationale"
"001634",74856,"Inclusive Setting Indicator"
"001234",74821,"Individualized Program Inclusion Minutes Per Week"
"001233",74820,"Individualized Program NonInclusion Minutes Per Week"
"001721",74869,"Authorization Acceptance Indicator"
"001725",74870,"Authorization Date"
"001722",74871,"Authorization Decision Explanation"
"001720",74872,"Authorizer Type"
"001719",74935,"IEP Authorization Document Type"
"001723",74936,"IEP Authorization Rejected Portion Description"
"001724",74937,"IEP Authorization Rejected Portion Explanation"
"001572",74853,"Person Identifier"
"001571",74844,"Person Identification System"
"001705",74941,"IEP Present Level Academic Description"
"001706",74942,"IEP Present Level Functional Description"
"001707",74943,"IEP Present Level General Education Description"
"001710",74944,"IEP Present Level Parent Concern Description"
"001708",74945,"IEP Present Level Preschool Description"
"001711",74946,"IEP Present Level Student Concern Description"
"001709",74947,"IEP Present Level Student Strengths Description"
"001165",73890,"Goal Start Date"
"001166",74818,"Goal End Date"
"000903",73882,"Goal Description"
"001698",74939,"IEP Goal Type"
"000902",73892,"Goal Success Criteria"
"000692",74794,"Competency Definition Code"
"000690",74792,"Competency Definition Statement"
"000874",74803,"Competency Definition URL"
"001690",74920,"Goal Current Performance Description"
"001697",74928,"Goal Measurement Type"
"001695",74926,"Goal Measurement Description"
"001696",74927,"Goal Measurement Schedule"
"001693",74924,"Goal Measurement Criterion Metric"
"001691",74922,"Goal Measurement Criterion Accuracy Percent"
"001692",74923,"Goal Measurement Criterion Attempts Count"
"001694",74925,"Goal Measurement Criterion Success Count"
"000326",74779,"Service Entry Date"
"000327",74780,"Service Exit Date"
"001717",74992,"Service Extends Outside School Year"
"001712",74912,"Declined Services Date"
"001488",74834,"Reason for Declined Services"
"001716",74913,"Duration Length in Minutes"
"001713",74919,"Frequency Unit"
"001715",74918,"Frequency Length"
"001714",74917,"Frequency Instances Per Cycle"
"001718",74993,"Service Setting Description"
"000273",74778,"Student Support Service Type"
"001998",75914,"Student Support Service Availability Type"
"000826",74798,"Organization Identifier"
"000827",74801,"Organization Identification System"
"001572",74848,"Person Identifier"
"001571",74839,"Person Identification System"
"000558",74788,"Special Education Support Services Category"
"000028",74769,"Assessment Title"
"000383",74782,"Assessment Accommodation Category"
"000385",74784,"Accessibility Feature Type"
"001157",74813,"Accessibility Feature Other Description"
"000415",74785,"Assessment Type Administered"
"001687",74934,"IEP Alternative Assessment Rationale"
"001701",74959,"Individualized Program Service Plan Progress Report Type"
"001699",74955,"Individualized Program Service Plan Progress Report Date"
"001700",74956,"Individualized Program Service Plan Progress Report Description"
"001698",74940,"IEP Goal Type"
"000903",74809,"Goal Description"
"001165",74816,"Goal Start Date"
"001166",74819,"Goal End Date"
"001703",74929,"Goal Status"
"001702",74930,"Goal Status Type"
"001690",74921,"Goal Current Performance Description"
"000902",74808,"Goal Success Criteria"
"000692",74795,"Competency Definition Code"
"000690",74793,"Competency Definition Statement"
"000874",74804,"Competency Definition URL"
"001689",74951,"Individualized Program Service Plan Amendment Description"
"001688",74952,"Individualized Program Service Plan Amendment Reason Description"
"000488",71855,"Disciplinary Action Taken"
"000545",71869,"Discipline Reason"
"000083",71739,"Disciplinary Action Start Date"
"000082",71738,"Disciplinary Action End Date"
"000511",71856,"Duration of Disciplinary Action"
"000514",71859,"Shortened Expulsion"
"000609",71898,"Discipline Action Length Difference Reason"
"000513",71858,"Full Year Expulsion"
"000512",71857,"Related to Zero Tolerance Policy"
"000541",71868,"IDEA Interim Removal"
"000539",71867,"IDEA Interim Removal Reason"
"000555",71872,"Discipline Method for Firearms Incidents"
"000538",71866,"Discipline Method of Children with Disabilities"
"000556",71873,"IDEA Discipline Method for Firearms Incidents"
"001322",73128,"Disciplinary Action IEP Placement Meeting Indicator"
"000578",71885,"Educational Services After Removal"
"000316",71828,"Language Type"
"000317",71829,"ISO 639-2 Language Code"
"001637",74215,"ISO 639-3 Language Code"
"001638",74222,"ISO 639-5 Language Family"
"000092",71744,"Eligibility Status for School Food Service Programs"
"001227",71917,"Status Start Date"
"001228",71982,"Status End Date"
"000086",71741,"Economic Disadvantage Status"
"000325",71613,"Participation in School Food Service Programs"
"001654",74349,"National School Lunch Program Direct Certification Indicator"
"001950",75559,"NCES SIDE Date Processed"
"001948",75560,"NCES SIDE Estimate"
"001949",75561,"NCES SIDE Standard Error"
"001951",75562,"NCES SIDE Vintage Begin Year"
"001952",75563,"NCES SIDE Vintage End Year"
"001574",74145,"Credits Required"
"001574",74147,"Credits Required"
"001518",74146,"School Courses for the Exchange of Data Course Subject Area"
"000055",74148,"Course Identifier"
"000056",74149,"Course Code System"
"001518",74150,"School Courses for the Exchange of Data Course Subject Area"
"000250",74151,"School Courses for the Exchange of Data Sequence of Course"
"001517",74152,"School Courses for the Exchange of Data Course Code"
"001516",74153,"School Courses for the Exchange of Data Course Level"
"001480",74154,"School Courses for the Exchange of Data Grade Span"
"000137",74155,"High School Course Requirement"
"000058",74156,"Credit Value"
"000125",74157,"Grade Level When Course Taken"
"000149",71769,"Homelessness Status"
"001227",71420,"Status Start Date"
"001228",71543,"Status End Date"
"000146",71766,"Homeless Primary Nighttime Residence"
"000147",71767,"Homeless Serviced Indicator"
"000148",71768,"Homeless Unaccompanied Youth Status"
"000291",71826,"Title III Immigrant Status"
"000290",71825,"Title III Immigrant Participation Status"
"001227",71983,"Status Start Date"
"001228",71984,"Status End Date"
"000529",71860,"First Entry Date into a US School"
"000180",71783,"English Learner Status"
"000590",71985,"Program Participation Start Date"
"000591",71986,"Program Participation Exit Date"
"000581",71887,"Perkins English Learner Status"
"000536",71865,"Title III Accountability Progress Status"
"000565",71877,"Title III English Learner Participation Status"
"000486",75003,"Type of Use of the Rural Low-Income Schools Program"
"001989",75565,"Home Language Survey Administration Date"
"001988",75566,"Home Language Survey Administration Indicator"
"001228",76547,"Status End Date"
"001227",76546,"Status Start Date"
"002118",76575,"Years of Program Participation"
"001071",71347,"Student Identifier"
"001075",71346,"Student Identification System"
"000189",71789,"Migrant Status"
"000590",71987,"Program Participation Start Date"
"000591",71988,"Program Participation Exit Date"
"000430",71840,"Migrant Education Program Eligibility Expiration Date"
"000185",71787,"Migrant Education Program Participation Status"
"000437",71847,"Migrant Education Program Enrollment Type"
"000186",71788,"Migrant Education Program Services Type"
"000563",71876,"Migrant Education Program Continuation of Services Status"
"000429",71839,"Continuation of Services Reason"
"000440",71850,"Migrant Education Program Project Based"
"000562",71875,"Migrant Prioritized for Services"
"000432",71842,"Migrant Student Qualifying Arrival Date"
"000171",71780,"Last Qualifying Move Date"
"000433",71843,"Qualifying Move From City"
"000434",71844,"Qualifying Move From Country"
"000435",71845,"Qualifying Move From State"
"000436",71846,"Designated Graduation School Identifier"
"000428",71838,"Birthdate Verification"
"000438",71848,"Immunization Record Flag"
"000431",71841,"Multiple Birth Indicator"
"000194",71792,"Neglected or Delinquent Program Type"
"000193",71791,"Neglected or Delinquent Status"
"000590",71989,"Program Participation Start Date"
"000591",71990,"Program Participation Exit Date"
"000635",71903,"Neglected or Delinquent Academic Achievement Indicator"
"000636",71904,"Neglected or Delinquent Academic Outcome Indicator"
"000484",71854,"Neglected or Delinquent Obtained Employment"
"001979",75572,"EDFacts Academic or Career and Technical Outcome Exit Type"
"001978",75573,"EDFacts Academic or Career and Technical Outcome Type"
"002085",76240,"Delinquent Program Type"
"002084",76241,"Neglected Program Type"
"000225",71992,"Program Type"
"000625",73697,"Program Identifier"
"000626",73696,"Program Name"
"001243",71708,"Program Participation Status"
"000590",71993,"Program Participation Start Date"
"000591",71994,"Program Participation Exit Date"
"000222",71802,"Exit Reason"
"001574",73928,"Credits Required"
"001499",73455,"Work-based Learning Opportunity Type"
"001922",75347,"Program Entry Reason"
"000323",75574,"Application Date"
"001946",75575,"Role"
"001356",75915,"Frequency of Service"
"002115",76568,"Perkins Nontraditional Type"
"002118",76576,"Years of Program Participation"
"000346",73705,"Employment Start Date"
"000795",73700,"Employment End Date"
"001064",71621,"Employment NAICS Code"
"000987",71619,"Employed While Enrolled"
"000988",71617,"Employed After Exit"
"001946",75564,"Role"
"001343",76549,"Employment Status While Enrolled"
"001557",73868,"Learner Action Actor Identifier"
"000937",73869,"Learner Action Date Time"
"001558",73870,"Learner Action Object Description"
"001559",73873,"Learner Action Object Identifier"
"001560",73876,"Learner Action Object Type"
"000934",73879,"Learner Action Type"
"000935",73880,"Learner Action Value"
"000425",75348,"Person Relationship Type"
"001929",75349,"Awaiting Foster Care Status"
"000777",75350,"Public Assistance Status"
"000775",76542,"Low-income Status"
"001935",75549,"Barrier to Internet Access In Residence"
"001976",75556,"Internet Download Speed"
"001934",75550,"Internet Access In Residence"
"001977",75557,"Internet Speed Test Date Time"
"001936",75551,"Internet Access Type In Residence"
"001975",75558,"Internet Upload Speed"
"001937",75552,"Internet Performance In Residence"
"001932",75553,"Primary Learning Device Access"
"001931",75554,"Primary Learning Device Away From School"
"001933",75555,"Primary Learning Device Provider"
"001577",76213,"Active Military Status Indicator"
"002050",76214,"Military Campaigns"
"002034",76215,"Military Country"
"002048",76216,"Military Current Rank"
"002055",76217,"Military Deployment Activity Code"
"002056",76218,"Military Deployment Activity Name"
"002052",76219,"Military Deployment Description"
"002043",76220,"Military Deployment End Date"
"002053",76221,"Military Deployment Order Description"
"002054",76222,"Military Deployment Requested By"
"002042",76223,"Military Deployment Start Date"
"002051",76224,"Military Deployment Status Code"
"002044",76225,"Military Discharge Category"
"002040",76226,"Military Discharge Date"
"002046",76227,"Military Discharge Rank"
"002037",76228,"Military Duties"
"002036",76229,"Military Expertise"
"002047",76230,"Military Highest Rank"
"002049",76231,"Military Honors"
"002039",76232,"Military Induction Date"
"002045",76233,"Military Induction Rank"
"002035",76234,"Military Occupational Specialties "
"002041",76235,"Military Release Date"
"002038",76236,"Military Service Locations"
"002114",76237,"Military Service Number"
"001578",76238,"Military Veteran Status Indicator"
"002057",76239,"National Guard Indicator"
"002018",76242,"Transportation Public Expense Eligibility Type"
"002020",76243,"Transportation State Aid Qualification Type"
"002019",76244,"Transportation Status Type"
"000115",71244,"First Name"
"000184",71247,"Middle Name"
"000172",71246,"Last or Surname"
"000121",71245,"Generation Code or Suffix"
"000212",71248,"Personal Title or Prefix"
"001514",73631,"Other First Name"
"001515",73647,"Other Middle Name"
"001513",73615,"Other Last Name"
"000206",71999,"Other Name"
"000634",72000,"Other Name Type"
"001572",74387,"Person Identifier"
"001571",74388,"Person Identification System"
"000618",72216,"Personal Information Verification"
"001945",75578,"Personal Information Type"
"000010",72130,"Address Type for Learner or Family"
"000269",72001,"Address Street Number and Name"
"000019",72002,"Address Apartment Room or Suite Number"
"000040",72003,"Address City"
"000267",72004,"State Abbreviation"
"000214",72005,"Address Postal Code"
"000190",72006,"Address County Name"
"000050",72131,"Country Code"
"000606",74261,"Latitude"
"000607",74284,"Longitude"
"001209",75365,"County ANSI Code"
"001928",75366,"Do Not Publish Indicator"
"000279",72009,"Telephone Number"
"000280",72007,"Telephone Number Type"
"000219",72008,"Primary Telephone Number Indicator"
"001928",75368,"Do Not Publish Indicator"
"001927",75369,"Telephone Number Listed Status"
"000088",72011,"Electronic Mail Address"
"000089",72010,"Electronic Mail Address Type"
"001928",75367,"Do Not Publish Indicator"
"000033",74469,"Birthdate"
"000255",73419,"Sex"
"000730",74126,"Standard Occupational Classification"
"000051",75370,"Country of Birth Code"
"001640",75371,"Military Branch"
"001657",75372,"Tribal Affiliation"
"001943",75576,"Race"
"001071",74024,"Student Identifier"
"001075",74025,"Student Identification System"
"001080",74026,"Child Identifier"
"001572",73909,"Person Identifier"
"001571",73904,"Person Identification System"
"000425",71249,"Person Relationship Type"
"001428",73323,"Primary Contact Indicator"
"001341",73151,"Emergency Contact Indicator"
"001423",73308,"Person Relationship to Learner Contact Priority Number"
"001424",73310,"Person Relationship to Learner Contact Restrictions Description"
"001425",73312,"Lives With Indicator"
"000329",75377,"Custodial Parent or Guardian Indicator"
"000317",75373,"ISO 639-2 Language Code"
"001637",75374,"ISO 639-3 Language Code"
"001638",75375,"ISO 639-5 Language Family"
"000316",75376,"Language Type"
"000777",75378,"Public Assistance Status"
"000141",75577,"Highest Level of Education Completed"
"001577",76282,"Active Military Status Indicator"
"002050",76283,"Military Campaigns"
"002034",76284,"Military Country"
"002048",76285,"Military Current Rank"
"002055",76286,"Military Deployment Activity Code"
"002056",76287,"Military Deployment Activity Name"
"002052",76288,"Military Deployment Description"
"002043",76289,"Military Deployment End Date"
"002053",76290,"Military Deployment Order Description"
"002054",76291,"Military Deployment Requested By"
"002042",76292,"Military Deployment Start Date"
"002051",76293,"Military Deployment Status Code"
"002044",76294,"Military Discharge Category"
"002040",76295,"Military Discharge Date"
"002046",76296,"Military Discharge Rank"
"002037",76297,"Military Duties"
"002036",76298,"Military Expertise"
"002047",76299,"Military Highest Rank"
"002049",76300,"Military Honors"
"002039",76301,"Military Induction Date"
"002045",76302,"Military Induction Rank"
"002035",76303,"Military Occupational Specialties "
"002041",76304,"Military Release Date"
"002038",76305,"Military Service Locations"
"002114",76306,"Military Service Number"
"001578",76307,"Military Veteran Status Indicator"
"002057",76308,"National Guard Indicator"
"000115",71085,"First Name"
"000184",71100,"Middle Name"
"000172",71099,"Last or Surname"
"000121",71087,"Generation Code or Suffix"
"000212",71105,"Personal Title or Prefix"
"001514",73632,"Other First Name"
"001515",73648,"Other Middle Name"
"001513",73616,"Other Last Name"
"000206",71103,"Other Name"
"000634",71140,"Other Name Type"
"001070",71095,"Staff Member Identifier"
"001074",71098,"Staff Member Identification System"
"000618",71135,"Personal Information Verification"
"001945",75541,"Personal Information Type"
"000722",71149,"Address Type for Staff"
"000269",71117,"Address Street Number and Name"
"000019",71072,"Address Apartment Room or Suite Number"
"000040",71075,"Address City"
"000267",71116,"State Abbreviation"
"000214",71107,"Address Postal Code"
"000190",72133,"Address County Name"
"000050",72132,"Country Code"
"000606",74262,"Latitude"
"000607",74285,"Longitude"
"001209",75318,"County ANSI Code"
"001928",75319,"Do Not Publish Indicator"
"000279",72014,"Telephone Number"
"000280",72012,"Telephone Number Type"
"000219",72013,"Primary Telephone Number Indicator"
"001928",75321,"Do Not Publish Indicator"
"001927",75322,"Telephone Number Listed Status"
"000088",72016,"Electronic Mail Address"
"000089",72015,"Electronic Mail Address Type"
"001928",75320,"Do Not Publish Indicator"
"000033",71074,"Birthdate"
"000255",71111,"Sex"
"000016",71143,"American Indian or Alaska Native"
"000020",71144,"Asian"
"000034",71145,"Black or African American"
"000192",71146,"Native Hawaiian or Other Pacific Islander"
"000301",71147,"White"
"000144",71092,"Hispanic or Latino Ethnicity"
"000973",75170,"Demographic Race Two or More Races"
"000051",75323,"Country of Birth Code"
"001640",75324,"Military Branch"
"001657",75325,"Tribal Affiliation"
"001944",75534,"Federal Race and Ethnicity Declined"
"001947",75535,"First Generation College Student"
"001943",75536,"Race"
"001068",71093,"Local Education Agency Identifier"
"001072",71096,"Local Education Agency Identification System"
"001069",71094,"School Identifier"
"001073",71097,"School Identification System"
"000526",71126,"Assignment Start Date"
"000527",71127,"Assignment End Date"
"000645",71141,"Teaching Assignment Start Date"
"000646",71142,"Teaching Assignment End Date"
"000118",71086,"Staff Full Time Equivalency"
"000525",71125,"Primary Assignment Indicator"
"000087",71080,"K12 Staff Classification"
"000622",71138,"Classroom Position Type"
"000528",71128,"Itinerant Teacher"
"000188",71101,"Migrant Education Program Staff Category"
"000283",71120,"Title I Program Staff Category"
"000264",71115,"Special Education Teacher"
"000564",71133,"Special Education Age Group Taught"
"000261",71113,"Special Education Paraprofessional"
"000262",71114,"Special Education Related Services Personnel"
"000558",71132,"Special Education Support Services Category"
"000220",71108,"Professional Educational Job Classification"
"000071",71079,"Credential Type"
"000278",71119,"Teaching Credential Type"
"000277",71118,"Teaching Credential Basis"
"000070",71078,"Credential Issuance Date"
"000069",71077,"Credential Expiration Date"
"000302",71123,"Years of Prior Teaching Experience"
"000141",71089,"Highest Level of Education Completed"
"000142",71090,"Highly Qualified Teacher Indicator"
"000207",71104,"Paraprofessional Qualification Status"
"000716",71148,"Program Sponsor Type"
"001318",73122,"Career and Technical Education Instructor Industry Certification"
"001587",74757,"Credential or License Award Entity"
"001058",74756,"Name of Professional Credential or License"
"000805",74755,"State Issuing Professional Credential or License"
"001961",75532,"EDFacts Teacher Inexperienced Status"
"001962",75533,"EDFacts Teacher Out of Field Status"
"001997",75909,"EDFacts Certification Status"
"001996",75910,"Special Education Teacher Qualification Status"
"002061",76164,"Years of Prior Professional Experience"
"002060",76165,"Years of Total Experience"
"000213",71106,"Position Title"
"000143",71091,"Hire Date"
"000346",73704,"Employment Start Date"
"000795",73699,"Employment End Date"
"000347",71124,"Employment Status"
"000620",71136,"Employment Separation Reason"
"000621",71137,"Employment Separation Type"
"000047",71076,"Contract Days of Service Per Year"
"000032",71073,"Staff Compensation Base Salary"
"000234",71110,"Salary for Teaching Assignment Only Indicator"
"000136",71088,"Staff Compensation Health Benefits"
"000233",71109,"Staff Compensation Retirement Benefits"
"000205",71102,"Staff Compensation Other Benefits"
"000293",71121,"Staff Compensation Total Benefits"
"000295",71122,"Staff Compensation Total Salary"
"000543",71129,"Migrant Education Program Personnel Indicator"
"000552",71131,"Title I Targeted Assistance Staff Funded"
"000730",75326,"Standard Occupational Classification"
"001946",75537,"Role"
"001959",75538,"Staff Compensation Annual Supplement"
"001960",75539,"Staff Compensation Longevity"
"001958",75540,"Staff Compensation Source Type"
"002059",76166,"Funding Source Amount"
"002058",76167,"Funding Source Percentage"
"002064",76168,"Staff Compensation Annual Supplement Description"
"001289",73080,"Career Education Plan Date"
"001290",73083,"Career Education Plan Type"
"000102",71081,"Staff Evaluation Outcome"
"000103",71082,"Staff Evaluation Scale"
"000104",71083,"Staff Evaluation Score or Rating"
"000105",71084,"Staff Evaluation System"
"000589",71134,"Faculty and Administration Performance Level"
"000546",71130,"Technology Skills Standards Met"
"001575",73930,"Tuition Funded"
"001985",75542,"Staff Evaluation Part Name"
"001987",75543,"Staff Evaluation Part Scale"
"001986",75544,"Staff Evaluation Part Score or Rating"
"001070",74356,"Staff Member Identifier"
"001074",74357,"Staff Member Identification System"
"000213",74365,"Position Title"
"000115",74360,"First Name"
"000184",74363,"Middle Name"
"000172",74362,"Last or Surname"
"000212",74364,"Personal Title or Prefix"
"000121",74361,"Generation Code or Suffix"
"000722",74372,"Address Type for Staff"
"000269",74369,"Address Street Number and Name"
"000019",74358,"Address Apartment Room or Suite Number"
"000040",74359,"Address City"
"000267",74368,"State Abbreviation"
"000214",74366,"Address Postal Code"
"000280",74371,"Telephone Number Type"
"000219",74367,"Primary Telephone Number Indicator"
"000279",74370,"Telephone Number"
"001606",74373,"Early Learning Trainer Core Knowledge Area"
"001628",74374,"Training and Technical Assistance Level"
"001209",75331,"County ANSI Code"
"001928",75332,"Do Not Publish Indicator"
"001927",75333,"Telephone Number Listed Status"
"000809",73915,"Professional Development Activity Identifier"
"000810",73578,"Professional Development Activity Title"
"001442",73579,"Professional Development Activity Type"
"001438",73575,"Professional Development Activity Description"
"001279",73913,"Professional Development Activity Education Levels Addressed"
"001440",73577,"Professional Development Activity Objective"
"001439",73576,"Professional Development Activity Level"
"001436",73573,"Professional Development Activity Credit Type"
"001437",73574,"Professional Development Activity Credits"
"001492",73687,"Professional Development Activity Target Audience"
"001388",73862,"Professional Development Session Language"
"001451",73586,"Professional Development Activity Expiration Date"
"001433",73570,"Professional Development Activity Approved Purpose"
"001432",73569,"Professional Development Activity Approval Code"
"001434",73571,"Professional Development Activity Code"
"001435",73572,"Professional Development Activity Cost"
"001452",73587,"Professional Development Session Identifier"
"001455",73588,"Professional Development Session Start Date"
"001447",73582,"Professional Development Session End Date"
"001456",73589,"Professional Development Session Start Time"
"001448",73583,"Professional Development Session End Time"
"001446",73581,"Professional Development Session Capacity"
"001431",73568,"Professional Development Delivery Method"
"001458",73685,"Professional Development Instructional Delivery Mode"
"001489",73686,"Sponsoring Agency Name"
"001444",73678,"Professional Development Instructor Identifier"
"001443",73580,"Professional Development Funding Source"
"001449",73584,"Professional Development Session Evaluation Method"
"001450",73585,"Professional Development Session Evaluation Score"
"001457",73590,"Professional Development Session Status"
"001999",75911,"Adjusted Capacity"
"002000",75912,"Adjusted Capacity Reason Type"
"001454",73604,"Professional Development Session Location Name"
"000269",73596,"Address Street Number and Name"
"000019",73597,"Address Apartment Room or Suite Number"
"000040",73598,"Address City"
"000267",73599,"State Abbreviation"
"000214",73600,"Address Postal Code"
"000279",73602,"Telephone Number"
"001209",75334,"County ANSI Code"
"001928",75335,"Do Not Publish Indicator"
"001927",75336,"Telephone Number Listed Status"
"001649",74709,"Attendance Event Date"
"000076",73465,"Attendance Status"
"000624",71139,"Leave Event Type"
"002098",76161,"Attendance Event Duration Day"
"002015",76162,"Attendance Event Duration Hours"
"002014",76163,"Attendance Event Duration Minutes"
"000141",74747,"Highest Level of Education Completed"
"000191",74733,"Name of Institution"
"001487",74751,"Short Name of Organization"
"000818",74749,"Higher Education Institution Accreditation Status"
"000342",74735,"Degree or Certificate Title or Subject"
"000343",74737,"Degree or Certificate Type"
"000344",74739,"Degree or Certificate Conferring Date"
"000816",74741,"Number of School-age Education Postsecondary Credit Hours"
"000793",74743,"Staff Education Entry Date"
"000794",74745,"Staff Education Withdrawal Date"
"001607",74753,"Education Verification Method"
"001495",73444,"Technical Assistance Type"
"001493",73436,"Technical Assistance Approved Indicator"
"001494",73439,"Technical Assistance Delivery Type"
"000317",75327,"ISO 639-2 Language Code"
"001637",75328,"ISO 639-3 Language Code"
"001638",75329,"ISO 639-5 Language Family"
"000316",75330,"Language Type"
"000425",75337,"Person Relationship Type"
"000777",75338,"Public Assistance Status"
"001577",76169,"Active Military Status Indicator"
"002050",76170,"Military Campaigns"
"002034",76171,"Military Country"
"002048",76172,"Military Current Rank"
"002055",76173,"Military Deployment Activity Code"
"002056",76174,"Military Deployment Activity Name"
"002052",76175,"Military Deployment Description"
"002043",76176,"Military Deployment End Date"
"002053",76177,"Military Deployment Order Description"
"002054",76178,"Military Deployment Requested By"
"002042",76179,"Military Deployment Start Date"
"002051",76180,"Military Deployment Status Code"
"002044",76181,"Military Discharge Category"
"002040",76182,"Military Discharge Date"
"002046",76183,"Military Discharge Rank"
"002037",76184,"Military Duties"
"002036",76185,"Military Expertise"
"002047",76186,"Military Highest Rank"
"002049",76187,"Military Honors"
"002039",76188,"Military Induction Date"
"002045",76189,"Military Induction Rank"
"002035",76190,"Military Occupational Specialties "
"002041",76191,"Military Release Date"
"002038",76192,"Military Service Locations"
"002114",76193,"Military Service Number"
"001578",76194,"Military Veteran Status Indicator"
"002057",76195,"National Guard Indicator"
"000365",76140,"Assessment Identification System"
"000055",71925,"Course Identifier"
"001067",76141,"Assessment Identifier"
"000056",71926,"Course Code System"
"000067",71929,"Course Title"
"000517",71937,"Course Description"
"001549",73834,"Course Department Name"
"000057",71718,"Course Credit Units"
"000058",71719,"Credit Value"
"000596",71939,"Additional Credit Type"
"000030",71924,"Available Carnegie Unit Credit"
"000060",71927,"Course Grade Point Average Applicability"
"000061",71928,"Course Level Characteristic"
"001301",73096,"Course Applicable Education Level"
"000137",71931,"High School Course Requirement"
"001667",74882,"Course Repeatability Maximum Number"
"001386",73234,"K12 End of Course Requirement"
"000518",71938,"Core Academic Course"
"000712",71940,"Curriculum Framework Type"
"000013",71923,"Course Aligned with Standards"
"001278",73566,"Advanced Placement Course Code"
"001287",73072,"Blended Learning Model Type"
"001288",73074,"Career Cluster"
"001499",73456,"Work-based Learning Opportunity Type"
"001302",73098,"Course Certification Description"
"000328",73666,"Ability Grouping Status"
"000448",71936,"Instruction Language"
"001311",73112,"Course Interaction Mode"
"001344",73159,"Family and Consumer Sciences Course Indicator"
"001413",73293,"National Collegiate Athletic Association Eligibility"
"001517",73670,"School Courses for the Exchange of Data Course Code"
"001516",73668,"School Courses for the Exchange of Data Course Level"
"001518",73671,"School Courses for the Exchange of Data Course Subject Area"
"001480",73409,"School Courses for the Exchange of Data Grade Span"
"000250",71935,"School Courses for the Exchange of Data Sequence of Course"
"001306",73104,"Course Funding Program"
"001575",73932,"Tuition Funded"
"000066",75531,"Course Subject Abbreviation"
"001994",75889,"Course Level Approval Indicator"
"001993",75890,"Interdisciplinary Indicator"
"001991",75891,"Project-Based Learning Indicator"
"001992",75892,"Project-Based Learning Type"
"000043",76133,"Classification of Instructional Program Code"
"000045",76134,"Classification of Instructional Program Version"
"000054",76135,"Course Begin Date"
"000059",76136,"Course End Date"
"002065",76137,"Course Funding Program Allowed"
"001655",76138,"Course Section Maximum Capacity"
"000101",76139,"Course Section Time Required for Completion"
"002023",76330,"Sequence of Course"
"002115",76567,"Perkins Nontraditional Type"
"000978",71430,"Course Section Identifier"
"000251",71014,"Session Begin Date"
"000253",71016,"Session End Date"
"000252",71015,"Session Designator"
"000254",71017,"Session Type"
"001270",74245,"Session Code"
"001271",74246,"Session Description"
"001278",73567,"Advanced Placement Course Code"
"000517",73102,"Course Description"
"001301",73097,"Course Applicable Education Level"
"001288",73075,"Career Cluster"
"000013",71941,"Course Aligned with Standards"
"001272",74247,"Session Marking Term Indicator"
"001273",74248,"Session Scheduling Term Indicator"
"001274",74249,"Session Attendance Term Indicator"
"000101",71951,"Course Section Time Required for Completion"
"000519",71021,"Class Beginning Time"
"000520",71022,"Class Ending Time"
"000521",71023,"Class Meeting Days"
"000522",71024,"Class Period"
"000523",71025,"Timetable Day Identifier"
"001655",74350,"Course Section Maximum Capacity"
"000448",71019,"Instruction Language"
"000364",71020,"Classroom Identifier"
"000524",71026,"Receiving Location of Instruction"
"000622",74127,"Classroom Position Type"
"001160",71576,"Virtual Indicator"
"001161",71578,"Course Section Instructional Delivery Mode"
"001287",73073,"Blended Learning Model Type"
"001311",73113,"Course Interaction Mode"
"000258",71018,"Course Section Single Sex Class Status"
"000328",73667,"Ability Grouping Status"
"000060",71945,"Course Grade Point Average Applicability"
"000596",73045,"Additional Credit Type"
"001302",73099,"Course Certification Description"
"001344",73160,"Family and Consumer Sciences Course Indicator"
"001413",73294,"National Collegiate Athletic Association Eligibility"
"001306",73105,"Course Funding Program"
"001575",73931,"Tuition Funded"
"001312",75002,"Course Level Type"
"001999",75880,"Adjusted Capacity"
"002000",75881,"Adjusted Capacity Reason Type"
"001993",75882,"Interdisciplinary Indicator"
"001991",75883,"Project-Based Learning Indicator"
"001992",75884,"Project-Based Learning Type"
"002065",76127,"Course Funding Program Allowed"
"000499",76128,"Instructional Minutes"
"002021",76129,"Session Sequence Number"
"001499",76130,"Work-based Learning Opportunity Type"
"000055",71943,"Course Identifier"
"000056",71944,"Course Code System"
"000067",71947,"Course Title"
"000250",71013,"School Courses for the Exchange of Data Sequence of Course"
"001667",74881,"Course Repeatability Maximum Number"
"000061",71946,"Course Level Characteristic"
"000072",71948,"Credit Unit Type"
"000030",71942,"Available Carnegie Unit Credit"
"000137",71955,"High School Course Requirement"
"000231",71009,"Related Competency Definitions"
"000027",71186,"Course Section Assessment Reporting Method"
"001549",73833,"Course Department Name"
"001994",75885,"Course Level Approval Indicator"
"002023",76329,"Sequence of Course"
"002115",76566,"Perkins Nontraditional Type"
"001071",71957,"Student Identifier"
"001075",71959,"Student Identification System"
"000097",71950,"Enrollment Entry Date"
"000650",71033,"Course Section Entry Type"
"000652",71035,"Course Section Exit Type"
"000651",71034,"Course Section Exit Withdrawal Date"
"000108",71952,"Exit or Withdrawal Status"
"000125",71954,"Grade Level When Course Taken"
"000974",71426,"Course Section Enrollment Status Start Date"
"000975",71427,"Course Section Enrollment Status End Date"
"000976",71428,"Course Section Enrollment Status Type"
"000202",71008,"Number of Days in Attendance"
"000201",71007,"Number of Days Absent"
"000199",71005,"Number of Credits Attempted"
"000200",71006,"Number of Credits Earned"
"000594",73373,"Responsible District Type"
"000595",73374,"Responsible School Type"
"000124",73922,"Student Course Section Grade Earned"
"001573",73925,"Student Course Section Grade Narrative"
"001957",75530,"Number of Days Tardy"
"002012",75886,"Enrollment Capacity"
"001467",76131,"Responsible Organization Type"
"000182",72344,"Marking Period Name"
"001142",71784,"Student Course Section Mark Final Indicator"
"000183",72345,"Mid Term Mark"
"000124",71953,"Student Course Section Grade Earned"
"000616",71029,"Grade Value Qualifier"
"001070",71956,"Staff Member Identifier"
"001074",71958,"Staff Member Identification System"
"000526",71027,"Assignment Start Date"
"000527",71028,"Assignment End Date"
"000647",71030,"Teacher of Record"
"000648",71031,"Teaching Assignment Role"
"000649",71032,"Teaching Assignment Contribution Percentage"
"000622",74128,"Classroom Position Type"
"000646",75887,"Teaching Assignment End Date"
"000645",75888,"Teaching Assignment Start Date"
"001649",74490,"Attendance Event Date"
"000601",74489,"Attendance Event Type"
"000076",73466,"Attendance Status"
"002098",76326,"Attendance Event Duration Day"
"002015",76327,"Attendance Event Duration Hours"
"002014",76328,"Attendance Event Duration Minutes"
"000972",71424,"Teacher Student Data Link Exclusion Flag"
"000625",71036,"Program Identifier"
"000626",71037,"Program Name"
"001574",74144,"Credits Required"
"000827",73718,"Organization Identification System"
"000826",73716,"Organization Identifier"
"000204",73714,"Organization Name"
"001418",73300,"Organization Operational Status"
"000716",73523,"Program Sponsor Type"
"002012",75929,"Enrollment Capacity"
"000534",75930,"Operational Status Effective Date"
"001066",73720,"Address Type for Organization"
"000269",73722,"Address Street Number and Name"
"000019",73724,"Address Apartment Room or Suite Number"
"000040",73726,"Address City"
"000267",73728,"State Abbreviation"
"000214",73730,"Address Postal Code"
"000190",73732,"Address County Name"
"000606",74272,"Latitude"
"000607",74295,"Longitude"
"001209",75379,"County ANSI Code"
"001928",75380,"Do Not Publish Indicator"
"001554",73844,"Financial Account Number"
"001348",73181,"Financial Account Name"
"001346",73170,"Financial Account Description"
"001345",73166,"Financial Account Category"
"001353",73199,"Financial Account Balance Sheet Code"
"001351",73194,"Financial Accounting Period Budgeted Value"
"001644",74326,"Financial Accounting Period Encumbered Value"
"001350",73190,"Financial Accounting Period Actual Value"
"001639",74308,"Fiscal Year"
"001642",74318,"Fiscal Period Begin Date"
"001643",74322,"Fiscal Period End Date"
"001647",74338,"Financial Accounting Value"
"001648",74342,"Financial Accounting Date"
"001347",73177,"Financial Account Fund Classification"
"001349",73186,"Financial Account Program Code"
"001646",74334,"Financial Account Program Number"
"001645",74330,"Financial Account Program Name"
"001468",73857,"Financial Account Revenue Code"
"001354",73203,"Financial Expenditure Function Code"
"001355",73207,"Financial Expenditure Object Code"
"001555",73849,"Financial Expenditure Level of Instruction Code"
"001556",73853,"Financial Expenditure Project Reporting Code"
"002059",76309,"Funding Source Amount"
"002058",76310,"Funding Source Percentage"
"002137",76633,"Indirect Cost Rate"
"002136",76626,"Indirect Cost Rate Agreement Approved By"
"002135",76619,"Indirect Cost Rate Agreement End Date"
"002133",76605,"Indirect Cost Rate Agreement Indicator"
"002134",76612,"Indirect Cost Rate Agreement Start Date"
"002139",76647,"Indirect Cost Rate Deviation Reason Type"
"002138",76640,"Indirect Cost Rate Stage Code"
"000877",75931,"Competency Set Completion Criteria"
"000878",75932,"Competency Set Completion Criteria Threshold"
"001716",75933,"Duration Length in Minutes"
"001356",75934,"Frequency of Service"
"000903",75935,"Goal Description"
"001693",75936,"Goal Measurement Criterion Metric"
"000902",75937,"Goal Success Criteria"
"000499",75938,"Instructional Minutes"
"000625",75939,"Program Identifier"
"000626",75940,"Program Name"
"000225",75941,"Program Type"
"000524",75942,"Receiving Location of Instruction"
"000986",75943,"Session End Time"
"000985",75944,"Session Start Time"
"001998",75945,"Student Support Service Availability Type"
"000501",71041,"Incident Identifier"
"000502",71042,"Incident Date"
"000503",71043,"Incident Time"
"000515",71054,"Incident Time Description Code"
"000508",71047,"Incident Description"
"000509",71048,"Incident Behavior"
"000627",71062,"Secondary Incident Behavior"
"000617",71061,"Incident Location"
"000510",71049,"Incident Injury Type"
"000507",71046,"Reporter Identifier"
"000506",71045,"Incident Reporter Type"
"001369",73491,"Incident Multiple Offense Type"
"001370",73492,"Incident Perpetrator Identifier"
"001371",73493,"Incident Perpetrator Injury Type"
"001372",73494,"Incident Perpetrator Type"
"001373",73224,"Incident Person Role Type"
"001377",73499,"Incident Victim Identifier"
"001378",73500,"Incident Victim Type"
"001379",73501,"Incident Witness Identifier"
"001380",73502,"Incident Witness Type"
"000512",71051,"Related to Zero Tolerance Policy"
"001374",73495,"Incident Regulation Violated Description"
"001375",73496,"Incident Related to Disability Manifestation"
"001376",73498,"Incident Reported to Law Enforcement Indicator"
"001211",71624,"Weapon Type"
"000557",71058,"Firearm Type"
"000545",71057,"Discipline Reason"
"000083",71039,"Disciplinary Action Start Date"
"000082",71038,"Disciplinary Action End Date"
"000488",71040,"Disciplinary Action Taken"
"000511",71050,"Duration of Disciplinary Action"
"000609",71060,"Discipline Action Length Difference Reason"
"000513",71052,"Full Year Expulsion"
"000514",71053,"Shortened Expulsion"
"000539",71055,"IDEA Interim Removal Reason"
"000541",71056,"IDEA Interim Removal"
"000578",71059,"Educational Services After Removal"
"000505",71044,"Incident Cost"
"002110",76132,"Incident Activity"
"000243",71063,"School Year"
"000494",71064,"Calendar Code"
"000495",71065,"Calendar Description"
"000598",71066,"Alternate Day Name"
"001270",72900,"Session Code"
"001271",73029,"Session Description"
"001272",72901,"Session Marking Term Indicator"
"001273",72902,"Session Scheduling Term Indicator"
"001274",72903,"Session Attendance Term Indicator"
"000251",73916,"Session Begin Date"
"000253",73917,"Session End Date"
"000985",73919,"Session Start Time"
"000986",73918,"Session End Time"
"000611",71068,"Crisis Code"
"000612",71069,"Crisis Name"
"000613",71070,"Crisis Type"
"001550",73837,"Crisis Description"
"000614",71071,"Crisis Start Date"
"001552",73839,"Crisis End Date"
"000603",71067,"Calendar Event Type"
"001275",72915,"Calendar Event Date"
"001276",72916,"Calendar Event Day Name"
"001920",75193,"End Time"
"001919",75194,"Start Time"
"001418",74397,"Organization Operational Status"
"001663",74980,"Organization Image URL"
"001750",74987,"Organization Region GeoJSON"
"000826",74400,"Organization Identifier"
"000827",74401,"Organization Identification System"
"000204",74399,"Organization Name"
"001156",74402,"Organization Type"
"001905",75156,"Organization Relationship Type"
"001487",75949,"Short Name of Organization"
"001066",74403,"Address Type for Organization"
"000269",74404,"Address Street Number and Name"
"000019",74405,"Address Apartment Room or Suite Number"
"000040",74406,"Address City"
"000267",74407,"State Abbreviation"
"000214",74408,"Address Postal Code"
"000190",74409,"Address County Name"
"001209",74413,"County ANSI Code"
"000602",74410,"Building Site Number"
"000606",74411,"Latitude"
"000607",74412,"Longitude"
"001928",75388,"Do Not Publish Indicator"
"002130",76590,"Locale "
"000279",74416,"Telephone Number"
"000167",74414,"Institution Telephone Number Type"
"000219",74415,"Primary Telephone Number Indicator"
"001928",75395,"Do Not Publish Indicator"
"001927",75396,"Telephone Number Listed Status"
"000213",74417,"Position Title"
"001428",74419,"Primary Contact Indicator"
"000704",74418,"Web Site Address"
"000115",74420,"First Name"
"000184",74421,"Middle Name"
"000172",74422,"Last or Surname"
"000121",74423,"Generation Code or Suffix"
"000212",74424,"Personal Title or Prefix"
"001066",74425,"Address Type for Organization"
"000269",74426,"Address Street Number and Name"
"000019",74427,"Address Apartment Room or Suite Number"
"000040",74428,"Address City"
"000267",74429,"State Abbreviation"
"000214",74430,"Address Postal Code"
"000190",74431,"Address County Name"
"000050",74432,"Country Code"
"001209",74435,"County ANSI Code"
"000606",74433,"Latitude"
"000607",74434,"Longitude"
"001928",75389,"Do Not Publish Indicator"
"000088",74436,"Electronic Mail Address"
"000089",74437,"Electronic Mail Address Type"
"001928",75390,"Do Not Publish Indicator"
"000279",74438,"Telephone Number"
"000280",74439,"Telephone Number Type"
"000219",74440,"Primary Telephone Number Indicator"
"001928",75391,"Do Not Publish Indicator"
"001927",75392,"Telephone Number Listed Status"
"001514",74444,"Other First Name"
"001513",74443,"Other Last Name"
"001515",74445,"Other Middle Name"
"000206",74441,"Other Name"
"000634",74442,"Other Name Type"
"000866",75393,"Full-Time Employee Benefits"
"000867",75394,"Part-Time Employee Benefits"
"000852",75582,"Special Circumstances Population Served"
"002107",76369,"Salary Schedule Criterion Description"
"002106",76370,"Salary Schedule Criterion Name"
"002108",76371,"Salary Schedule Criterion Value"
"002109",76372,"Salary Schedule Salary Value"
"001526",75580,"Accreditation Agency Name"
"001419",75581,"Organization Seeking Accreditation Date"
"002104",76352,"Board Member Position Type"
"002103",76353,"Board Member Term End Date"
"002102",76354,"Board Member Term Start Date"
"002105",76355,"Board Membership Type"
"002073",76356,"Coding System Organization Type"
"002074",76357,"Education Job Type"
"002070",76358,"Job Identification System"
"002069",76359,"Job Identifier"
"002077",76360,"Job Position Expected Start Date"
"002076",76361,"Job Position Identification System"
"002075",76362,"Job Position Identifier"
"002078",76363,"Job Position Status"
"002080",76364,"Job Position Status Cancelled Reason"
"002079",76365,"Job Position Status Date"
"002071",76366,"Local Job Category"
"002072",76367,"Local Job Function"
"002063",76368,"Organization Jurisdiction Square Miles"
"001663",74979,"Organization Image URL"
"001750",74986,"Organization Region GeoJSON"
"001066",72190,"Address Type for Organization"
"000269",72191,"Address Street Number and Name"
"000019",72205,"Address Apartment Room or Suite Number"
"000040",72206,"Address City"
"000267",72207,"State Abbreviation"
"000214",72208,"Address Postal Code"
"000190",72209,"Address County Name"
"001209",72141,"County ANSI Code"
"000606",72143,"Latitude"
"000607",72144,"Longitude"
"001928",75412,"Do Not Publish Indicator"
"002130",76591,"Locale "
"000191",70808,"Name of Institution"
"001487",73422,"Short Name of Organization"
"000203",70809,"Office of Postsecondary Education Identifier"
"000111",70805,"Federal School Code"
"000704",74175,"Web Site Address"
"000178",70807,"Level of Institution"
"000048",70804,"Control of Institution"
"001160",71577,"Virtual Indicator"
"000038",70803,"Carnegie Basic Classification"
"000252",70810,"Session Designator"
"000729",72151,"Predominant Calendar System"
"000738",72163,"Tenure System"
"000012",75590,"Administrative Funding Control"
"002012",75950,"Enrollment Capacity"
"000534",75951,"Operational Status Effective Date"
"001348",74825,"Financial Account Name"
"001554",74836,"Financial Account Number"
"001345",74823,"Financial Account Category"
"001346",74824,"Financial Account Description"
"001645",74861,"Financial Account Program Name"
"001646",74862,"Financial Account Program Number"
"001648",74864,"Financial Accounting Date"
"001351",74827,"Financial Accounting Period Budgeted Value"
"001644",74860,"Financial Accounting Period Encumbered Value"
"001350",74826,"Financial Accounting Period Actual Value"
"001647",74863,"Financial Accounting Value"
"001642",74858,"Fiscal Period Begin Date"
"001643",74859,"Fiscal Period End Date"
"001639",74857,"Fiscal Year"
"001671",74960,"IPEDS Finance FASB Financial Position Category"
"001659",74961,"IPEDS Finance FASB Functional Expense Category"
"001680",74962,"IPEDS Finance FASB Pell Grant Transactions"
"001673",74963,"IPEDS Finance FASB Revenue Category"
"001674",74964,"IPEDS Finance FASB Revenue Restriction Category"
"001678",74965,"IPEDS Finance FASB Scholarships and Fellowships Revenue Category"
"001670",74966,"IPEDS Finance GASB Financial Position Category"
"001675",74967,"IPEDS Finance GASB Functional Expense Category"
"001672",74968,"IPEDS Finance GASB Revenue Category"
"001677",74969,"IPEDS Finance GASB Scholarships and Fellowships Revenue Category"
"001679",74970,"IPEDS Finance Intercollegiate Athletics Expenses"
"001676",74971,"IPEDS Finance Natural Expense Category"
"002059",76400,"Funding Source Amount"
"002058",76401,"Funding Source Percentage"
"002137",76635,"Indirect Cost Rate"
"002136",76628,"Indirect Cost Rate Agreement Approved By"
"002135",76621,"Indirect Cost Rate Agreement End Date"
"002133",76607,"Indirect Cost Rate Agreement Indicator"
"002134",76614,"Indirect Cost Rate Agreement Start Date"
"002139",76649,"Indirect Cost Rate Deviation Reason Type"
"002138",76642,"Indirect Cost Rate Stage Code"
"000166",70806,"Institution IPEDS UnitID"
"000745",72178,"Tuition - Published"
"000746",72179,"Tuition Unit"
"000750",72183,"Board Charges"
"000749",72182,"Room Charges"
"000751",72184,"Books and Supplies Costs"
"000747",72180,"Required Student Fees"
"000754",72187,"Comprehensive Fee"
"000752",72185,"Other Student Expenses"
"000753",72186,"Price of Attendance"
"000748",72181,"Institutionally Controlled Housing Status"
"001579",74034,"Admission Consideration Level"
"001580",74035,"Admission Consideration Type"
"001613",74086,"IPEDS Collection Year Designator"
"000625",74007,"Program Identifier"
"000856",75595,"Program Provides Parent Education"
"000626",74013,"Program Name"
"000853",75596,"Program Provides Written Handbook"
"000223",73988,"Program Length Hours"
"000224",73990,"Program Length Hours Type"
"000043",73951,"Classification of Instructional Program Code"
"000044",73958,"Classification of Instructional Program Use"
"000045",73959,"Classification of Instructional Program Version"
"001323",74032,"Distance Education Program Enrollment Indicator"
"000197",73978,"Normal Length of Time for Completion"
"000198",73980,"Normal Length of Time for Completion Units"
"001616",74092,"Postsecondary Program Level"
"000273",75594,"Student Support Service Type"
"001998",75952,"Student Support Service Availability Type"
"002115",76570,"Perkins Nontraditional Type"
"000840",75588,"Accreditation Award Date"
"000841",75589,"Accreditation Expiration Date"
"001073",75591,"School Identification System"
"001069",75592,"School Identifier"
"000328",75587,"Ability Grouping Status"
"000164",75593,"Increased Learning Time Type"
"002025",76402,"Most Prevalent Level of Institution"
"000755",71255,"Postsecondary Applicant"
"000756",71256,"Admitted Student"
"000757",71257,"Wait Listed Student"
"000128",71259,"Grade Point Average Cumulative"
"000758",71258,"Grade Point Average Domain"
"000123",71260,"Grade Point Average Weighted Indicator"
"000759",71261,"High School Percentile"
"000041",71262,"High School Student Class Rank"
"000294",71438,"Size of High School Graduating Class"
"000323",75586,"Application Date"
"001426",73320,"Postsecondary Entering Student Indicator"
"001427",73321,"Postsecondary Student Entering Term"
"000115",70750,"First Name"
"000184",70769,"Middle Name"
"000172",70767,"Last or Surname"
"000121",70752,"Generation Code or Suffix"
"000212",70776,"Personal Title or Prefix"
"001514",73633,"Other First Name"
"001513",73617,"Other Last Name"
"001515",73649,"Other Middle Name"
"000206",70775,"Other Name"
"000634",72017,"Other Name Type"
"001071",70760,"Student Identifier"
"001075",70763,"Student Identification System"
"000618",72217,"Personal Information Verification"
"001945",75670,"Personal Information Type"
"000010",72018,"Address Type for Learner or Family"
"000269",70787,"Address Street Number and Name"
"000019",70729,"Address Apartment Room or Suite Number"
"000040",70732,"Address City"
"000267",70785,"State Abbreviation"
"000214",70777,"Address Postal Code"
"000190",70770,"Address County Name"
"000050",70737,"Country Code"
"000268",70786,"State of Residence"
"000606",74263,"Latitude"
"000607",74286,"Longitude"
"001209",75426,"County ANSI Code"
"001928",75427,"Do Not Publish Indicator"
"001918",75648,"Record End Date Time"
"001917",75649,"Record Start Date Time"
"002130",76592,"Locale "
"000279",70789,"Telephone Number"
"000280",70790,"Telephone Number Type"
"000219",70778,"Primary Telephone Number Indicator"
"001928",75429,"Do Not Publish Indicator"
"001927",75430,"Telephone Number Listed Status"
"000088",72020,"Electronic Mail Address"
"000089",72019,"Electronic Mail Address Type"
"001928",75428,"Do Not Publish Indicator"
"000033",70730,"Birthdate"
"000255",70781,"Sex"
"000016",70798,"American Indian or Alaska Native"
"000020",70799,"Asian"
"000034",70800,"Black or African American"
"000192",70801,"Native Hawaiian or Other Pacific Islander"
"000301",70802,"White"
"000144",70757,"Hispanic or Latino Ethnicity"
"000079",70740,"Dependency Status"
"000299",70794,"United States Citizenship Status"
"000196",70772,"Visa Type"
"000297",70793,"Tuition Residency Type"
"000035",70731,"Campus Residency Type"
"000584",73677,"Cohort Graduation Year"
"001229",71682,"Maternal Guardian Education"
"001640",74310,"Military Branch"
"001415",73296,"Number of Dependents"
"001230",71683,"Paternal Guardian Education"
"000580",73425,"Single Parent or Single Pregnant Woman Status"
"000973",75180,"Demographic Race Two or More Races"
"000051",75432,"Country of Birth Code"
"000730",75433,"Standard Occupational Classification"
"001657",75434,"Tribal Affiliation"
"001984",75650,"Children of Fallen Heroes Indicator"
"001981",75651,"Emancipated Minor"
"001944",75652,"Federal Race and Ethnicity Declined"
"001947",75653,"First Generation College Student"
"001980",75654,"Marital Status"
"001983",75655,"Number of Dependents Type"
"001943",75656,"Race"
"000266",70784,"Standardized Admission Test Type"
"000265",70783,"Standardized Admission Test Score"
"000323",75647,"Application Date"
"001071",72021,"Student Identifier"
"001075",72022,"Student Identification System"
"001069",70759,"School Identifier"
"001073",70762,"School Identification System"
"001068",70758,"Local Education Agency Identifier"
"001072",70761,"Local Education Agency Identification System"
"000191",70771,"Name of Institution"
"001487",73421,"Short Name of Organization"
"001209",70738,"County ANSI Code"
"000081",70741,"Diploma or Credential Award Date"
"000128",70755,"Grade Point Average Cumulative"
"000123",70753,"Grade Point Average Weighted Indicator"
"000138",70756,"High School Diploma Type"
"000046",70736,"Cohort Year"
"002026",76432,"Projected High School Diploma Type"
"000763",71266,"Financial Aid Applicant"
"001223",71564,"Financial Aid Application Type"
"000765",71267,"Financial Need"
"001224",71629,"Financial Need Determination Methodology"
"000363",70797,"Financial Aid Award Status"
"000113",70749,"Financial Aid Award Type"
"000112",70748,"Financial Aid Award Amount"
"001352",73195,"Financial Aid Income Level"
"001609",74079,"Financial Aid Veteran’s Benefit Status"
"001610",74080,"Financial Aid Veteran’s Benefit Type"
"001611",74081,"Financial Aid Year Designator"
"000078",70739,"Degree or Certificate Seeking Student"
"000106",73972,"Cohort Exclusion"
"000117",70751,"First Time Postsecondary Student"
"000272",70788,"Student Level"
"000098",70745,"Entry Date into Postsecondary"
"000097",73971,"Enrollment Entry Date"
"000107",70747,"Enrollment Exit Date"
"000165",70764,"Initial Enrollment Term"
"001617",74095,"Postsecondary Exit or Withdrawal Type"
"000296",70792,"Transfer-ready"
"001588",74056,"Developmental Education Referral Status"
"001589",74057,"Developmental Education Type"
"000323",75671,"Application Date"
"001946",75672,"Role"
"000625",74006,"Program Identifier"
"000626",74012,"Program Name"
"001243",74027,"Program Participation Status"
"000590",74004,"Program Participation Start Date"
"000591",74005,"Program Participation Exit Date"
"001629",74111,"Transfer-out Indicator"
"000223",70779,"Program Length Hours"
"000224",73989,"Program Length Hours Type"
"000197",70773,"Normal Length of Time for Completion"
"000198",73979,"Normal Length of Time for Completion Units"
"001616",74091,"Postsecondary Program Level"
"000361",70795,"Enrollment in Postsecondary Award Type"
"000043",73950,"Classification of Instructional Program Code"
"000044",73955,"Classification of Instructional Program Use"
"000045",70735,"Classification of Instructional Program Version"
"001323",73129,"Distance Education Program Enrollment Indicator"
"001946",75673,"Role"
"002115",76571,"Perkins Nontraditional Type"
"000203",73984,"Office of Postsecondary Education Identifier"
"000191",73976,"Name of Institution"
"001616",74094,"Postsecondary Program Level"
"001668",74989,"PESC Award Level Type"
"000003",73942,"Academic Award Title"
"000001",73938,"Academic Award Date"
"000081",73964,"Diploma or Credential Award Date"
"000002",73940,"Academic Award Level Conferred"
"001666",74866,"Academic Award Prerequisite Type"
"001665",74868,"Academic Award Requirements URL"
"000043",73954,"Classification of Instructional Program Code"
"000044",73956,"Classification of Instructional Program Use"
"000045",73962,"Classification of Instructional Program Version"
"001641",74314,"DQP Categories of Learning"
"000783",74017,"Professional or Technical Credential Conferred"
"001571",74842,"Person Identification System"
"001572",74851,"Person Identifier"
"001571",74843,"Person Identification System"
"001572",74852,"Person Identifier"
"000095",70743,"Postsecondary Enrollment Type"
"000096",70744,"Postsecondary Enrollment Status"
"000727",74015,"Academic Term Designator"
"000726",74014,"Academic Year Designator"
"000169",70766,"Instructional Activity Hours Type"
"000168",70765,"Instructional Activity Hours Attempted"
"000362",70796,"Instructional Activity Hours Completed"
"000292",70791,"Title IV Participant and Recipient"
"000728",72150,"Distance Education Course Enrollment"
"000760",71263,"Postsecondary Student Housing On-Campus"
"000761",71264,"Fraternity Participation Status"
"000762",71265,"Sorority Participation Status"
"001590",74059,"Directory Information Block Status"
"000610",75680,"Displaced Student Status"
"000727",72149,"Academic Term Designator"
"000726",72148,"Academic Year Designator"
"000127",70754,"Grade Point Average"
"000128",72023,"Grade Point Average Cumulative"
"000085",70742,"Dual Credit Dual Enrollment Credits Awarded"
"000018",70728,"Advanced Placement Credits Awarded"
"001316",73119,"Course Total"
"000073",75643,"Credits Attempted Cumulative"
"000074",75644,"Credits Earned Cumulative"
"000199",75645,"Number of Credits Attempted"
"000200",75646,"Number of Credits Earned"
"000625",74008,"Program Identifier"
"000043",73952,"Classification of Instructional Program Code"
"000003",73941,"Academic Award Title"
"001668",74988,"PESC Award Level Type"
"000001",70725,"Academic Award Date"
"000081",73963,"Diploma or Credential Award Date"
"001616",74093,"Postsecondary Program Level"
"000002",73939,"Academic Award Level Conferred"
"001666",74865,"Academic Award Prerequisite Type"
"001665",74867,"Academic Award Requirements URL"
"000044",73957,"Classification of Instructional Program Use"
"000045",73960,"Classification of Instructional Program Version"
"001317",73121,"Credit Hours Applied Other Program"
"001641",74313,"DQP Categories of Learning"
"000783",74016,"Professional or Technical Credential Conferred"
"001572",74849,"Person Identifier"
"001571",74840,"Person Identification System"
"001572",74850,"Person Identifier"
"001571",74841,"Person Identification System"
"000006",74455,"Activity Identifier"
"000009",74457,"Activity Title"
"001530",74458,"Activity Description"
"000007",74456,"Activity Involvement Begin Date"
"000008",74459,"Activity Involvement End Date"
"001527",74460,"Activity Time Involved"
"001528",74461,"Activity Time Measurement Type"
"001584",74048,"Career Pathways Program Participation Start Date"
"001583",74041,"Career Pathways Program Participation Exit Date"
"001291",74030,"Career Pathways Program Participation Indicator"
"000037",71348,"Career and Technical Education Concentrator"
"000592",71349,"Career and Technical Education Participant"
"000588",71350,"Career Technical Education Nontraditional Gender Status"
"000084",71344,"Career-Technical-Adult Education Displaced Homemaker Indicator"
"000593",72838,"Career and Technical Education Nontraditional Completion"
"001930",75431,"Out of Workforce Indicator"
"000577",73127,"Disability Status"
"000151",73214,"IDEA Indicator"
"000218",73325,"Primary Disability Type"
"001277",73044,"Accommodations Needed Type"
"001320",73125,"Disability Condition Type"
"001319",73124,"Disability Condition Status Type"
"001321",73126,"Disability Determination Source Type"
"000249",75660,"Section 504 Status"
"002131",76596,"Degree of Visual Impairment"
"002132",76600,"Visual Impairment Type"
"001327",73133,"Doctoral Exams Required Type"
"001326",73132,"Doctoral Exam Taken Date"
"001357",73209,"Graduate or Doctoral Exam Results Status"
"001324",73130,"Doctoral Candidacy Admit Indicator"
"001325",73131,"Doctoral Candidacy Date"
"001496",73449,"Thesis or Dissertation Title"
"001417",73298,"Oral Defense Date"
"001416",73297,"Oral Defense Completed Indicator"
"000524",73527,"Receiving Location of Instruction"
"000115",73858,"First Name"
"000184",73528,"Middle Name"
"000172",73529,"Last or Surname"
"001514",73641,"Other First Name"
"001513",73625,"Other Last Name"
"001515",73657,"Other Middle Name"
"000206",73530,"Other Name"
"000767",71269,"Teacher Preparation Program Enrollment Status"
"000768",71270,"Teacher Preparation Program Completer Status"
"000278",71278,"Teaching Credential Type"
"000277",71277,"Teaching Credential Basis"
"000771",71273,"Supervised Clinical Experience"
"000772",71274,"Supervised Clinical Experience Clock Hours"
"000773",71275,"Teacher Education Credential Exam Type"
"000774",71276,"Teacher Education Credential Exam Score Type"
"000766",71268,"Teacher Education Test Company"
"000769",71271,"Alternative Route to Certification or Licensure"
"000770",71272,"Critical Teacher Shortage Area Candidate"
"000816",75679,"Number of School-age Education Postsecondary Credit Hours"
"000383",73069,"Assessment Accommodation Category"
"001064",71620,"Employment NAICS Code"
"000795",73702,"Employment End Date"
"000346",73707,"Employment Start Date"
"000987",71618,"Employed While Enrolled"
"001343",73156,"Employment Status While Enrolled"
"000988",71616,"Employed After Exit"
"001946",75664,"Role"
"001499",73453,"Work-based Learning Opportunity Type"
"001922",75439,"Program Entry Reason"
"000323",75675,"Application Date"
"001288",75676,"Career Cluster"
"000273",75677,"Student Support Service Type"
"001998",75953,"Student Support Service Availability Type"
"000317",75435,"ISO 639-2 Language Code"
"001637",75436,"ISO 639-3 Language Code"
"001638",75437,"ISO 639-5 Language Family"
"000316",75438,"Language Type"
"000329",75440,"Custodial Parent or Guardian Indicator"
"000425",75441,"Person Relationship Type"
"001929",75442,"Awaiting Foster Care Status"
"000777",75443,"Public Assistance Status"
"001576",75678,"Military Connected Student Indicator"
"001976",75657,"Internet Download Speed"
"001977",75658,"Internet Speed Test Date Time"
"001975",75659,"Internet Upload Speed"
"000086",75661,"Economic Disadvantage Status"
"001228",75662,"Status End Date"
"001227",75663,"Status Start Date"
"001982",75665,"Number of Household College Students"
"000331",75666,"Number of People in Household"
"000149",75667,"Homelessness Status"
"001228",75668,"Status End Date"
"001227",75669,"Status Start Date"
"000189",75674,"Migrant Status"
"001577",76433,"Active Military Status Indicator"
"002050",76434,"Military Campaigns"
"002034",76435,"Military Country"
"002048",76436,"Military Current Rank"
"002055",76437,"Military Deployment Activity Code"
"002056",76438,"Military Deployment Activity Name"
"002052",76439,"Military Deployment Description"
"002043",76440,"Military Deployment End Date"
"002053",76441,"Military Deployment Order Description"
"002054",76442,"Military Deployment Requested By"
"002042",76443,"Military Deployment Start Date"
"002051",76444,"Military Deployment Status Code"
"002044",76445,"Military Discharge Category"
"002040",76446,"Military Discharge Date"
"002046",76447,"Military Discharge Rank"
"002037",76448,"Military Duties"
"002036",76449,"Military Expertise"
"002047",76450,"Military Highest Rank"
"002049",76451,"Military Honors"
"002039",76452,"Military Induction Date"
"002045",76453,"Military Induction Rank"
"002035",76454,"Military Occupational Specialties "
"002041",76455,"Military Release Date"
"002038",76456,"Military Service Locations"
"002114",76457,"Military Service Number"
"001578",76458,"Military Veteran Status Indicator"
"002057",76459,"National Guard Indicator"
"000115",73467,"First Name"
"000184",73470,"Middle Name"
"000172",73469,"Last or Surname"
"000121",73468,"Generation Code or Suffix"
"000212",73471,"Personal Title or Prefix"
"001514",73640,"Other First Name"
"001513",73624,"Other Last Name"
"001515",73656,"Other Middle Name"
"000206",73472,"Other Name"
"000634",73473,"Other Name Type"
"001572",74759,"Person Identifier"
"001571",74758,"Person Identification System"
"000618",73475,"Personal Information Verification"
"001945",75585,"Personal Information Type"
"000010",73482,"Address Type for Learner or Family"
"000269",73476,"Address Street Number and Name"
"000019",73477,"Address Apartment Room or Suite Number"
"000040",73478,"Address City"
"000267",73479,"State Abbreviation"
"000214",73480,"Address Postal Code"
"000190",73481,"Address County Name"
"000050",73483,"Country Code"
"000606",74269,"Latitude"
"000607",74292,"Longitude"
"001209",75397,"County ANSI Code"
"001928",75398,"Do Not Publish Indicator"
"000279",73486,"Telephone Number"
"000280",73484,"Telephone Number Type"
"000219",73485,"Primary Telephone Number Indicator"
"001928",75400,"Do Not Publish Indicator"
"001927",75401,"Telephone Number Listed Status"
"000089",73487,"Electronic Mail Address Type"
"000088",73488,"Electronic Mail Address"
"001928",75399,"Do Not Publish Indicator"
"001572",73910,"Person Identifier"
"001571",73905,"Person Identification System"
"000425",73489,"Person Relationship Type"
"000329",75410,"Custodial Parent or Guardian Indicator"
"000051",75402,"Country of Birth Code"
"001640",75403,"Military Branch"
"000730",75404,"Standard Occupational Classification"
"001657",75405,"Tribal Affiliation"
"000033",75583,"Birthdate"
"001943",75584,"Race"
"000317",75406,"ISO 639-2 Language Code"
"001637",75407,"ISO 639-3 Language Code"
"001638",75408,"ISO 639-5 Language Family"
"000316",75409,"Language Type"
"000777",75411,"Public Assistance Status"
"001577",76373,"Active Military Status Indicator"
"002050",76374,"Military Campaigns"
"002034",76375,"Military Country"
"002048",76376,"Military Current Rank"
"002055",76377,"Military Deployment Activity Code"
"002056",76378,"Military Deployment Activity Name"
"002052",76379,"Military Deployment Description"
"002043",76380,"Military Deployment End Date"
"002053",76381,"Military Deployment Order Description"
"002054",76382,"Military Deployment Requested By"
"002042",76383,"Military Deployment Start Date"
"002051",76384,"Military Deployment Status Code"
"002044",76385,"Military Discharge Category"
"002040",76386,"Military Discharge Date"
"002046",76387,"Military Discharge Rank"
"002037",76388,"Military Duties"
"002036",76389,"Military Expertise"
"002047",76390,"Military Highest Rank"
"002049",76391,"Military Honors"
"002039",76392,"Military Induction Date"
"002045",76393,"Military Induction Rank"
"002035",76394,"Military Occupational Specialties "
"002041",76395,"Military Release Date"
"002038",76396,"Military Service Locations"
"002114",76397,"Military Service Number"
"001578",76398,"Military Veteran Status Indicator"
"002057",76399,"National Guard Indicator"
"000115",72026,"First Name"
"000184",72027,"Middle Name"
"000172",72028,"Last or Surname"
"000121",72029,"Generation Code or Suffix"
"000212",72030,"Personal Title or Prefix"
"001514",73634,"Other First Name"
"001513",73618,"Other Last Name"
"001515",73650,"Other Middle Name"
"000206",72031,"Other Name"
"000634",72032,"Other Name Type"
"001070",72152,"Staff Member Identifier"
"001074",71615,"Staff Member Identification System"
"000618",72218,"Personal Information Verification"
"001945",75618,"Personal Information Type"
"000722",72033,"Address Type for Staff"
"000269",72034,"Address Street Number and Name"
"000019",72048,"Address Apartment Room or Suite Number"
"000040",72035,"Address City"
"000267",72036,"State Abbreviation"
"000214",72037,"Address Postal Code"
"000190",72135,"Address County Name"
"000050",72134,"Country Code"
"000606",74264,"Latitude"
"000607",74287,"Longitude"
"001209",75413,"County ANSI Code"
"001928",75414,"Do Not Publish Indicator"
"000088",75174,"Electronic Mail Address"
"000089",75175,"Electronic Mail Address Type"
"001928",75415,"Do Not Publish Indicator"
"000219",75176,"Primary Telephone Number Indicator"
"000279",75177,"Telephone Number"
"000280",75178,"Telephone Number Type"
"001928",75416,"Do Not Publish Indicator"
"001927",75417,"Telephone Number Listed Status"
"000033",72038,"Birthdate"
"000255",72170,"Sex"
"000016",72172,"American Indian or Alaska Native"
"000020",72173,"Asian"
"000034",72174,"Black or African American"
"000192",72175,"Native Hawaiian or Other Pacific Islander"
"000301",72176,"White"
"000144",72171,"Hispanic or Latino Ethnicity"
"000299",72177,"United States Citizenship Status"
"000973",75179,"Demographic Race Two or More Races"
"000051",75418,"Country of Birth Code"
"001640",75419,"Military Branch"
"001657",75420,"Tribal Affiliation"
"001944",75609,"Federal Race and Ethnicity Declined"
"001947",75610,"First Generation College Student"
"001943",75611,"Race"
"000143",72154,"Hire Date"
"000795",73701,"Employment End Date"
"000346",73706,"Employment Start Date"
"000736",72161,"Full-time Status"
"000735",72160,"Instructional Staff Contract Length"
"000732",72157,"Instructional Staff Status"
"000734",72159,"Faculty Status"
"000739",72164,"Instructional Staff Faculty Tenure Status"
"000733",72158,"Medical School Staff Status"
"000742",72167,"Graduate Assistant Status"
"000737",72162,"Contract Type"
"000740",72165,"Academic Rank"
"000730",72155,"Standard Occupational Classification"
"000731",72156,"IPEDS Occupational Category"
"000743",72168,"Graduate Assistant IPEDS Occupation Category"
"000741",72166,"Instruction Credit Type"
"000744",72169,"Annual Base Contractual Salary"
"000620",75421,"Employment Separation Reason"
"000788",75599,"Years of Prior Adult Education Teaching Experience"
"000213",75615,"Position Title"
"001946",75616,"Role"
"000118",75617,"Staff Full Time Equivalency"
"002059",76403,"Funding Source Amount"
"002058",76404,"Funding Source Percentage"
"001318",73123,"Career and Technical Education Instructor Industry Certification"
"000069",75603,"Credential Expiration Date"
"001587",75604,"Credential or License Award Entity"
"000344",75605,"Degree or Certificate Conferring Date"
"000342",75606,"Degree or Certificate Title or Subject"
"000343",75607,"Degree or Certificate Type"
"000278",75608,"Teaching Credential Type"
"000317",75422,"ISO 639-2 Language Code"
"001637",75423,"ISO 639-3 Language Code"
"001638",75424,"ISO 639-5 Language Family"
"000316",75425,"Language Type"
"000624",75600,"Leave Event Type"
"000201",75601,"Number of Days Absent"
"001085",75602,"Adult Education Certification Type"
"000818",75612,"Higher Education Institution Accreditation Status"
"000141",75613,"Highest Level of Education Completed"
"000191",75614,"Name of Institution"
"001289",75619,"Career Education Plan Date"
"001290",75620,"Career Education Plan Type"
"000057",75621,"Course Credit Units"
"000200",75622,"Number of Credits Earned"
"000812",75623,"Professional Development Financial Support Type"
"001458",75624,"Professional Development Instructional Delivery Mode"
"000546",75625,"Technology Skills Standards Met"
"001575",75626,"Tuition Funded"
"001433",75627,"Professional Development Activity Approved Purpose"
"001431",75638,"Professional Development Delivery Method"
"001436",75628,"Professional Development Activity Credit Type"
"000812",75639,"Professional Development Financial Support Type"
"001279",75629,"Professional Development Activity Education Levels Addressed"
"001458",75640,"Professional Development Instructional Delivery Mode"
"001439",75630,"Professional Development Activity Level"
"001619",75631,"Professional Development Activity State Approved Status"
"001492",75632,"Professional Development Activity Target Audience"
"001442",75633,"Professional Development Activity Type"
"001430",75634,"Professional Development Audience Type"
"001431",75635,"Professional Development Delivery Method"
"000812",75636,"Professional Development Financial Support Type"
"001458",75637,"Professional Development Instructional Delivery Mode"
"000807",75641,"Professional Association Membership Status"
"001433",75642,"Professional Development Activity Approved Purpose"
"001577",76405,"Active Military Status Indicator"
"002050",76406,"Military Campaigns"
"002034",76407,"Military Country"
"002048",76408,"Military Current Rank"
"002055",76409,"Military Deployment Activity Code"
"002056",76410,"Military Deployment Activity Name"
"002052",76411,"Military Deployment Description"
"002043",76412,"Military Deployment End Date"
"002053",76413,"Military Deployment Order Description"
"002054",76414,"Military Deployment Requested By"
"002042",76415,"Military Deployment Start Date"
"002051",76416,"Military Deployment Status Code"
"002044",76417,"Military Discharge Category"
"002040",76418,"Military Discharge Date"
"002046",76419,"Military Discharge Rank"
"002037",76420,"Military Duties"
"002036",76421,"Military Expertise"
"002047",76422,"Military Highest Rank"
"002049",76423,"Military Honors"
"002039",76424,"Military Induction Date"
"002045",76425,"Military Induction Rank"
"002035",76426,"Military Occupational Specialties "
"002041",76427,"Military Release Date"
"002038",76428,"Military Service Locations"
"002114",76429,"Military Service Number"
"001578",76430,"Military Veteran Status Indicator"
"002057",76431,"National Guard Indicator"
"001315",73118,"Course Section Number"
"001314",73116,"Course Number"
"001422",73306,"Override School Course Number"
"001420",73302,"Original Course Identifier"
"001278",73061,"Advanced Placement Course Code"
"001309",73110,"Course Instruction Site Name"
"001310",73111,"Course Instruction Site Type"
"001655",74351,"Course Section Maximum Capacity"
"001312",73114,"Course Level Type"
"001307",73107,"Course Honors Type"
"001303",73100,"Course Credit Basis Type"
"001304",73101,"Course Credit Level Type"
"000060",73106,"Course Grade Point Average Applicability"
"001308",73109,"Course Instruction Method"
"001313",73115,"Course Narrative Explanation Grade"
"000065",73117,"Course Repeat Code"
"001298",73093,"Course Academic Grade Scale Code"
"001589",74058,"Developmental Education Type"
"001499",74033,"Work-based Learning Opportunity Type"
"001999",75946,"Adjusted Capacity"
"002000",75947,"Adjusted Capacity Reason Type"
"001280",73063,"Agency Course Identifier"
"000043",73953,"Classification of Instructional Program Code"
"000045",73961,"Classification of Instructional Program Version"
"001414",73295,"NCES College Course Map Code"
"000066",71167,"Course Subject Abbreviation"
"000068",71168,"Postsecondary Course Title"
"000057",71161,"Course Credit Units"
"000058",71162,"Credit Value"
"000054",71159,"Course Begin Date"
"000059",71163,"Course End Date"
"002115",76569,"Perkins Nontraditional Type"
"001071",71170,"Student Identifier"
"001075",72025,"Student Identification System"
"001300",73095,"Course Add Date"
"001305",73103,"Course Drop Date"
"000063",71165,"Course Override School"
"000077",71169,"Degree Applicability"
"000053",71158,"Course Academic Grade"
"000200",71171,"Number of Credits Earned"
"000064",71166,"Course Quality Points Earned"
"000124",73923,"Student Course Section Grade Earned"
"001573",73926,"Student Course Section Grade Narrative"
"000199",75579,"Number of Credits Attempted"
"002012",75948,"Enrollment Capacity"
"000182",74462,"Marking Period Name"
"001142",74463,"Student Course Section Mark Final Indicator"
"000183",74465,"Mid Term Mark"
"000124",74464,"Student Course Section Grade Earned"
"000616",74466,"Grade Value Qualifier"
"001299",73094,"Course Academic Grade Status Code"
"001070",73464,"Staff Member Identifier"
"001074",73463,"Staff Member Identification System"
"000526",74487,"Assignment Start Date"
"000527",74488,"Assignment End Date"
"000840",75597,"Accreditation Award Date"
"000841",75598,"Accreditation Expiration Date"
"000115",72857,"First Name"
"000184",72858,"Middle Name"
"000172",72859,"Last or Surname"
"000121",72860,"Generation Code or Suffix"
"000212",72861,"Personal Title or Prefix"
"001514",73635,"Other First Name"
"001513",73619,"Other Last Name"
"001515",73651,"Other Middle Name"
"000206",72862,"Other Name"
"000634",72863,"Other Name Type"
"001071",72883,"Student Identifier"
"001075",72884,"Student Identification System"
"000618",72219,"Personal Information Verification"
"001945",75492,"Personal Information Type"
"000010",72872,"Address Type for Learner or Family"
"000269",72873,"Address Street Number and Name"
"000019",72874,"Address Apartment Room or Suite Number"
"000040",72875,"Address City"
"000267",72876,"State Abbreviation"
"000214",72877,"Address Postal Code"
"000190",72137,"Address County Name"
"000050",72136,"Country Code"
"000606",74265,"Latitude"
"000607",74288,"Longitude"
"001209",75245,"County ANSI Code"
"001928",75246,"Do Not Publish Indicator"
"000279",72880,"Telephone Number"
"000280",72878,"Telephone Number Type"
"000219",72879,"Primary Telephone Number Indicator"
"001928",75248,"Do Not Publish Indicator"
"001927",75249,"Telephone Number Listed Status"
"000088",72882,"Electronic Mail Address"
"000089",72881,"Electronic Mail Address Type"
"001928",75247,"Do Not Publish Indicator"
"000033",72864,"Birthdate"
"000255",72865,"Sex"
"000016",72866,"American Indian or Alaska Native"
"000020",72867,"Asian"
"000034",72868,"Black or African American"
"000192",72869,"Native Hawaiian or Other Pacific Islander"
"000301",72870,"White"
"000144",72871,"Hispanic or Latino Ethnicity"
"000973",75158,"Demographic Race Two or More Races"
"000051",75250,"Country of Birth Code"
"000730",75251,"Standard Occupational Classification"
"001657",75252,"Tribal Affiliation"
"001944",75486,"Federal Race and Ethnicity Declined"
"001947",75487,"First Generation College Student"
"001943",75488,"Race"
"000343",72897,"Degree or Certificate Type"
"000342",72898,"Degree or Certificate Title or Subject"
"000344",72899,"Degree or Certificate Conferring Date"
"000200",73982,"Number of Credits Earned"
"000036",72894,"Career and Technical Education Completer"
"000593",72895,"Career and Technical Education Nontraditional Completion"
"000625",74682,"Program Identifier"
"000043",74679,"Classification of Instructional Program Code"
"000003",74678,"Academic Award Title"
"000001",74685,"Academic Award Date"
"000081",73965,"Diploma or Credential Award Date"
"000138",74719,"High School Diploma Type"
"000713",74722,"High School Diploma Distinction Type"
"001616",74683,"Postsecondary Program Level"
"000002",74677,"Academic Award Level Conferred"
"000044",74680,"Classification of Instructional Program Use"
"000045",74681,"Classification of Instructional Program Version"
"000783",72896,"Professional or Technical Credential Conferred"
"001317",74676,"Credit Hours Applied Other Program"
"001641",74684,"DQP Categories of Learning"
"002026",76022,"Projected High School Diploma Type"
"000031",74765,"Awaiting Initial IDEA Evaluation Status"
"000151",74761,"IDEA Indicator"
"000577",74762,"Disability Status"
"000249",74763,"Section 504 Status"
"000218",74764,"Primary Disability Type"
"001320",74767,"Disability Condition Type"
"001321",74768,"Disability Determination Source Type"
"000535",74766,"IDEA Educational Environment for School Age"
"002131",76593,"Degree of Visual Impairment"
"002132",76597,"Visual Impairment Type"
"000043",73089,"Classification of Instructional Program Code"
"001288",73563,"Career Cluster"
"000590",72905,"Program Participation Start Date"
"000591",72906,"Program Participation Exit Date"
"001584",74047,"Career Pathways Program Participation Start Date"
"001583",74040,"Career Pathways Program Participation Exit Date"
"000592",72908,"Career and Technical Education Participant"
"000037",72907,"Career and Technical Education Concentrator"
"000084",72909,"Career-Technical-Adult Education Displaced Homemaker Indicator"
"001291",74029,"Career Pathways Program Participation Indicator"
"000580",72910,"Single Parent or Single Pregnant Woman Status"
"001499",73454,"Work-based Learning Opportunity Type"
"001930",75257,"Out of Workforce Indicator"
"001922",75258,"Program Entry Reason"
"000323",75493,"Application Date"
"001946",75494,"Role"
"000045",76023,"Classification of Instructional Program Version"
"002087",76024,"Perkins Post-Program Placement Indicator"
"002115",76564,"Perkins Nontraditional Type"
"001289",73531,"Career Education Plan Date"
"001290",73532,"Career Education Plan Type"
"000317",75253,"ISO 639-2 Language Code"
"001637",75254,"ISO 639-3 Language Code"
"001638",75255,"ISO 639-5 Language Family"
"000316",75256,"Language Type"
"000425",75259,"Person Relationship Type"
"001929",75260,"Awaiting Foster Care Status"
"000777",75261,"Public Assistance Status"
"000588",75495,"Career Technical Education Nontraditional Gender Status"
"001976",75489,"Internet Download Speed"
"001977",75490,"Internet Speed Test Date Time"
"001975",75491,"Internet Upload Speed"
"000115",73550,"First Name"
"000184",73551,"Middle Name"
"000172",73552,"Last or Surname"
"000121",73553,"Generation Code or Suffix"
"000212",73554,"Personal Title or Prefix"
"001514",73642,"Other First Name"
"001513",73626,"Other Last Name"
"001515",73658,"Other Middle Name"
"000206",73555,"Other Name"
"000634",73556,"Other Name Type"
"001070",73546,"Staff Member Identifier"
"001074",73547,"Staff Member Identification System"
"000618",73549,"Personal Information Verification"
"001945",75485,"Personal Information Type"
"000722",73539,"Address Type for Staff"
"000269",73533,"Address Street Number and Name"
"000019",73534,"Address Apartment Room or Suite Number"
"000040",73535,"Address City"
"000267",73537,"State Abbreviation"
"000214",73538,"Address Postal Code"
"000190",73536,"Address County Name"
"000050",73540,"Country Code"
"000606",74270,"Latitude"
"000607",74293,"Longitude"
"001209",75230,"County ANSI Code"
"001928",75231,"Do Not Publish Indicator"
"000088",73541,"Electronic Mail Address"
"000089",73542,"Electronic Mail Address Type"
"001928",75232,"Do Not Publish Indicator"
"000279",73545,"Telephone Number"
"000280",73543,"Telephone Number Type"
"000219",73544,"Primary Telephone Number Indicator"
"001928",75233,"Do Not Publish Indicator"
"001927",75234,"Telephone Number Listed Status"
"000071",73557,"Credential Type"
"000277",73559,"Teaching Credential Basis"
"001318",73558,"Career and Technical Education Instructor Industry Certification"
"000069",75480,"Credential Expiration Date"
"000051",75235,"Country of Birth Code"
"001657",75236,"Tribal Affiliation"
"000033",75481,"Birthdate"
"001947",75482,"First Generation College Student"
"001943",75483,"Race"
"000620",75237,"Employment Separation Reason"
"000730",75238,"Standard Occupational Classification"
"001946",75484,"Role"
"002059",76020,"Funding Source Amount"
"002058",76021,"Funding Source Percentage"
"000317",75239,"ISO 639-2 Language Code"
"001637",75240,"ISO 639-3 Language Code"
"001638",75241,"ISO 639-5 Language Family"
"000316",75242,"Language Type"
"000425",75243,"Person Relationship Type"
"000777",75244,"Public Assistance Status"
"000055",72784,"Course Identifier"
"000056",72785,"Course Code System"
"000067",72788,"Course Title"
"000517",72796,"Course Description"
"001549",73832,"Course Department Name"
"000057",72780,"Course Credit Units"
"000072",72919,"Credit Unit Type"
"000058",72781,"Credit Value"
"000596",72798,"Additional Credit Type"
"000030",72783,"Available Carnegie Unit Credit"
"000060",72786,"Course Grade Point Average Applicability"
"000061",72787,"Course Level Characteristic"
"000137",72790,"High School Course Requirement"
"001667",74879,"Course Repeatability Maximum Number"
"000712",72799,"Curriculum Framework Type"
"000518",72797,"Core Academic Course"
"000013",72782,"Course Aligned with Standards"
"000448",72795,"Instruction Language"
"001517",73745,"School Courses for the Exchange of Data Course Code"
"001516",73746,"School Courses for the Exchange of Data Course Level"
"001518",73747,"School Courses for the Exchange of Data Course Subject Area"
"000250",72794,"School Courses for the Exchange of Data Sequence of Course"
"001994",75697,"Course Level Approval Indicator"
"002115",76562,"Perkins Nontraditional Type"
"000978",72814,"Course Section Identifier"
"001315",74535,"Course Section Number"
"001314",74534,"Course Number"
"001420",74536,"Original Course Identifier"
"001422",74537,"Override School Course Number"
"000251",72801,"Session Begin Date"
"000253",72803,"Session End Date"
"000252",72802,"Session Designator"
"000254",72804,"Session Type"
"001270",74553,"Session Code"
"001271",74554,"Session Description"
"001278",74524,"Advanced Placement Course Code"
"000517",74541,"Course Description"
"001303",74526,"Course Credit Basis Type"
"001304",74527,"Course Credit Level Type"
"001301",74546,"Course Applicable Education Level"
"001312",74532,"Course Level Type"
"001298",74525,"Course Academic Grade Scale Code"
"001307",74528,"Course Honors Type"
"001288",74545,"Career Cluster"
"000013",72824,"Course Aligned with Standards"
"001272",74555,"Session Marking Term Indicator"
"001273",74556,"Session Scheduling Term Indicator"
"001274",74557,"Session Attendance Term Indicator"
"000101",72817,"Course Section Time Required for Completion"
"000065",74523,"Course Repeat Code"
"000519",72808,"Class Beginning Time"
"000520",72809,"Class Ending Time"
"000521",72810,"Class Meeting Days"
"000522",72811,"Class Period"
"000523",72812,"Timetable Day Identifier"
"001655",74352,"Course Section Maximum Capacity"
"001308",74529,"Course Instruction Method"
"000448",72806,"Instruction Language"
"000364",72807,"Classroom Identifier"
"000524",72813,"Receiving Location of Instruction"
"001309",74530,"Course Instruction Site Name"
"001310",74531,"Course Instruction Site Type"
"000622",74543,"Classroom Position Type"
"001160",72815,"Virtual Indicator"
"001161",72816,"Course Section Instructional Delivery Mode"
"001287",74544,"Blended Learning Model Type"
"001311",74549,"Course Interaction Mode"
"001499",74538,"Work-based Learning Opportunity Type"
"000258",72805,"Course Section Single Sex Class Status"
"000328",74558,"Ability Grouping Status"
"000060",72828,"Course Grade Point Average Applicability"
"000596",74542,"Additional Credit Type"
"001302",74547,"Course Certification Description"
"001313",74533,"Course Narrative Explanation Grade"
"001344",74550,"Family and Consumer Sciences Course Indicator"
"001413",74551,"National Collegiate Athletic Association Eligibility"
"001306",74548,"Course Funding Program"
"001575",74552,"Tuition Funded"
"001589",74539,"Developmental Education Type"
"001999",75698,"Adjusted Capacity"
"002000",75699,"Adjusted Capacity Reason Type"
"002021",76016,"Session Sequence Number"
"000055",72826,"Course Identifier"
"001280",74519,"Agency Course Identifier"
"000056",72827,"Course Code System"
"001414",74520,"NCES College Course Map Code"
"000066",74517,"Course Subject Abbreviation"
"000068",74518,"Postsecondary Course Title"
"000067",72830,"Course Title"
"000231",72818,"Related Competency Definitions"
"000054",74513,"Course Begin Date"
"000059",74516,"Course End Date"
"001549",73835,"Course Department Name"
"000043",74521,"Classification of Instructional Program Code"
"000045",74522,"Classification of Instructional Program Version"
"000027",72823,"Course Section Assessment Reporting Method"
"000057",74514,"Course Credit Units"
"000072",72831,"Credit Unit Type"
"000058",74515,"Credit Value"
"000030",72825,"Available Carnegie Unit Credit"
"000061",72829,"Course Level Characteristic"
"000137",72833,"High School Course Requirement"
"001667",74880,"Course Repeatability Maximum Number"
"000250",72822,"School Courses for the Exchange of Data Sequence of Course"
"001994",75700,"Course Level Approval Indicator"
"002115",76563,"Perkins Nontraditional Type"
"001071",74506,"Student Identifier"
"001075",74507,"Student Identification System"
"000063",74498,"Course Override School"
"001300",74502,"Course Add Date"
"001305",74503,"Course Drop Date"
"000077",74501,"Degree Applicability"
"000124",74504,"Student Course Section Grade Earned"
"000053",74497,"Course Academic Grade"
"000200",74508,"Number of Credits Earned"
"000064",74499,"Course Quality Points Earned"
"001573",74505,"Student Course Section Grade Narrative"
"002012",75701,"Enrollment Capacity"
"000182",74492,"Marking Period Name"
"000183",74495,"Mid Term Mark"
"000124",74494,"Student Course Section Grade Earned"
"001142",74493,"Student Course Section Mark Final Indicator"
"001299",74491,"Course Academic Grade Status Code"
"000616",74496,"Grade Value Qualifier"
"001070",74511,"Staff Member Identifier"
"001074",74512,"Staff Member Identification System"
"000526",74509,"Assignment Start Date"
"000527",74510,"Assignment End Date"
"000647",74560,"Teacher of Record"
"000648",74561,"Teaching Assignment Role"
"000649",74562,"Teaching Assignment Contribution Percentage"
"000622",74559,"Classroom Position Type"
"001649",74565,"Attendance Event Date"
"000601",74564,"Attendance Event Type"
"000076",74563,"Attendance Status"
"002098",76017,"Attendance Event Duration Day"
"002015",76018,"Attendance Event Duration Hours"
"002014",76019,"Attendance Event Duration Minutes"
"000225",72917,"Program Type"
"000626",72918,"Program Name"
"001288",73564,"Career Cluster"
"000716",73522,"Program Sponsor Type"
"002012",75702,"Enrollment Capacity"
"002013",75703,"Primary Program Indicator"
"002115",76565,"Perkins Nontraditional Type"
"001076",71295,"Adult Education Service Provider Identifier"
"000781",71296,"Adult Education Service Provider Identification System"
"001078",71297,"Adult Education Provider Type"
"000191",71342,"Name of Institution"
"001487",73424,"Short Name of Organization"
"000178",71574,"Level of Institution"
"000115",71298,"First Name"
"000184",71300,"Middle Name"
"000172",71302,"Last or Surname"
"000121",72886,"Generation Code or Suffix"
"000212",72887,"Personal Title or Prefix"
"001514",73636,"Other First Name"
"001515",73652,"Other Middle Name"
"001513",73620,"Other Last Name"
"000206",72888,"Other Name"
"000634",72889,"Other Name Type"
"001071",71339,"Student Identifier"
"001075",71340,"Student Identification System"
"000618",72220,"Personal Information Verification"
"001945",75470,"Personal Information Type"
"000010",72890,"Address Type for Learner or Family"
"000269",71304,"Address Street Number and Name"
"000019",71306,"Address Apartment Room or Suite Number"
"000040",71308,"Address City"
"000267",71312,"State Abbreviation"
"000214",71314,"Address Postal Code"
"000190",71310,"Address County Name"
"000050",72138,"Country Code"
"000606",74266,"Latitude"
"000607",74289,"Longitude"
"001209",75216,"County ANSI Code"
"001928",75217,"Do Not Publish Indicator"
"000280",71320,"Telephone Number Type"
"000219",71321,"Primary Telephone Number Indicator"
"000279",71319,"Telephone Number"
"001928",75219,"Do Not Publish Indicator"
"001927",75220,"Telephone Number Listed Status"
"000089",71317,"Electronic Mail Address Type"
"000088",71315,"Electronic Mail Address"
"001928",75218,"Do Not Publish Indicator"
"000033",71322,"Birthdate"
"000255",71323,"Sex"
"000016",71324,"American Indian or Alaska Native"
"000020",71325,"Asian"
"000034",71326,"Black or African American"
"000192",71327,"Native Hawaiian or Other Pacific Islander"
"000301",71328,"White"
"000144",71329,"Hispanic or Latino Ethnicity"
"001640",74311,"Military Branch"
"000973",75157,"Demographic Race Two or More Races"
"000051",75221,"Country of Birth Code"
"001657",75222,"Tribal Affiliation"
"001944",75463,"Federal Race and Ethnicity Declined"
"001947",75464,"First Generation College Student"
"001943",75465,"Race"
"000200",73981,"Number of Credits Earned"
"000141",71343,"Highest Level of Education Completed"
"000081",71336,"Diploma or Credential Award Date"
"000138",71335,"High School Diploma Type"
"000713",74721,"High School Diploma Distinction Type"
"000001",74724,"Academic Award Date"
"000002",73043,"Academic Award Level Conferred"
"000003",74725,"Academic Award Title"
"001317",74730,"Credit Hours Applied Other Program"
"000783",72841,"Professional or Technical Credential Conferred"
"000625",74729,"Program Identifier"
"001641",74732,"DQP Categories of Learning"
"001616",74731,"Postsecondary Program Level"
"000043",74726,"Classification of Instructional Program Code"
"000044",74727,"Classification of Instructional Program Use"
"000045",74728,"Classification of Instructional Program Version"
"002026",75983,"Projected High School Diploma Type"
"001314",74125,"Course Number"
"000151",71331,"IDEA Indicator"
"000577",71332,"Disability Status"
"001321",74760,"Disability Determination Source Type"
"000775",71279,"Low-income Status"
"000776",71280,"Dislocated Worker Status"
"000777",71281,"Public Assistance Status"
"000778",71282,"Rural Residency Status"
"000580",71330,"Single Parent or Single Pregnant Woman Status"
"000084",71345,"Career-Technical-Adult Education Displaced Homemaker Indicator"
"001930",75229,"Out of Workforce Indicator"
"001064",71713,"Employment NAICS Code"
"000987",71712,"Employed While Enrolled"
"000988",71711,"Employed After Exit"
"000346",73703,"Employment Start Date"
"000795",73698,"Employment End Date"
"001946",75469,"Role"
"001077",71285,"Adult Education Instructional Program Type"
"000782",71286,"Adult Education Special Program Type"
"000779",71283,"Adult Educational Functioning Level at Intake"
"000780",71284,"Adult Educational Functioning Level at Posttest"
"000784",71288,"Adult Education Postsecondary Transition Action"
"001081",71289,"Adult Education Postsecondary Transition Date"
"000324",71333,"Enrollment Date"
"000107",71334,"Enrollment Exit Date"
"001079",71287,"Goals for Attending Adult Education"
"000790",71294,"Proxy Contact Hours"
"001288",73077,"Career Cluster"
"001291",73085,"Career Pathways Program Participation Indicator"
"001584",74043,"Career Pathways Program Participation Start Date"
"001583",74038,"Career Pathways Program Participation Exit Date"
"001297",73092,"Correctional Education Reentry Services Participation Indicator"
"001296",73091,"Correctional Education Facility Type"
"000100",73157,"Entry Grade Level"
"001210",73158,"Exit Grade Level"
"000362",73230,"Instructional Activity Hours Completed"
"001922",75227,"Program Entry Reason"
"001955",75471,"Adult Education Credential Attainment Employed Indicator"
"001956",75472,"Adult Education Credential Attainment Postsecondary Credential Indicator"
"001954",75473,"Adult Education Credential Attainment Postsecondary Enrollment Indicator"
"001939",75474,"Adult Education Program Exit Reason"
"000323",75475,"Application Date"
"001946",75476,"Role"
"001940",75477,"WIOA Barriers to Employment"
"001941",75478,"WIOA Career Services"
"001942",75479,"WIOA Training Services"
"000317",75223,"ISO 639-2 Language Code"
"001637",75224,"ISO 639-3 Language Code"
"001638",75225,"ISO 639-5 Language Family"
"000316",75226,"Language Type"
"000425",75228,"Person Relationship Type"
"001976",75466,"Internet Download Speed"
"001977",75467,"Internet Speed Test Date Time"
"001975",75468,"Internet Upload Speed"
"001577",75984,"Active Military Status Indicator"
"002050",75985,"Military Campaigns"
"002034",75986,"Military Country"
"002048",75987,"Military Current Rank"
"002055",75988,"Military Deployment Activity Code"
"002056",75989,"Military Deployment Activity Name"
"002052",75990,"Military Deployment Description"
"002043",75991,"Military Deployment End Date"
"002053",75992,"Military Deployment Order Description"
"002054",75993,"Military Deployment Requested By"
"002042",75994,"Military Deployment Start Date"
"002051",75995,"Military Deployment Status Code"
"002044",75996,"Military Discharge Category"
"002040",75997,"Military Discharge Date"
"002046",75998,"Military Discharge Rank"
"002037",75999,"Military Duties"
"002036",76000,"Military Expertise"
"002047",76001,"Military Highest Rank"
"002049",76002,"Military Honors"
"002039",76003,"Military Induction Date"
"002045",76004,"Military Induction Rank"
"002035",76005,"Military Occupational Specialties "
"002041",76006,"Military Release Date"
"002038",76007,"Military Service Locations"
"002114",76008,"Military Service Number"
"001578",76009,"Military Veteran Status Indicator"
"002057",76010,"National Guard Indicator"
"000115",71299,"First Name"
"000184",71301,"Middle Name"
"000172",71303,"Last or Surname"
"000121",72039,"Generation Code or Suffix"
"000212",72040,"Personal Title or Prefix"
"001514",73638,"Other First Name"
"001515",73654,"Other Middle Name"
"001513",73622,"Other Last Name"
"000206",72041,"Other Name"
"000634",72042,"Other Name Type"
"001070",71337,"Staff Member Identifier"
"001074",71338,"Staff Member Identification System"
"000618",72222,"Personal Information Verification"
"001945",75462,"Personal Information Type"
"000722",72043,"Address Type for Staff"
"000269",71305,"Address Street Number and Name"
"000019",71307,"Address Apartment Room or Suite Number"
"000040",71309,"Address City"
"000267",71313,"State Abbreviation"
"000214",71439,"Address Postal Code"
"000190",71311,"Address County Name"
"000050",72139,"Country Code"
"000606",74267,"Latitude"
"000607",74290,"Longitude"
"001209",75201,"County ANSI Code"
"001928",75202,"Do Not Publish Indicator"
"000280",72044,"Telephone Number Type"
"000219",72045,"Primary Telephone Number Indicator"
"000279",72046,"Telephone Number"
"001928",75204,"Do Not Publish Indicator"
"001927",75205,"Telephone Number Listed Status"
"000089",71318,"Electronic Mail Address Type"
"000088",71316,"Electronic Mail Address"
"001928",75203,"Do Not Publish Indicator"
"001085",71293,"Adult Education Certification Type"
"000141",73212,"Highest Level of Education Completed"
"000069",75457,"Credential Expiration Date"
"000788",71292,"Years of Prior Adult Education Teaching Experience"
"000786",71290,"Adult Education Staff Classification"
"001083",71291,"Adult Education Staff Employment Status"
"000346",73155,"Employment Start Date"
"000795",73153,"Employment End Date"
"000143",73213,"Hire Date"
"000620",75209,"Employment Separation Reason"
"001946",75461,"Role"
"001076",73059,"Adult Education Service Provider Identifier"
"000781",73060,"Adult Education Service Provider Identification System"
"000141",74748,"Highest Level of Education Completed"
"000191",74734,"Name of Institution"
"001487",74752,"Short Name of Organization"
"000818",74750,"Higher Education Institution Accreditation Status"
"000342",74736,"Degree or Certificate Title or Subject"
"000343",74738,"Degree or Certificate Type"
"000344",74740,"Degree or Certificate Conferring Date"
"000816",74742,"Number of School-age Education Postsecondary Credit Hours"
"000793",74744,"Staff Education Entry Date"
"000794",74746,"Staff Education Withdrawal Date"
"001607",74754,"Education Verification Method"
"000051",75206,"Country of Birth Code"
"001640",75207,"Military Branch"
"001657",75208,"Tribal Affiliation"
"000033",75458,"Birthdate"
"001947",75459,"First Generation College Student"
"001943",75460,"Race"
"000317",75210,"ISO 639-2 Language Code"
"001637",75211,"ISO 639-3 Language Code"
"001638",75212,"ISO 639-5 Language Family"
"000316",75213,"Language Type"
"000425",75214,"Person Relationship Type"
"000777",75215,"Public Assistance Status"
"001577",75956,"Active Military Status Indicator"
"002050",75957,"Military Campaigns"
"002034",75958,"Military Country"
"002048",75959,"Military Current Rank"
"002055",75960,"Military Deployment Activity Code"
"002056",75961,"Military Deployment Activity Name"
"002052",75962,"Military Deployment Description"
"002043",75963,"Military Deployment End Date"
"002053",75964,"Military Deployment Order Description"
"002054",75965,"Military Deployment Requested By"
"002042",75966,"Military Deployment Start Date"
"002051",75967,"Military Deployment Status Code"
"002044",75968,"Military Discharge Category"
"002040",75969,"Military Discharge Date"
"002046",75970,"Military Discharge Rank"
"002037",75971,"Military Duties"
"002036",75972,"Military Expertise"
"002047",75973,"Military Highest Rank"
"002049",75974,"Military Honors"
"002039",75975,"Military Induction Date"
"002045",75976,"Military Induction Rank"
"002035",75977,"Military Occupational Specialties "
"002041",75978,"Military Release Date"
"002038",75979,"Military Service Locations"
"002114",75980,"Military Service Number"
"001578",75981,"Military Veteran Status Indicator"
"002057",75982,"National Guard Indicator"
"000978",74665,"Course Section Identifier"
"000251",74617,"Session Begin Date"
"000253",74619,"Session End Date"
"000252",74618,"Session Designator"
"001270",74659,"Session Code"
"000254",74620,"Session Type"
"001271",74660,"Session Description"
"001278",74623,"Advanced Placement Course Code"
"000517",74647,"Course Description"
"001301",74652,"Course Applicable Education Level"
"001288",74651,"Career Cluster"
"000013",74668,"Course Aligned with Standards"
"001272",74661,"Session Marking Term Indicator"
"001273",74662,"Session Scheduling Term Indicator"
"001274",74663,"Session Attendance Term Indicator"
"001298",74624,"Course Academic Grade Scale Code"
"001315",74633,"Course Section Number"
"000101",74669,"Course Section Time Required for Completion"
"000519",74639,"Class Beginning Time"
"000520",74640,"Class Ending Time"
"000521",74641,"Class Meeting Days"
"000522",74642,"Class Period"
"000523",74643,"Timetable Day Identifier"
"001655",74353,"Course Section Maximum Capacity"
"000448",74637,"Instruction Language"
"000364",74638,"Classroom Identifier"
"000524",74644,"Receiving Location of Instruction"
"000622",74649,"Classroom Position Type"
"001160",74666,"Virtual Indicator"
"001161",74667,"Course Section Instructional Delivery Mode"
"001287",74650,"Blended Learning Model Type"
"001311",74655,"Course Interaction Mode"
"000258",74621,"Course Section Single Sex Class Status"
"000328",74664,"Ability Grouping Status"
"000060",74616,"Course Grade Point Average Applicability"
"000596",74648,"Additional Credit Type"
"001302",74653,"Course Certification Description"
"001344",74656,"Family and Consumer Sciences Course Indicator"
"001413",74657,"National Collegiate Athletic Association Eligibility"
"001499",74636,"Work-based Learning Opportunity Type"
"001589",74645,"Developmental Education Type"
"001306",74654,"Course Funding Program"
"001575",74658,"Tuition Funded"
"001314",74632,"Course Number"
"001312",73513,"Course Level Type"
"001303",74625,"Course Credit Basis Type"
"001304",74626,"Course Credit Level Type"
"001307",74627,"Course Honors Type"
"001313",74631,"Course Narrative Explanation Grade"
"000065",74622,"Course Repeat Code"
"001308",74628,"Course Instruction Method"
"001309",74629,"Course Instruction Site Name"
"001310",74630,"Course Instruction Site Type"
"001420",74634,"Original Course Identifier"
"001422",74635,"Override School Course Number"
"001999",75692,"Adjusted Capacity"
"002000",75693,"Adjusted Capacity Reason Type"
"002021",76011,"Session Sequence Number"
"000055",74595,"Course Identifier"
"000056",74596,"Course Code System"
"000067",74598,"Course Title"
"001549",74612,"Course Department Name"
"000054",74601,"Course Begin Date"
"000059",74604,"Course End Date"
"000057",74602,"Course Credit Units"
"000058",74603,"Credit Value"
"000072",74611,"Credit Unit Type"
"000030",74614,"Available Carnegie Unit Credit"
"000061",74597,"Course Level Characteristic"
"000137",74615,"High School Course Requirement"
"001667",74878,"Course Repeatability Maximum Number"
"001280",74607,"Agency Course Identifier"
"000066",74605,"Course Subject Abbreviation"
"000250",74600,"School Courses for the Exchange of Data Sequence of Course"
"000231",74599,"Related Competency Definitions"
"000027",74613,"Course Section Assessment Reporting Method"
"000043",74609,"Classification of Instructional Program Code"
"000045",74610,"Classification of Instructional Program Version"
"000068",74606,"Postsecondary Course Title"
"001414",74608,"NCES College Course Map Code"
"001994",75694,"Course Level Approval Indicator"
"002115",76561,"Perkins Nontraditional Type"
"001071",74581,"Student Identifier"
"001075",74582,"Student Identification System"
"000063",74573,"Course Override School"
"000077",74576,"Degree Applicability"
"000053",74572,"Course Academic Grade"
"000200",74583,"Number of Credits Earned"
"000064",74574,"Course Quality Points Earned"
"001300",74577,"Course Add Date"
"001305",74578,"Course Drop Date"
"000124",74579,"Student Course Section Grade Earned"
"001573",74580,"Student Course Section Grade Narrative"
"002012",75695,"Enrollment Capacity"
"000182",74567,"Marking Period Name"
"001142",74568,"Student Course Section Mark Final Indicator"
"000183",74570,"Mid Term Mark"
"000124",74569,"Student Course Section Grade Earned"
"000616",74571,"Grade Value Qualifier"
"001299",74566,"Course Academic Grade Status Code"
"001070",74586,"Staff Member Identifier"
"001074",74587,"Staff Member Identification System"
"000526",74584,"Assignment Start Date"
"000527",74585,"Assignment End Date"
"000647",74589,"Teacher of Record"
"000648",74590,"Teaching Assignment Role"
"000649",74591,"Teaching Assignment Contribution Percentage"
"000622",74588,"Classroom Position Type"
"001649",74594,"Attendance Event Date"
"000601",74593,"Attendance Event Type"
"000076",74592,"Attendance Status"
"002098",76012,"Attendance Event Duration Day"
"002015",76013,"Attendance Event Duration Hours"
"002014",76014,"Attendance Event Duration Minutes"
"001288",73076,"Career Cluster"
"002059",75954,"Funding Source Amount"
"002058",75955,"Funding Source Percentage"
"000222",76536,"Exit Reason"
"000115",72465,"First Name"
"000184",72466,"Middle Name"
"000172",72467,"Last or Surname"
"000121",72468,"Generation Code or Suffix"
"000212",72891,"Personal Title or Prefix"
"001514",73637,"Other First Name"
"001515",73653,"Other Middle Name"
"001513",73621,"Other Last Name"
"000206",72892,"Other Name"
"000634",72893,"Other Name Type"
"000618",72223,"Personal Information Verification"
"001571",75006,"Person Identification System"
"001572",75007,"Person Identifier"
"001945",75688,"Personal Information Type"
"000997",72470,"Workforce Program Type"
"000998",72471,"Workforce Program Participation Start Date"
"000999",72472,"Workforce Program Participation End Date"
"001291",74031,"Career Pathways Program Participation Indicator"
"001584",74049,"Career Pathways Program Participation Start Date"
"001583",74042,"Career Pathways Program Participation Exit Date"
"001946",75689,"Role"
"001930",76533,"Out of Workforce Indicator"
"000273",76534,"Student Support Service Type"
"000780",76543,"Adult Educational Functioning Level at Posttest"
"001288",76548,"Career Cluster"
"000043",76535,"Classification of Instructional Program Code"
"001922",76554,"Program Entry Reason"
"000010",73943,"Address Type for Learner or Family"
"000269",73994,"Address Street Number and Name"
"000019",73945,"Address Apartment Room or Suite Number"
"000040",73949,"Address City"
"000267",73993,"State Abbreviation"
"000214",73986,"Address Postal Code"
"000190",73975,"Address County Name"
"000606",74273,"Latitude"
"000607",74296,"Longitude"
"001209",75444,"County ANSI Code"
"001928",75445,"Do Not Publish Indicator"
"000280",73996,"Telephone Number Type"
"000219",73987,"Primary Telephone Number Indicator"
"000279",73995,"Telephone Number"
"001928",75447,"Do Not Publish Indicator"
"001927",75448,"Telephone Number Listed Status"
"000089",73970,"Electronic Mail Address Type"
"000088",73968,"Electronic Mail Address"
"001928",75446,"Do Not Publish Indicator"
"000033",73947,"Birthdate"
"000255",73992,"Sex"
"000016",73944,"American Indian or Alaska Native"
"000020",73946,"Asian"
"000034",73948,"Black or African American"
"000192",73977,"Native Hawaiian or Other Pacific Islander"
"000301",73999,"White"
"000144",73974,"Hispanic or Latino Ethnicity"
"001640",74312,"Military Branch"
"000973",75181,"Demographic Race Two or More Races"
"000051",75449,"Country of Birth Code"
"001944",75681,"Federal Race and Ethnicity Declined"
"001947",75682,"First Generation College Student"
"001943",75683,"Race"
"000584",76488,"Cohort Graduation Year"
"001576",76489,"Military Connected Student Indicator"
"000730",76490,"Standard Occupational Classification"
"000196",76491,"Visa Type"
"001940",76492,"WIOA Barriers to Employment"
"000200",73983,"Number of Credits Earned"
"000727",76470,"Academic Term Designator"
"000726",76471,"Academic Year Designator"
"000036",76472,"Career and Technical Education Completer"
"001289",76473,"Career Education Plan Date"
"001290",76474,"Career Education Plan Type"
"000056",76475,"Course Code System"
"000055",76476,"Course Identifier"
"000065",76477,"Course Repeat Code"
"000067",76478,"Course Title"
"000072",76479,"Credit Unit Type"
"000074",76480,"Credits Earned Cumulative"
"000344",76481,"Degree or Certificate Conferring Date"
"000342",76482,"Degree or Certificate Title or Subject"
"000343",76483,"Degree or Certificate Type"
"000125",76484,"Grade Level When Course Taken"
"000141",76485,"Highest Level of Education Completed"
"000586",76486,"Postsecondary Enrollment Action"
"000081",73966,"Diploma or Credential Award Date"
"000138",74720,"High School Diploma Type"
"000713",74723,"High School Diploma Distinction Type"
"000001",74696,"Academic Award Date"
"000002",74687,"Academic Award Level Conferred"
"000003",74688,"Academic Award Title"
"001317",74686,"Credit Hours Applied Other Program"
"000783",74693,"Professional or Technical Credential Conferred"
"000625",74692,"Program Identifier"
"001616",74694,"Postsecondary Program Level"
"001641",74695,"DQP Categories of Learning"
"000043",74689,"Classification of Instructional Program Code"
"000044",74690,"Classification of Instructional Program Use"
"000045",74691,"Classification of Instructional Program Version"
"002026",76487,"Projected High School Diploma Type"
"001064",74023,"Employment NAICS Code"
"000346",74003,"Employment Start Date"
"000795",74020,"Employment End Date"
"000987",74021,"Employed While Enrolled"
"000988",74022,"Employed After Exit"
"000730",75450,"Standard Occupational Classification"
"001946",75687,"Role"
"000620",76493,"Employment Separation Reason"
"000621",76494,"Employment Separation Type"
"000347",76495,"Employment Status"
"000143",76496,"Hire Date"
"000797",76497,"Hourly Wage"
"000796",76498,"Hours Worked Per Week"
"000213",76499,"Position Title"
"000798",76500,"Wage Collection Code"
"000819",76501,"Wage Verification Code"
"001498",76502,"Weeks Employed Per Year"
"000783",74018,"Professional or Technical Credential Conferred"
"000317",75451,"ISO 639-2 Language Code"
"001637",75452,"ISO 639-3 Language Code"
"001638",75453,"ISO 639-5 Language Family"
"000316",75454,"Language Type"
"000425",75455,"Person Relationship Type"
"000777",75456,"Public Assistance Status"
"001929",76530,"Awaiting Foster Care Status"
"000776",76531,"Dislocated Worker Status"
"000775",76532,"Low-income Status"
"001936",76555,"Internet Access Type In Residence"
"001976",75684,"Internet Download Speed"
"001977",75685,"Internet Speed Test Date Time"
"001975",75686,"Internet Upload Speed"
"001577",76503,"Active Military Status Indicator"
"002050",76504,"Military Campaigns"
"002034",76505,"Military Country"
"002048",76506,"Military Current Rank"
"002055",76507,"Military Deployment Activity Code"
"002056",76508,"Military Deployment Activity Name"
"002052",76509,"Military Deployment Description"
"002043",76510,"Military Deployment End Date"
"002053",76511,"Military Deployment Order Description"
"002054",76512,"Military Deployment Requested By"
"002042",76513,"Military Deployment Start Date"
"002051",76514,"Military Deployment Status Code"
"002044",76515,"Military Discharge Category"
"002040",76516,"Military Discharge Date"
"002046",76517,"Military Discharge Rank"
"002037",76518,"Military Duties"
"002036",76519,"Military Expertise"
"002047",76520,"Military Highest Rank"
"002049",76521,"Military Honors"
"002039",76522,"Military Induction Date"
"002045",76523,"Military Induction Rank"
"002035",76524,"Military Occupational Specialties "
"002041",76525,"Military Release Date"
"002038",76526,"Military Service Locations"
"002114",76527,"Military Service Number"
"001578",76528,"Military Veteran Status Indicator"
"002057",76529,"National Guard Indicator"
"001064",71514,"Employment NAICS Code"
"000992",72461,"Employment Record Reference Period Start Date"
"000993",72462,"Employment Record Reference Period End Date"
"000990",72459,"Employment Location"
"001342",73152,"Employed Prior to Enrollment"
"000987",72456,"Employed While Enrolled"
"000988",72457,"Employed After Exit"
"001412",73292,"Military Enlistment After Exit"
"000991",72460,"Person Employed in Multiple Jobs Count"
"000994",72463,"Employment Record Administrative Data Source"
"000989",72458,"Quarterly Earnings"
"001571",75004,"Person Identification System"
"001572",75005,"Person Identifier"
"001938",75690,"Cohort Median Earnings"
"000019",76460,"Address Apartment Room or Suite Number"
"000827",76466,"Organization Identification System"
"000040",76461,"Address City"
"000826",76467,"Organization Identifier"
"000190",76462,"Address County Name"
"000204",76468,"Organization Name"
"000214",76463,"Address Postal Code"
"001156",76469,"Organization Type"
"001066",76464,"Address Type for Organization"
"000267",76465,"State Abbreviation"
"000903",71363,"Goal Description"
"001165",73887,"Goal Start Date"
"001166",73885,"Goal End Date"
"000902",71362,"Goal Success Criteria"
"001557",73866,"Learner Action Actor Identifier"
"000935",71394,"Learner Action Value"
"000934",71393,"Learner Action Type"
"000937",71396,"Learner Action Date Time"
"001559",73875,"Learner Action Object Identifier"
"001558",73872,"Learner Action Object Description"
"001560",73878,"Learner Action Object Type"
"000939",71398,"Learner Activity Title"
"000940",71399,"Learner Activity Description"
"000943",71402,"Learner Activity Creation Date"
"000950",71409,"Learner Activity Release Date"
"000942",71401,"Learner Activity Type"
"000941",71400,"Learner Activity Prerequisite"
"000938",71397,"Learner Activity Language"
"000945",71404,"Learner Activity Maximum Time Allowed Unit"
"000944",71403,"Learner Activity Maximum Time Allowed"
"000948",71407,"Learner Activity Maximum Attempts Allowed"
"000947",71406,"Learner Activity Due Time"
"000946",71405,"Learner Activity Due Date"
"000952",71411,"Learner Activity Possible Points"
"000951",71410,"Learner Activity Weight"
"000953",71412,"Learner Activity Rubric URL"
"000949",71408,"Learner Activity Add to Grade Book Flag"
"001067",71178,"Assessment Identifier"
"000365",71179,"Assessment Identification System"
"000981",71433,"Assessment GUID"
"000028",71176,"Assessment Title"
"000931",71390,"Assessment Short Name"
"000933",71392,"Assessment Family Short Name"
"000932",71391,"Assessment Family Title"
"001006",71445,"Assessment Provider"
"001544",73815,"Assessment Revision Date"
"000029",71177,"Assessment Type"
"000382",71182,"Assessment Objective"
"000026",71175,"Assessment Purpose"
"000177",71180,"Assessment Level for Which Designed"
"000021",71174,"Assessment Academic Subject"
"000415",71184,"Assessment Type Administered"
"001000",71509,"Assessment Early Learning Developmental Domain"
"000369",71181,"Assessment Score Metric Type"
"000317",71597,"ISO 639-2 Language Code"
"001637",74216,"ISO 639-3 Language Code"
"001638",74223,"ISO 639-5 Language Family"
"001995",75696,"Assessment Type Administered to English Learners"
"001535",73779,"Assessment Form GUID"
"000024",71191,"Assessment Form Name"
"000366",71192,"Assessment Form Number"
"001532",73771,"Assessment Form Adaptive Indicator"
"001533",73772,"Assessment Form Algorithm Identifier"
"001534",73777,"Assessment Form Algorithm Version"
"000021",71772,"Assessment Academic Subject"
"001185",72487,"Assessment Form Accommodation List"
"001187",71555,"Assessment Form Intended Administration End Date"
"001188",71556,"Assessment Form Platforms Supported"
"001183",72484,"Assessment Form Version"
"001089",71512,"Assessment Language"
"000177",73793,"Assessment Level for Which Designed"
"000384",73743,"Assessment Secure Indicator"
"001186",71554,"Intended Administration Start Date"
"001184",72485,"Learning Resource Published Date"
"001191",71559,"Assessment Form Section Identifier"
"001190",71558,"Identification System for Assessment Form Section"
"000980",71432,"Assessment Form Section GUID"
"001533",73775,"Assessment Form Algorithm Identifier"
"000021",71776,"Assessment Academic Subject"
"000979",71431,"Assessment Form Section Sequence Number"
"001189",71557,"Assessment Form Section Version"
"001192",71560,"Assessment Form Section Time Limit"
"001193",71561,"Assessment Form Section Sealed"
"001194",71562,"Assessment Form Section Reentry"
"001184",72486,"Learning Resource Published Date"
"001536",74116,"Assessment Form Section Item Field Test Indicator"
"001010",71449,"Assessment Form Subtest Item Weight Correct"
"001012",71450,"Assessment Form Subtest Item Weight Incorrect"
"001013",71451,"Assessment Form Subtest Item Weight Not Attempted"
"000630",71202,"Assessment Item Identifier"
"000390",71193,"Assessment Item Type"
"001181",72480,"Assessment Item Bank Identifier"
"001182",72482,"Assessment Item Bank Name"
"001263",72116,"Assessment Item Release Status"
"000021",72114,"Assessment Academic Subject"
"001122",71782,"NAEP Aspects of Reading"
"001088",71511,"NAEP Mathematical Complexity Level"
"000177",73795,"Assessment Level for Which Designed"
"001261",72111,"Assessment Item Linking Item Indicator"
"001267",72124,"Assessment Item Body Text"
"001268",72126,"Assessment Item Stimulus"
"000391",71194,"Assessment Item Difficulty"
"000398",71196,"Assessment Item Distractor Analysis"
"000400",71197,"Assessment Item Stem"
"000403",71198,"Assessment Item Allotted Time"
"000906",71366,"Assessment Item Text Complexity Value"
"000907",71367,"Assessment Item Text Complexity System"
"000708",71204,"Assessment Item Minimum Score"
"000707",71203,"Assessment Item Maximum Score"
"000969",72855,"Assessment Item Response Security Issue"
"000905",71365,"Assessment Item Possible Response Sequence Number"
"000908",71368,"Assessment Item Possible Response Value"
"001269",72128,"Assessment Item Possible Response Option"
"001217",71628,"Assessment Item Possible Response Correct Indicator"
"000904",71364,"Assessment Item Possible Response Feedback Message"
"000959",71418,"Assessment Item Response Start Date"
"000958",71417,"Assessment Item Response Start Time"
"000957",71416,"Assessment Item Response First Attempt Duration"
"000402",71920,"Assessment Item Response Duration"
"000406",71223,"Assessment Item Response Aid Set Used"
"000393",71919,"Assessment Item Response Choice Pattern"
"000955",71414,"Assessment Item Response Hint Count"
"000956",71415,"Assessment Item Response Hint Included Answer"
"000405",71222,"Assessment Item Response Status"
"001063",71504,"Assessment Item Response Value"
"001538",73790,"Assessment Item Response Score Status"
"000724",71226,"Assessment Item Response Score Value"
"000573",71225,"Proficiency Status"
"000954",71413,"Assessment Item Response Scaffolding Item Flag"
"000891",72342,"Assessment Item Response Descriptive Feedback"
"001537",73786,"Assessment Item Response Descriptive Feedback Date"
"001545",73817,"Assessment Result Descriptive Feedback Date Time"
"001251",72092,"Assessment Item Response Theory Parameter A"
"001252",72094,"Assessment Item Response Theory Parameter B"
"001253",72096,"Assessment Item Response Theory Parameter Difficulty Category"
"001254",72098,"Assessment Item Response Theory Parameter C"
"001255",72100,"Assessment Item Response Theory Parameter D1"
"001256",72102,"Assessment Item Response Theory Parameter D2"
"001257",72104,"Assessment Item Response Theory Parameter D3"
"001258",72106,"Assessment Item Response Theory Parameter D4"
"001259",72108,"Assessment Item Response Theory Parameter D5"
"001260",72110,"Assessment Item Response Theory Parameter D6"
"001262",73026,"Assessment Item Response Theory Point Biserial Correlation Value"
"001264",72118,"Assessment Item Response Theory DIF Value"
"001265",72120,"Assessment Item Response Theory Kappa Value"
"001266",72122,"Assessment Item Response Theory Kappa Algorithm"
"001102",71520,"Assessment Item Body Custom Interaction XML"
"000709",71205,"Assessment Item Characteristic Value"
"000392",71195,"Assessment Item Characteristic Type"
"000422",72419,"Rubric Identifier"
"000421",72418,"Rubric Title"
"001479",73407,"Rubric Description"
"000423",72420,"Rubric URL Reference"
"001477",73401,"Rubric Criterion Title"
"001470",73379,"Rubric Criterion Description"
"001469",73376,"Rubric Criterion Category"
"001476",73398,"Rubric Criterion Position"
"001471",73382,"Rubric Criterion Level Description"
"001472",73386,"Rubric Criterion Level Feedback"
"001473",73389,"Rubric Criterion Level Position"
"001474",73392,"Rubric Criterion Level Quality Label"
"001475",73395,"Rubric Criterion Level Score"
"001478",73404,"Rubric Criterion Weight"
"001139",71553,"Assessment Item Adaptive Indicator"
"001138",71552,"Assessment Item APIP Item Body XML"
"001137",71551,"Assessment Item APIP Modal Feedback XML"
"001134",71548,"Assessment Item APIP Outcome Declaration XML"
"001133",71547,"Assessment Item APIP Response Declaration XML"
"001131",71545,"Assessment Item APIP Response Processing Template URL"
"001132",71546,"Assessment Item APIP Response Processing XML"
"001135",71549,"Assessment Item APIP Template Declaration XML"
"001136",71550,"Assessment Item APIP Template Processing XML"
"001284",73067,"Assessment Item Result XML"
"001529",73765,"APIP Interaction Sequence Number"
"001123",71540,"Assessment Item Body Associate Interaction XML"
"001112",71530,"Assessment Item Body Choice Interaction XML"
"001103",71521,"Assessment Item Body Drawing Interaction XML"
"001121",71538,"Assessment Item Body End Attempt Interaction XML"
"001120",71537,"Assessment Item Body Extended Text Interaction XML"
"001104",71522,"Assessment Item Body Gap Match Interaction XML"
"001106",71524,"Assessment Item Body Graphic Gap Match Interaction XML"
"001108",71526,"Assessment Item Body Graphic Order Interaction XML"
"001107",71525,"Assessment Item Body Hot Spot Interaction XML"
"001116",71533,"Assessment Item Body Hottext Interaction XML"
"001114",71531,"Assessment Item Body Inline Choice Interaction XML"
"001105",71523,"Assessment Item Body Match Interaction XML"
"001115",71532,"Assessment Item Body Media Interaction XML"
"001117",71534,"Assessment Item Body Order Interaction XML"
"001118",71535,"Assessment Item Body Position Object Interaction XML"
"001110",71528,"Assessment Item Body Select Point Interaction"
"001109",71527,"Assessment Item Body Select Point Interaction XML"
"001111",71529,"Assessment Item Body Slider Interaction XML"
"001119",71536,"Assessment Item Body Text Entry Interaction XML"
"001222",71539,"Assessment Item Body Upload Interaction XML"
"001158",72703,"Assessment Item Interaction Type"
"001198",71567,"Assessment Asset Identifier"
"001199",71568,"Assessment Asset Identifier Type"
"001200",71569,"Assessment Asset Name"
"001196",71565,"Assessment Asset Type"
"001195",71563,"Assessment Asset Version"
"001201",71570,"Assessment Asset Owner"
"001197",71566,"Assessment Asset Published Date"
"001204",71573,"Assessment Asset Content URL"
"001202",71571,"Assessment Asset Content XML"
"001203",71572,"Assessment Asset Content Mime Type"
"000021",73767,"Assessment Academic Subject"
"000177",73800,"Assessment Level for Which Designed"
"000317",71598,"ISO 639-2 Language Code"
"001637",74217,"ISO 639-3 Language Code"
"001638",74224,"ISO 639-5 Language Family"
"000422",72942,"Rubric Identifier"
"000421",72941,"Rubric Title"
"001479",73408,"Rubric Description"
"000423",72945,"Rubric URL Reference"
"001477",73402,"Rubric Criterion Title"
"001470",73380,"Rubric Criterion Description"
"001469",73377,"Rubric Criterion Category"
"001476",73399,"Rubric Criterion Position"
"001471",73383,"Rubric Criterion Level Description"
"001472",73387,"Rubric Criterion Level Feedback"
"001473",73390,"Rubric Criterion Level Position"
"001474",73393,"Rubric Criterion Level Quality Label"
"001475",73396,"Rubric Criterion Level Score"
"001478",73405,"Rubric Criterion Weight"
"000367",71210,"Assessment Subtest Identifier"
"001014",71452,"Assessment Subtest Identifier Type"
"000275",71209,"Assessment Subtest Title"
"000368",71211,"Assessment Subtest Abbreviation"
"000274",71208,"Assessment Subtest Description"
"000388",71213,"Assessment Subtest Version"
"000177",73798,"Assessment Level for Which Designed"
"001000",74304,"Assessment Early Learning Developmental Domain"
"001091",71507,"Assessment Subtest Published Date"
"000395",71214,"Assessment Subtest Minimum Value"
"000396",71215,"Assessment Subtest Maximum Value"
"000397",71216,"Assessment Subtest Optimal Value"
"000021",71206,"Assessment Academic Subject"
"000605",71217,"Assessment Content Standard Type"
"000026",71207,"Assessment Purpose"
"000719",71218,"Assessment Subtest Rules"
"001214",71625,"Assessment Form Subtest Tier"
"001215",71626,"Assessment Form Subtest Container Only"
"000369",71212,"Assessment Score Metric Type"
"000717",74706,"Assessment Performance Level Identifier"
"000718",74707,"Assessment Performance Level Label"
"000418",74704,"Assessment Performance Level Lower Cut Score"
"000419",74705,"Assessment Performance Level Upper Cut Score"
"000417",74703,"Assessment Performance Level Score Metric"
"001218",74708,"Assessment Performance Level Descriptive Feedback"
"001007",71446,"Assessment Result Preliminary Indicator"
"000245",71227,"Assessment Result Score Value"
"001543",73813,"Assessment Result Data Type"
"001547",73822,"Assessment Result Score Type"
"001546",73820,"Assessment Result Score Standard Error"
"001009",71448,"Assessment Result Number of Responses"
"000890",72341,"Assessment Result Descriptive Feedback"
"001092",71508,"Assessment Result Descriptive Feedback Source"
"001545",74118,"Assessment Result Descriptive Feedback Date Time"
"000369",71515,"Assessment Score Metric Type"
"000970",71422,"Assessment Result Date Updated"
"000971",71423,"Assessment Result Date Created"
"001219",72844,"Assessment Result Diagnostic Statement"
"000572",71224,"Assessment Result Pretest Outcome"
"001008",71447,"Diagnostic Statement Source"
"000370",73027,"Instructional Recommendation"
"000115",73860,"First Name"
"000172",73864,"Last or Surname"
"001572",73911,"Person Identifier"
"001571",73906,"Person Identification System"
"000717",74700,"Assessment Performance Level Identifier"
"000718",74701,"Assessment Performance Level Label"
"000418",74698,"Assessment Performance Level Lower Cut Score"
"000419",74699,"Assessment Performance Level Upper Cut Score"
"000417",74697,"Assessment Performance Level Score Metric"
"001218",74702,"Assessment Performance Level Descriptive Feedback"
"001055",71496,"Assessment Registration Testing Indicator"
"000365",73785,"Assessment Identification System"
"001017",71455,"Assessment Registration Creation Date"
"001016",71454,"Assessment Registration Retest Indicator"
"001162",72477,"Assessment Registration Test Attempt Identifier"
"000383",71220,"Assessment Accommodation Category"
"001157",72701,"Accessibility Feature Other Description"
"001069",71588,"School Identifier"
"001073",71585,"School Identification System"
"001068",71594,"Local Education Agency Identifier"
"001072",71591,"Local Education Agency Identification System"
"001490",73921,"State Agency Identifier"
"001491",73920,"State Agency Identification System"
"000366",73781,"Assessment Form Number"
"000889",72340,"Assessment Registration Assignor Identifier"
"001057",71498,"Assessment Registration Grade Level to Be Assessed"
"001015",71453,"Assessment Registration Days of Instruction"
"000025",71185,"Assessment Registration Participation Indicator"
"000386",73806,"Assessment Participant Session Platform Type"
"000126",71219,"Grade Level When Assessed"
"001541",73808,"Assessment Registration Completion Status"
"001542",73810,"Assessment Registration Completion Status Date Time"
"000540",71221,"Assessment Registration Reason Not Completing"
"000228",73028,"Reason Not Tested"
"001056",71497,"Assessment Registration Score Publish Date"
"001763",74991,"School Full Academic Year"
"001762",74972,"LEA Full Academic Year"
"001761",74994,"State Full Academic Year"
"001067",76015,"Assessment Identifier"
"001023",71463,"Assessment Need Language Type"
"001127",71541,"Assessment Need Type"
"001005",71444,"Assessment Personal Needs Profile Activate by Default"
"001004",71443,"Assessment Personal Needs Profile Assigned Support"
"001041",71482,"Assessment Need Alternative Representation Type"
"001045",71486,"Assessment Need Directions Only"
"001024",71464,"Assessment Need Hazard Type"
"001038",71479,"Assessment Need Item Translation Display Language Type"
"001039",71480,"Assessment Need Keyword Translation Language Type"
"001025",71465,"Assessment Need Support Tool Type"
"001044",71485,"Assessment Need User Spoken Preference Type"
"001049",71490,"Assessment Need Time Multiplier"
"001034",71475,"Assessment Need Number of Braille Cells"
"001033",71474,"Assessment Need Number of Braille Dots Type"
"001036",71477,"Assessment Need Braille Dot Pressure"
"001032",71473,"Assessment Need Braille Grade Type"
"001035",71476,"Assessment Need Braille Mark Type"
"001037",71478,"Assessment Need Braille Status Cell Type"
"001030",71471,"Assessment Need Invert Color Choice"
"001050",71491,"Assessment Need Line Reader Highlight Color"
"001027",71467,"Assessment Need Link Indication Type"
"001031",71472,"Assessment Need Magnification"
"001046",71487,"Assessment Need Masking Type"
"001087",71469,"Assessment Need Pitch"
"001043",71484,"Assessment Need Read at Start Preference"
"001040",71481,"Assessment Need Signing Type"
"001048",71489,"Assessment Need Sound File URL"
"001028",71468,"Assessment Need Speech Rate"
"001042",71483,"Assessment Need Spoken Source Preference Type"
"001029",71470,"Assessment Need Volume"
"001047",71488,"Assessment Need Text Messaging String"
"001026",71466,"Assessment Need Usage Type"
"001053",71494,"Assessment Need Background Color"
"001052",71493,"Assessment Need Foreground Color"
"001054",71495,"Assessment Need Increased Whitespacing Type"
"001051",71492,"Assessment Need Overlay Color"
"001067",71542,"Assessment Identifier"
"000365",71183,"Assessment Identification System"
"000961",72849,"Assessment Administration Code"
"000977",71429,"Assessment Administration Name"
"000963",72854,"Assessment Administration Start Time"
"000965",72851,"Assessment Administration Finish Time"
"000962",72853,"Assessment Administration Start Date"
"000964",72850,"Assessment Administration Finish Date"
"000967",72848,"Assessment Administration Assessment Family"
"001069",71590,"School Identifier"
"001073",71587,"School Identification System"
"001068",71596,"Local Education Agency Identifier"
"001072",71593,"Local Education Agency Identification System"
"000966",72852,"Assessment Administration Organization Name"
"001531",74114,"Assessment Administration Period Description"
"000384",71187,"Assessment Secure Indicator"
"001018",71456,"Assessment Session Type"
"000597",71441,"Assessment Session Location"
"001069",71589,"School Identifier"
"001073",71586,"School Identification System"
"001068",71595,"Local Education Agency Identifier"
"001072",71592,"Local Education Agency Identification System"
"001019",71457,"Assessment Session Scheduled Start Date Time"
"001020",71458,"Assessment Session Scheduled End Date Time"
"000408",71189,"Assessment Session Allotted Time"
"001021",71459,"Assessment Session Actual Start Date Time"
"001022",71461,"Assessment Session Actual End Date Time"
"000410",71921,"Assessment Session Administrator Identifier"
"000411",71190,"Assessment Session Proctor Identifier"
"001212",71622,"Assessment Session Staff Role Type"
"000389",72846,"Assessment Session Special Circumstance Type"
"001093",71518,"Assessment Session Special Event Description"
"000968",71421,"Assessment Session Security Issue"
"000717",71253,"Assessment Performance Level Identifier"
"000718",71254,"Assessment Performance Level Label"
"000418",71251,"Assessment Performance Level Lower Cut Score"
"000419",71252,"Assessment Performance Level Upper Cut Score"
"000417",71250,"Assessment Performance Level Score Metric"
"001218",72843,"Assessment Performance Level Descriptive Feedback"
"001540",73804,"Assessment Participant Session GUID"
"001539",73802,"Assessment Participant Session Database Name"
"001021",71460,"Assessment Session Actual Start Date Time"
"001022",71462,"Assessment Session Actual End Date Time"
"001003",71442,"Assessment Participant Session Delivery Device Details"
"000597",71922,"Assessment Session Location"
"000386",71188,"Assessment Participant Session Platform Type"
"001152",72473,"Assessment Participant Session Platform User Agent"
"000371",71918,"Assessment Participant Session Language"
"000383",71833,"Assessment Accommodation Category"
"000385",72355,"Accessibility Feature Type"
"001157",72702,"Accessibility Feature Other Description"
"000407",71835,"Assessment Participant Session Time Assessed"
"001130",71544,"Assessment Participant Session Security Issue"
"000968",71516,"Assessment Session Security Issue"
"000389",72847,"Assessment Session Special Circumstance Type"
"001093",71517,"Assessment Session Special Event Description"
"002167",76702,"Accessibility Feature Application Type"
"002168",76704,"Accessibility Feature Category"
"002169",76706,"Accessibility Feature Delivery Method"
"002170",76708,"Accessibility Feature Embedded Indicator"
"002171",76710,"Accessibility Feature Language Type"
"001157",76544,"Accessibility Feature Other Description"
"002172",76712,"Accessibility Feature Pauses the Clock Indicator"
"002173",76714,"Accessibility Feature Relationship Type"
"000385",76537,"Accessibility Feature Type"
"002142",76652,"Adaptive and Specialized Equipment or Furniture Description"
"002143",76654,"Adaptive Calculator Type"
"002144",76656,"Alternate Response Option Type"
"002174",76716,"Assessment Component Type"
"002155",76678,"Assessment Extended Time Duration"
"002156",76680,"Assessment Extended Time Type"
"002146",76660,"Braille Access Type"
"002147",76662,"Braille Application Type"
"002148",76664,"Braille Code Type"
"002149",76666,"Braille Version Type"
"002150",76668,"Break Duration"
"002151",76670,"Break Location Type"
"002152",76672,"Break Type"
"002153",76674,"Calculator Type"
"002154",76676,"Display Format Adjustment Type"
"002159",76686,"Group Size Range Maximum"
"002158",76684,"Group Size Range Minimum"
"002157",76682,"Group Size Type"
"002160",76688,"Medical Support Type"
"002161",76690,"Read Aloud Type"
"002162",76692,"Reference Sheet Type"
"002163",76694,"Setting Type"
"002164",76696,"Signed Administration Delivery Method"
"002145",76658,"Signed Administration Type"
"002165",76698,"Tactile Medium Type"
"002166",76700,"Translation Presentation Type"
"001067",74811,"Assessment Identifier"
"000365",74781,"Assessment Identification System"
"001734",74883,"Credential Advanced Standing Description"
"001735",74884,"Credential Advanced Standing URL"
"001163",74814,"Credential Award Start Date"
"001164",74815,"Credential Award End Date"
"001664",74889,"Credential Completion Date"
"001737",74887,"Credential Award Approver Name"
"001669",74888,"Credential Award Evidence URL"
"000898",74805,"Credential Award Issuer Name"
"000900",74806,"Credential Award Issuer Origin URL"
"000901",74807,"Credential Evidence Statement"
"001751",74904,"Credential Revoked Indicator"
"001660",74903,"Credential Revoked Date"
"001661",74905,"Credential Revoked Reason"
"000199",74774,"Number of Credits Attempted"
"000200",74775,"Number of Credits Earned"
"001662",75160,"Credential Issuer Revocation List URL"
"001085",75496,"Adult Education Certification Type"
"001429",75497,"Professional Certificate or License Number"
"002081",76025,"Credential Award Relationship"
"001572",74846,"Person Identifier"
"001571",74837,"Person Identification System"
"000826",74796,"Organization Identifier"
"000827",74799,"Organization Identification System"
"001755",74910,"CTDL Organization Type"
"000805",75498,"State Issuing Professional Credential or License"
"001572",74847,"Person Identifier"
"001571",74838,"Person Identification System"
"000826",74797,"Organization Identifier"
"000827",74800,"Organization Identification System"
"001755",74911,"CTDL Organization Type"
"001914",75188,"Credential Definition Agent Role Type"
"001658",74891,"Credential Definition Identifier"
"001739",74892,"Credential Definition Identifier System"
"000893",74163,"Credential Definition Title"
"000895",74165,"Credential Definition Description"
"001736",74885,"Credential Definition Alternate Name"
"001754",74909,"Credential Definition Version"
"001245",74162,"Credential Definition Category System"
"000892",74158,"Credential Definition Category Type"
"001740",74906,"Credential Definition Status Type"
"001749",74893,"Credential Definition Intended Purpose Type"
"001738",74886,"Credential Definition Assessment Method Type"
"000896",74166,"Credential Definition Criteria"
"001153",74159,"Credential Definition Criteria URL"
"001741",74890,"Credential Definition Estimated Duration"
"001748",74901,"Credential Definition Minimum Duration"
"001746",74899,"Credential Definition Maximum Duration"
"001747",74900,"Credential Definition Minimum Age"
"001742",74902,"Credential Definition NAICS Industry Type"
"001753",74908,"Credential Definition Verification Type"
"001743",74896,"Credential Definition Jurisdiction Region"
"001744",74897,"Credential Definition Jurisdiction Region Exception"
"001745",74898,"Credential Definition Keywords"
"001752",74907,"Credential Definition Validation Method Description"
"001064",74810,"Employment NAICS Code"
"001288",74822,"Career Cluster"
"000043",74770,"Classification of Instructional Program Code"
"000874",74802,"Competency Definition URL"
"001756",74973,"O*NET-SOC Occupation Type"
"000894",74164,"Credential Image URL"
"001910",75186,"Credential Definition Date Effective"
"001913",75187,"CTDL Audience Level Type"
"001953",75499,"Credential Definition Terminal Degree Indicator"
"000045",76026,"Classification of Instructional Program Version"
"000071",76027,"Credential Type"
"002083",76028,"High Grade Level"
"002082",76029,"Low Grade Level"
"001658",75161,"Credential Definition Identifier"
"001739",75162,"Credential Definition Identifier System"
"000827",75163,"Organization Identification System"
"000826",75164,"Organization Identifier"
"001912",75189,"Credential Offered End Date"
"001911",75190,"Credential Offered Start Date"
"000693",71228,"Competency Framework Identifier URI"
"000697",71232,"Competency Framework Description"
"000700",71235,"Competency Framework Valid Start Date"
"000701",71236,"Competency Framework Valid End Date"
"000699",71234,"Competency Framework Jurisdiction"
"000702",71237,"Competency Framework Subject"
"000694",71229,"Competency Framework Title"
"000695",71230,"Competency Framework Version"
"000880",72331,"Competency Framework Language"
"000882",72333,"Competency Framework License"
"000696",71231,"Competency Framework Creator"
"001569",73901,"Competency Framework Publication Date"
"000698",71233,"Competency Framework Publication Status"
"000884",72335,"Competency Framework Publisher"
"000885",72336,"Competency Framework Rights"
"000886",72337,"Competency Framework Rights Holder"
"001907",75185,"Competency Framework Source URL"
"000689",71238,"Competency Definition Identifier"
"000690",71239,"Competency Definition Statement"
"000715",71242,"Competency Definition Prerequisite Identifier"
"000874",72325,"Competency Definition URL"
"000692",71241,"Competency Definition Code"
"000872",72322,"Competency Definition Parent Identifier"
"000873",72324,"Competency Definition Parent Code"
"001094",71519,"Competency Definition Parent URL"
"000725",71243,"Competency Definition Education Level"
"001525",73682,"Competency Definition Current Version Indicator"
"001524",73679,"Competency Definition Previous Version Identifier"
"001250",71723,"Competency Definition Version"
"000691",71240,"Competency Definition Type"
"001757",74874,"Competency Definition Type URL"
"001411",73512,"Competency Definition Testability Type"
"000875",72326,"Competency Definition Blooms Taxonomy Domain"
"000887",72338,"Competency Definition Concept Keyword"
"000888",72339,"Competency Definition Concept Term"
"000881",72332,"Competency Definition Language"
"000883",72334,"Competency Definition License"
"000876",72327,"Competency Definition Multiple Intelligence"
"001409",73510,"Competency Definition Short Name"
"001408",73509,"Competency Definition Node Accessibility Profile"
"001249",71722,"Competency Definition Notes"
"000910",71369,"Competency Definition Text Complexity System"
"001154",72699,"Competency Definition Text Complexity Minimum Value"
"001155",72700,"Competency Definition Text Complexity Maximum Value"
"000693",74997,"Competency Framework Identifier URI"
"001570",75159,"Competency Definition Sequence"
"001909",75182,"Competency Definition Typical Age Range Maximum"
"001908",75183,"Competency Definition Typical Age Range Minimum"
"001907",75184,"Competency Framework Source URL"
"001511",75199,"Competency Definition Valid End Date"
"001512",75200,"Competency Definition Valid Start Date"
"000871",72323,"Competency Association Identifier URI"
"000869",72320,"Competency Association Type"
"001402",73503,"Competency Association Connection Citation"
"001403",73504,"Competency Association Destination Node Name"
"001404",73505,"Competency Association Destination Node URI"
"001405",73506,"Competency Association Origin Node Name"
"001406",73507,"Competency Association Origin Node URI"
"001407",73508,"Competency Association Weight"
"000877",72328,"Competency Set Completion Criteria"
"000878",72329,"Competency Set Completion Criteria Threshold"
"000912",71371,"Learning Resource Title"
"000928",71387,"Learning Resource Type"
"001143",72346,"Learning Resource Description"
"001216",71627,"Learning Resource Version"
"000911",71370,"Learning Resource URL"
"001392",73251,"Learning Resource Adaptation URL"
"001398",73275,"Learning Resource Adapted From URL"
"000922",71381,"Learning Resource Based on URL"
"001389",73241,"Learning Resource Access API Type"
"001390",73245,"Learning Resource Access Hazard Type"
"001391",73247,"Learning Resource Access Mode Type"
"001561",73893,"Learning Resource Access Rights URL"
"001393",73255,"Learning Resource Assistive Technologies Compatible Indicator"
"001394",73259,"Learning Resource Book Format Type"
"000879",72330,"Learning Resource Competency Alignment Type"
"001146",72349,"Learning Resource Concept Keyword"
"001395",73263,"Learning Resource Control Flexibility Type"
"001144",72347,"Learning Resource Copyright Holder Name"
"001396",73267,"Learning Resource Digital Media Sub Type"
"001397",73271,"Learning Resource Digital Media Type"
"001401",73289,"Learning Resource Physical Media Type"
"001399",73279,"Learning Resource Media Feature Type"
"001246",71716,"Learning Resource Education Level "
"000925",71384,"Learning Resource Typical Age Range Minimum"
"000926",71385,"Learning Resource Typical Age Range Maximum"
"000923",71382,"Learning Resource Intended End User Role"
"001002",72698,"Learning Resource Educational Use"
"001565",73897,"Learning Resource Interaction Mode"
"000927",71386,"Learning Resource Interactivity Type"
"000919",71378,"Learning Resource Language"
"000914",71373,"Learning Resource Subject Code"
"000915",71374,"Learning Resource Subject Code System"
"000913",71372,"Learning Resource Subject Name"
"000930",71389,"Learning Resource Text Complexity System"
"000929",71388,"Learning Resource Text Complexity Value"
"000924",71383,"Learning Resource Time Required"
"000921",71380,"Learning Resource License URL"
"000917",71376,"Learning Resource Creator"
"000916",71375,"Learning Resource Date Created"
"001564",73896,"Learning Resource Date Modified"
"001566",73898,"Learning Resource Author Email"
"001562",73894,"Learning Resource Author Type"
"001563",73895,"Learning Resource Author URL"
"001567",73899,"Learning Resource Publisher Email"
"000918",71377,"Learning Resource Publisher Name"
"001568",73900,"Learning Resource Publisher URL"
"001145",72348,"Learning Resource Copyright Year"
"001288",73824,"Career Cluster"
"000871",73659,"Competency Association Identifier URI"
"000869",73565,"Competency Association Type"
"002088",76338,"Accessible Format Issued Indicator"
"002089",76339,"Accessible Format Type"
"002032",76340,"High Quality Instructional Material Indicator"
"002028",76341,"Learning Resource Identification System"
"002027",76342,"Learning Resource Identifier"
"002093",76343,"Learning Resource Issued Date"
"002095",76344,"Learning Resource Ordered Date"
"002094",76345,"Learning Resource Received Date"
"002031",76346,"Learning Resource Status"
"002033",76347,"Learning Resource Status Quantity"
"001517",76348,"School Courses for the Exchange of Data Course Code"
"001518",76349,"School Courses for the Exchange of Data Course Subject Area"
"001228",76350,"Status End Date"
"001227",76351,"Status Start Date"
"002128",76586,"Accessible Format Provider Type "
"001400",73285,"Learning Resource Peer Rating Sample Size"
"001148",72351,"Learning Resource Peer Rating Value"
"001167",71004,"Peer Rating Date"
"001147",72350,"Peer Rating System Name"
"001150",72353,"Peer Rating System Minimum Value"
"001149",72352,"Peer Rating System Maximum Value"
"001151",72354,"Peer Rating System Optimum Value"
"001750",74998,"Organization Region GeoJSON"
"000504",70867,"Facilities Identifier"
"000204",71599,"Organization Name"
"000826",71600,"Organization Identifier"
"000827",71601,"Organization Identification System"
"001205",71609,"Facility Building Name"
"001156",75001,"Organization Type"
"001776",75082,"Building Addition Code"
"001775",75083,"Building Addition Description"
"001764",75084,"Building Area"
"001772",75085,"Building Historic Status"
"001785",75086,"Building Number of Stories"
"001777",75087,"Building Primary Use Type"
