Essential Question,Domain,Type,Sector,Indicator,Metric,Data Element,Ed-Fi Availability,Ed-Fi Data Element Path,CEDS Availability,CEDS Data Element Path V11,CEDS Data Element Path V13,Other Data Sources,Data Capture Method,Data Status,Notes,Classification,CEDS Queries V11,CEDS Queries V13,Column 2,Column 21,Column 4,Column 5,Column 6,Column 7,Column 8
1. Do students and families have access to adequate public supports and neighborhood conditions to enable them to succeed academically and in the workforce?,Cross-Domain,AdjacentSystemConditions,"PK, K12, PS, WF",Childhood experience,Percentage of individuals with fewer than three ACEs,Number of ACEs,Not Found,N/A,,,,Adverse Childhood Experiences,,,,,,,,,,,,,
1. Do students and families have access to adequate public supports and neighborhood conditions to enable them to succeed academically and in the workforce?,Cross-Domain,AdjacentSystemConditions,"PK, K12, PS, WF",Health insurance coverage,Percentage of individuals with health insurance,Insured status,Not Found,N/A,,,,,Automated,Available,The U.S. Census Bureau Small Area Health Insurance Estimates dashboard (linked here) provides estimates on percentage of individuals insured by state and county.,,,,,,,,,,
1. Do students and families have access to adequate public supports and neighborhood conditions to enable them to succeed academically and in the workforce?,Cross-Domain,AdjacentSystemConditions,"PK, K12, PS, WF",Health insurance coverage,Percentage of eligible individuals (children or adults) enrolled in Medicaid or CHIP,Medicaid eligibility status,Not Found,N/A,,,,,Manual,Not Available,,,,,,,,,,,
1. Do students and families have access to adequate public supports and neighborhood conditions to enable them to succeed academically and in the workforce?,Cross-Domain,AdjacentSystemConditions,"PK, K12, PS, WF",Health insurance coverage,Percentage of eligible individuals (children or adults) enrolled in Medicaid or CHIP,Medicaid enrollment,Not Found,N/A,,,,,Automated,Available,Medicaid & CHIP Enrollment Data Highlights,,,,,,,,,,
1. Do students and families have access to adequate public supports and neighborhood conditions to enable them to succeed academically and in the workforce?,Cross-Domain,AdjacentSystemConditions,"PK, K12, PS, WF",Health insurance coverage,Percentage of eligible individuals (children or adults) enrolled in Medicaid or CHIP,CHIP eligibility status,Not Found,N/A,,,,,Manual,Not Available,,,,,,,,,,,
1. Do students and families have access to adequate public supports and neighborhood conditions to enable them to succeed academically and in the workforce?,Cross-Domain,AdjacentSystemConditions,"PK, K12, PS, WF",Health insurance coverage,Percentage of eligible individuals (children or adults) enrolled in Medicaid or CHIP,CHIP enrollment,Not Found,N/A,,,,,Automated,Available,Medicaid & CHIP Enrollment Data Highlights,,,,,,,,,,
1. Do students and families have access to adequate public supports and neighborhood conditions to enable them to succeed academically and in the workforce?,Cross-Domain,AdjacentSystemConditions,"PK, K12, PS, WF",Food Security,"Percentage of individuals with high or marginal food security, as measured by the U.S. Department of Agriculture’s (USDA) Food Security Survey Module",Rating on USDA Food Security Survey module,Not Found,N/A,,,,,,,,,,,,,,,,,
1. Do students and families have access to adequate public supports and neighborhood conditions to enable them to succeed academically and in the workforce?,Cross-Domain,AdjacentSystemConditions,"PK, K12, PS, WF",Food Security,Percentage of eligible individuals participating in SNAP,SNAP eligibility,Not Found,N/A,,,,,,,,,,,,,,,,,
1. Do students and families have access to adequate public supports and neighborhood conditions to enable them to succeed academically and in the workforce?,Cross-Domain,AdjacentSystemConditions,"PK, K12, PS, WF",Food Security,Percentage of eligible individuals participating in SNAP,SNAP participation,Not Found,N/A,,,,,,,,,,,,,,,,,
1. Do students and families have access to adequate public supports and neighborhood conditions to enable them to succeed academically and in the workforce?,Cross-Domain,AdjacentSystemConditions,"PK, K12, PS, WF",Food Security,"Percentage of individuals living in a census track with low access to healthy food, as defined by the USDA’s Food Access Research Atlas",USDA Food Access Research Atlas Access Level Flag,Not Found,N/A,,,,,,,,,,,,,,,,,
1. Do students and families have access to adequate public supports and neighborhood conditions to enable them to succeed academically and in the workforce?,Cross-Domain,AdjacentSystemConditions,"PK, K12, PS, WF",Access to affordable housing,Ratio of (1) the number of affordable housing units to (2) the number of households with low and very low incomes in an area (city or county),Number of affordable housing units in city or county,Not Found,N/A,,,,,Semi-Automated,Partially Available,Data are available through the U.S. Census Bureau American Community Survey (ACS) and ACS Public Use Microdata Sample (PUMS). An example report that uses those data to report on gaps in affordable housing in Alabama is linked here.,,,,,,,,,,
1. Do students and families have access to adequate public supports and neighborhood conditions to enable them to succeed academically and in the workforce?,Cross-Domain,AdjacentSystemConditions,"PK, K12, PS, WF",Access to affordable housing,Ratio of (1) the number of affordable housing units to (2) the number of households with low and very low incomes in an area (city or county),Number of households with low income in city or county,Not Found,N/A,,,,,Automated,Available,Data available from the U.S. Census Bureau: Annual Social and Economic Supplement (ASEC) of the Current Population Survey (CPS); American Community Survey (ACS) 1-year Estimates.,,,,,,,,,,
1. Do students and families have access to adequate public supports and neighborhood conditions to enable them to succeed academically and in the workforce?,Cross-Domain,AdjacentSystemConditions,"PK, K12, PS, WF",Access to affordable housing,Ratio of (1) the number of affordable housing units to (2) the number of households with low and very low incomes in an area (city or county),Number of households with very low income in city or county,Not Found,N/A,,,,,Automated,Available,Data available from the U.S. Census Bureau: Annual Social and Economic Supplement (ASEC) of the Current Population Survey (CPS); American Community Survey (ACS) 1-year Estimates.,,,,,,,,,,
1. Do students and families have access to adequate public supports and neighborhood conditions to enable them to succeed academically and in the workforce?,Cross-Domain,AdjacentSystemConditions,"PK, K12, PS, WF",Access to affordable housing,Percentage of eligible households receiving federal rental assistance,Eligibility for federal rental assistance,Not Found,N/A,,,,,Semi-Automated,Partially Available,"The Center on Budget and Policy Priorities' Federal Rental Assistance Fact Sheets (linked here) note the federal sources from which it draws data to make its calculations: ""We also estimated the unmet need for housing assistance among all low-income households using the American Community Survey."" While not a direct measure of eligibility, it does estimate need",,,,,,,,,,
1. Do students and families have access to adequate public supports and neighborhood conditions to enable them to succeed academically and in the workforce?,Cross-Domain,AdjacentSystemConditions,"PK, K12, PS, WF",Access to affordable housing,Percentage of eligible households receiving federal rental assistance,Receipt of federal rental assistance,Not Found,N/A,,,,,Semi-Automated,Partially Available,"U.S. Department of Housing and Urban Development publishes data on Subsidized Households including numbers of subsidized housing units, the number of occupied units, and demographic information about the people who occupy them.",,,,,,,,,,
1. Do students and families have access to adequate public supports and neighborhood conditions to enable them to succeed academically and in the workforce?,Cross-Domain,AdjacentSystemConditions,"PK, K12, PS, WF",Access to technology,Percentage of individuals who have both (1) access to at least one desktop or laptop computer owned by someone in the home and (2) reliable broadband Internet,Indicator of access to desktop or laptop at home,Found for K12,studentEducationOrganizationAssociation.PrimaryLearningDeviceAwayFromSchoolDescriptor,,,,,Automated,Available,"Data available from the U.S. Census Bureau, American Community Survey (ACS) and the Current Population Survey (CPS). (Example linked here)",,,,,,,,,,
1. Do students and families have access to adequate public supports and neighborhood conditions to enable them to succeed academically and in the workforce?,Cross-Domain,AdjacentSystemConditions,"PK, K12, PS, WF",Access to technology,Percentage of individuals who have both (1) access to at least one desktop or laptop computer owned by someone in the home and (2) reliable broadband Internet,Indicator of access to reliable broadband internet,Found for K12,"studentEducationOrganizationAssociation.InternetAccessInResidence, studentEducationOrganizationAssociation.InternetPerformanceInResidenceDescriptor",,,,,Automated,Available,"Data available from the U.S. Census Bureau, American Community Survey (ACS) and the Current Population Survey (CPS). (Example linked here)",,,,,,,,,,
1. Do students and families have access to adequate public supports and neighborhood conditions to enable them to succeed academically and in the workforce?,Cross-Domain,AdjacentSystemConditions,"PK, K12, PS, WF",Access to transportation,"Average commute time to work, school, or college",Commute time,Not Found,N/A,,,,,Automated,Available,Data available from the U.S. Census Bureau's American Community Survey (ACS).,,,,,,,,,,
1. Do students and families have access to adequate public supports and neighborhood conditions to enable them to succeed academically and in the workforce?,Cross-Domain,AdjacentSystemConditions,"PK, K12, PS, WF",Access to transportation,"Low Transportation Cost Index, from the U.S. Department of Housing and Urban Development","Low Transportation Cost Index, from the U.S. Department of Housing and Urban Development",Not Found,N/A,,,,,Automated,Available,"Data available from the U.S. Department of Housing and Urban Development""s Low Transportation Cost Index, which derives from the Department's Location Affordability Index (LAI) data. The LAI data are currently based on analysis of the 2012-16 Amerian Community Survey data from the U.S. Census Bureau",Established,,,,,,,,,
1. Do students and families have access to adequate public supports and neighborhood conditions to enable them to succeed academically and in the workforce?,Cross-Domain,AdjacentSystemConditions,"PK, K12, PS, WF",Exposure to neighborhood crime,"Rate of violent felonies and property felonies by city or county (number of incidents per 100,000 residents)",City or county population,Not Found,N/A,,,,,Automated,Available,"The U.S. Census Bureau publishes population estimates at the national, state and local levels.",,,,,,,,,,
1. Do students and families have access to adequate public supports and neighborhood conditions to enable them to succeed academically and in the workforce?,Cross-Domain,AdjacentSystemConditions,"PK, K12, PS, WF",Exposure to neighborhood crime,"Rate of violent felonies and property felonies by city or county (number of incidents per 100,000 residents)",Number of violent felonies in city or county,Not Found,N/A,,,,,Automated,Available,"Inferred. Alabama bases its reports on the FBI's National Incident-Based Reporting System, as part of the FBI's Uniform Crime Reporting Program (linked here).",,,,,,,,,,
1. Do students and families have access to adequate public supports and neighborhood conditions to enable them to succeed academically and in the workforce?,Cross-Domain,AdjacentSystemConditions,"PK, K12, PS, WF",Exposure to neighborhood crime,"Rate of violent felonies and property felonies by city or county (number of incidents per 100,000 residents)",Number of property felonies in city or county,Not Found,N/A,,,,,Automated,Available,"Inferred. Alabama bases its reports on the FBI's National Incident-Based Reporting System, as part of the FBI's Uniform Crime Reporting Program (linked here).",,,,,,,,,,
1. Do students and families have access to adequate public supports and neighborhood conditions to enable them to succeed academically and in the workforce?,Cross-Domain,AdjacentSystemConditions,"PK, K12, PS, WF",Neighborhood economic diversity,Percentage of city or county residents experiencing poverty who live in a high-poverty neighborhood (defined as a neighborhood in which more than 40 percent of residents experience poverty),Number of city or county residents experiencing poverty,Not Found,N/A,,,,,Automated,Available,This information is collected by the U.S. Census Bureau.,,,,,,,,,,
1. Do students and families have access to adequate public supports and neighborhood conditions to enable them to succeed academically and in the workforce?,Cross-Domain,AdjacentSystemConditions,"PK, K12, PS, WF",Neighborhood economic diversity,Percentage of city or county residents experiencing poverty who live in a high-poverty neighborhood (defined as a neighborhood in which more than 40 percent of residents experience poverty),Number of city or county residents living in a high poverty neighborhood,Not Found,N/A,,,,,Automated,Available,This information is collected by the U.S. Census Bureau. Census makes it possible to identify 40% poverty neighborhoods through its Small Area Income and Poverty Estimates (SAIPE--linked here),,,,,,,,,,
1. Do students and families have access to adequate public supports and neighborhood conditions to enable them to succeed academically and in the workforce?,Cross-Domain,AdjacentSystemConditions,"PK, K12, PS, WF",Neighborhood racial diversity,"Percentage of an individual’s neighbors who are members of other racial or ethnic groups, calculated as a Neighborhood Exposure Index",Race/ethnicity,Not Found,N/A,,,,,Automated,Available,The National Insitute of Health collects data on race/ethnicity throughout its census and survey data collections.,,,,,,,,,,
1. Do students and families have access to adequate public supports and neighborhood conditions to enable them to succeed academically and in the workforce?,Cross-Domain,AdjacentSystemConditions,"PK, K12, PS, WF",Neighborhood racial diversity,"Percentage of an individual’s neighbors who are members of other racial or ethnic groups, calculated as a Neighborhood Exposure Index","Geographical indicator (e.g., census tract, city, county)",Not Found,N/A,,,,,Automated,Available,The U.S. Census Bureau collects data by geography,,,,,,,,,,
1. Do students and families have access to adequate public supports and neighborhood conditions to enable them to succeed academically and in the workforce?,Cross-Domain,AdjacentSystemConditions,"PK, K12, PS, WF",Neighborhood juvenile arrests,"Rate of juvenile arrests by city or county (number of arrests per 100,000 residents",City or county population,Not Found,N/A,,,,,Automated,Available,"The U.S. Census Bureau publishes population estimates at the national, state and local levels.",,,,,,,,,,
1. Do students and families have access to adequate public supports and neighborhood conditions to enable them to succeed academically and in the workforce?,Cross-Domain,AdjacentSystemConditions,"PK, K12, PS, WF",Neighborhood juvenile arrests,"Rate of juvenile arrests by city or county (number of arrests per 100,000 residents",Number of juvenile arrests in city or county,Not Found,N/A,,,,,Automated,Available,"Crime.Alabama.gov includes number of juvenile arrests by type, state, and county.",,,,,,,,,,
1. Do students and families have access to adequate public supports and neighborhood conditions to enable them to succeed academically and in the workforce?,Cross-Domain,AdjacentSystemConditions,"PK, K12, PS, WF",Childhood experiences,Percentage of individuals with fewer than three ACEs,Number of ACEs,Not Found,N/A,,,,"National Survey of Children's Health, conducted by the United States Health Resources and Services Administration, Maternal and Child Health Bureau (linked here). Includes questions about ACEs.",Semi-Automated,Partially Available,"Alabama residents were last surveyed about ACEs in 2021 thrugh the Center of Disease Control's Behavioral Risk Factor Surveillance System (BRFSS). As of summer 2025, it is unclear whether there will be future BRFSS surveys. In addition, the National Survey of Children's Health, conducted annually by the United States Health Resources and Services Administration, Maternal and Child Health Bureau (https://www.childhealthdata.org/browse/survey) includes questions about ACEs and produces state-level results for children ages 17 and under.",,,,,,,,,,
"2. Are eligible children enrolled in quality, full-day pre-K programs?",Academic Progress & Completion,Outcomes & Milestones,PK,Enrollment in quality public pre-K,Percentage of eligible 3- and 4-year-olds enrolled in public pre-K,Age (or birth date),Likely not available,Student.BirthData.BirthDate,Found,DimPeople.BirthDate,DimPeople.BirthDate,KIDS COUNT Data Center,Automated,Available,Must be cross referenced with grade level,Low-Hanging Fruit,"select
        'Number of Students (Grade PK)' AS DataElementName,
    'RecordCount' AS CharacteristicType,
        CAST(COUNT(*) AS NVARCHAR(MAX)) AS Value,
    NULL AS Remarks
    from
        RDS.FactK12StudentEnrollments f
       join RDS.DimPeople p on p.DimPersonId = f.K12StudentId
        join RDS.DimGradeLevels g on f.EntryGradeLevelId = g.DimGradeLevelId
    where
         g.GradeLevelCode in ('PK') and p.IsActiveELChild=1","select
        'Number of Students (Grade PK)' AS DataElementName,
    'RecordCount' AS CharacteristicType,
        CAST(COUNT(*) AS NVARCHAR(MAX)) AS Value,
    NULL AS Remarks
    from
        RDS.FactK12StudentEnrollments f
       join RDS.DimPeople_Current p on p.DimPersonId = f.K12StudentId
        join RDS.DimGradeLevels g on f.EntryGradeLevelId = g.DimGradeLevelId
    where
         g.GradeLevelCode in ('PK') and p.IsActiveELChild=1",,,,,,,
"2. Are eligible children enrolled in quality, full-day pre-K programs?",Academic Progress & Completion,Outcomes & Milestones,PK,Enrollment in quality public pre-K,Percentage of eligible 3- and 4-year-olds enrolled in public pre-K,Pre-K eligbility status,Not Found,N/A,Not found,N/A,N/A,,,,,,PK Tables not available in CEDS DWH,PK Tables not available in CEDS DWH,,,,,,,
"2. Are eligible children enrolled in quality, full-day pre-K programs?",Academic Progress & Completion,Outcomes & Milestones,PK,Enrollment in quality public pre-K,Percentage of eligible 3- and 4-year-olds enrolled in public pre-K,Enrollment in public pre-K,Likely not available,"Student.StudentUSI
StudentSchoolAssociation.Student
StudentSchoolAssociation.School
StudentSchoolAssociation.EntryDate
StudentSchoolAssociation.GradeLevelDescriptorId",Not Found,N/A,N/A,,,,,,PK Tables not available in CEDS DWH,PK Tables not available in CEDS DWH,,,,,,,
"2. Are eligible children enrolled in quality, full-day pre-K programs?",Academic Progress & Completion,E-W System Conditions,PK,Enrollment in quality public pre-K,Percentage of public pre-K programs that meet Quality Rating and Improvement Systems (QRIS) state benchmarks of quality,Pre-K program QRIS rating,Not Found,N/A,Not Found,N/A,N/A,,,,,,PK Tables not available in CEDS DWH,PK Tables not available in CEDS DWH,,,,,,,
"2. Are eligible children enrolled in quality, full-day pre-K programs?",Academic Progress & Completion,E-W System Conditions,PK,Enrollment in quality public pre-K,Percentage of public pre-K programs that are six hours per day for five days per week,Pre-K program hours per day,Partial,"GeneralStudentProgramAssociation.Program.ProgramType = 'Prekindergarten - Half Day' or 'Prekindergarten - Full Day', GeneralStudentProgramAssociation.EducationOrganizationId ",,,,,,,,,PK Tables not available in CEDS DWH,PK Tables not available in CEDS DWH,,,,,,,
"2. Are eligible children enrolled in quality, full-day pre-K programs?",Academic Progress & Completion,E-W System Conditions,PK,Enrollment in quality public pre-K,Percentage of public pre-K programs that are six hours per day for five days per week,Pre-K program days per week,Not Found,N/A,,,,,,,,,PK Tables not available in CEDS DWH,PK Tables not available in CEDS DWH,,,,,,,
"2. Are eligible children enrolled in quality, full-day pre-K programs?",Academic Progress & Completion,E-W System Conditions,PK,Enrollment in quality public pre-K,Percentage of eligible families receiving assistance to pay for child care through subsidies,Family eligibility for child care subsidies,Not Found,N/A,,,,,,,,,PK Tables not available in CEDS DWH,PK Tables not available in CEDS DWH,,,,,,,
"2. Are eligible children enrolled in quality, full-day pre-K programs?",Academic Progress & Completion,E-W System Conditions,PK,Enrollment in quality public pre-K,Percentage of eligible families receiving assistance to pay for child care through subsidies,Receipt of child care subsidies,Not Found,N/A,,,,,,,,,PK Tables not available in CEDS DWH,PK Tables not available in CEDS DWH,,,,,,,
"2. Are eligible children enrolled in quality, full-day pre-K programs?",Academic Progress & Completion,E-W System Conditions,PK,Enrollment in quality public pre-K,Percentage of children with identified concerns who are connected to services,Early intervention screening results,Likely not available,"

Assessment.AssessmentIdentifier, StudentAssessmentPerformanceLevel.PerfomanceLevelDescriptorId
PerformanceLevelDescriptor.DescriptorId",,,,,,,,,PK Tables not available in CEDS DWH,PK Tables not available in CEDS DWH,,,,,,,
"2. Are eligible children enrolled in quality, full-day pre-K programs?",Academic Progress & Completion,E-W System Conditions,PK,Enrollment in quality public pre-K,Percentage of children with identified concerns who are connected to services,Early intervention screening outcomes (connection to services),Likely not available,"

Assessment.AssessmentIdentifier, StudentAssessmentPerformanceLevel.PerfomanceLevelDescriptorId
PerformanceLevelDescriptor.DescriptorId",,,,,,,,,PK Tables not available in CEDS DWH,PK Tables not available in CEDS DWH,,,,,,,
"2. Are eligible children enrolled in quality, full-day pre-K programs?",Academic Progress & Completion,E-W System Conditions,PK,Enrollment in quality public pre-K,Percentage of children with identified concerns who are connected to services,Indicator of whether services were provided,Likely not available,"StudentSpecialEducationProgramAssociationSpecialEducationProgramService.SpecialEducationProgramServiceDescriptor, StudentSpecialEducationProgramAssociationSpecialEducationProgramService.ServiceBeginDate",,,,,,,,,PK Tables not available in CEDS DWH,PK Tables not available in CEDS DWH,,,,,,,
"2. Are eligible children enrolled in quality, full-day pre-K programs?",Academic Progress & Completion,E-W System Conditions,PK,Enrollment in quality public pre-K,Percentage of children needing selected special education services in kindergarten who were not identified and connected to services before kindergarten,Early intervention screening results,Likely not available,"

Assessment.AssessmentIdentifier, StudentAssessmentPerformanceLevel.PerfomanceLevelDescriptorId
PerformanceLevelDescriptor.DescriptorId",,,,,,,,,PK Tables not available in CEDS DWH,PK Tables not available in CEDS DWH,,,,,,,
"2. Are eligible children enrolled in quality, full-day pre-K programs?",Academic Progress & Completion,E-W System Conditions,PK,Enrollment in quality public pre-K,Percentage of children needing selected special education services in kindergarten who were not identified and connected to services before kindergarten,Early intervention screening outcomes (connection to services),Likely not available,"

Assessment.AssessmentIdentifier, StudentAssessmentPerformanceLevel.PerfomanceLevelDescriptorId
PerformanceLevelDescriptor.DescriptorId",,,,,,,,,PK Tables not available in CEDS DWH,PK Tables not available in CEDS DWH,,,,,,,
"2. Are eligible children enrolled in quality, full-day pre-K programs?",Academic Progress & Completion,E-W System Conditions,PK,Enrollment in quality public pre-K,Percentage of children needing selected special education services in kindergarten who were not identified and connected to services before kindergarten,Date of services provided,Likely not available,StudentSpecialEducationProgramAssociation.BeginDate,,,,,,,,,PK Tables not available in CEDS DWH,PK Tables not available in CEDS DWH,,,,,,,
"2. Are eligible children enrolled in quality, full-day pre-K programs?",Academic Progress & Completion,E-W System Conditions,PK,Enrollment in quality public pre-K,Percentage of children needing selected special education services in kindergarten who were not identified and connected to services before kindergarten,Kindergarten enrollment date,Likely not available,StudentSchoolAssociation.EntryDate,,,,,,,,,PK Tables not available in CEDS DWH,PK Tables not available in CEDS DWH,,,,,,,
3. Are children demonstrating developmental progress across the five learning domains?,Academic Progress & Completion,Outcomes & Milestones,PK,Kindergarten readiness: language and literacy,"Percentage of children meeting benchmarks on a teacher-reported kindergarten readiness assessment, such as:
o        Desired Results Developmental Profile ([DRDP)] Language and Literacy Development domain 
o        Ready 4 Kindergarten Early Learning Assessment ([R4K ELA)] Language and Literacy domain 
o        Teaching Strategies GOLD ([TS GOLD)] Language and Literacy subscales",Results on teacher-reported kindergarten readiness assessment (language and literacy),Likely not available,"

Assessment.AssessmentIdentifier, StudentAssessmentPerformanceLevel.PerfomanceLevelDescriptorId
PerformanceLevelDescriptor.DescriptorId",Found,"FactK12StudentAssessments.AssessmentId, DimAssessments.AssessmentShortName","FactK12StudentAssessments.AssessmentId, DimAssessments.AssessmentShortName",State Dept. of Early Childhood,Automated,Available,"Common assessments include DRDP, R4K ELA, TS GOLD",Established,PK Tables not available in CEDS DWH,PK Tables not available in CEDS DWH,,,,,,,
3. Are children demonstrating developmental progress across the five learning domains?,Academic Progress & Completion,Outcomes & Milestones,PK,Kindergarten readiness: language and literacy,"Percentage of children meeting benchmarks on direct child assessments administered by trained assessors, such as: 
o        Woodcock-Johnson IV Tests of Early Cognition and Academic Development ([ECAD)] Letter-Word and Writing subtests 
o         Individual Growth and Development Indicators ([IGDIs)] Early Literacy assessment",Results on direct child assessment (language and literacy),Likely not available,"

Assessment.AssessmentIdentifier, StudentAssessmentPerformanceLevel.PerfomanceLevelDescriptorId
PerformanceLevelDescriptor.DescriptorId",Found,"FactK12StudentAssessments.AssessmentId, DimAssessmentSubtests.AssessmentEarlyLearningDevelopmentalDomain","FactK12StudentAssessments.AssessmentId, DimAssessmentSubtests.AssessmentEarlyLearningDevelopmentalDomain",State Dept. of Early Childhood,Hybrid,Partially Available,Often assessed through teacher observation,Challenge,PK Tables not available in CEDS DWH,PK Tables not available in CEDS DWH,,,,,,,
3. Are children demonstrating developmental progress across the five learning domains?,Academic Progress & Completion,Outcomes & Milestones,PK,Kindergarten readiness: cognition,"Percentage of children meeting benchmarks on teacher-reported kindergarten readiness assessment, such as: 
o	Desired Results Developmental Profile [DRDP ] Cognition domain 
o	Ready 4 Kindergarten Early Learning Assessment [R4K ELA] Mathematics and Science domains 
o	Teaching Strategies GOLD [TS GOLD] Cognitive and Mathematics subscales",Results on kindergarten readiness assessment (cognition),Likely not available,"

Assessment.AssessmentIdentifier, StudentAssessmentPerformanceLevel.PerfomanceLevelDescriptorId
PerformanceLevelDescriptor.DescriptorId",Found,"FactK12StudentAssessments.AssessmentId, DimAssessments.AssessmentShortName","FactK12StudentAssessments.AssessmentId, DimAssessments.AssessmentShortName",State Dept. of Early Childhood,Automated,Available,"Common assessments include DRDP, R4K ELA, TS GOLD",Established,PK Tables not available in CEDS DWH,PK Tables not available in CEDS DWH,,,,,,,
3. Are children demonstrating developmental progress across the five learning domains?,Academic Progress & Completion,Outcomes & Milestones,PK,Kindergarten readiness: cognition,"Percentage of children meeting benchmarks on direct child assessments, such as:
o	Woodcock-Johnson IV Tests of Early Cognition and Academic Development [ECAD] Number Sense subtest 
o	Individual Growth and Development Indicators [IGDIs] Early Numeracy assessment 
o	Research Based Early Mathematics Assessment ([REMA)]",Results on direct child assessment (cognition),Likely not available,"

Assessment.AssessmentIdentifier, StudentAssessmentPerformanceLevel.PerfomanceLevelDescriptorId
PerformanceLevelDescriptor.DescriptorId",Found,"FactK12StudentAssessments.AssessmentId, DimAssessmentSubtests.AssessmentEarlyLearningDevelopmentalDomain","FactK12StudentAssessments.AssessmentId, DimAssessmentSubtests.AssessmentEarlyLearningDevelopmentalDomain",State Dept. of Early Childhood,Hybrid,Partially Available,Often assessed through teacher observation,Challenge,PK Tables not available in CEDS DWH,PK Tables not available in CEDS DWH,,,,,,,
3. Are children demonstrating developmental progress across the five learning domains?,Academic Progress & Completion,Outcomes & Milestones,PK,Kindergarten readiness: social-emotional development,"Percentage of students meeting benchmarks on teacher-reported kindergarten readiness assessment, such as the following:
o The DRDP Social and Emotional Development domain
o R4K ELA Social Foundations domain
o TS GOLD Social-Emotional subscale",Results on teacher-reported kindergarten readiness assessment (social-emotional development),Likely not available,"

Assessment.AssessmentIdentifier, StudentAssessmentPerformanceLevel.PerfomanceLevelDescriptorId
PerformanceLevelDescriptor.DescriptorId",,,,,Manual,Not Available,,,PK Tables not available in CEDS DWH,PK Tables not available in CEDS DWH,,,,,,,
3. Are children demonstrating developmental progress across the five learning domains?,Academic Progress & Completion,Outcomes & Milestones,PK,Kindergarten readiness: social-emotional development,"Percentage of students meeting benchmarks on teacher reports, such as the following:
o The Child Behavior Rating Scale (CBRS) 
o Devereaux Early Childhood Assessment Preschool Program (DECA-P2)",Results on teacher reports of social-emotional development,Likely not available,"

Assessment.AssessmentIdentifier, StudentAssessmentPerformanceLevel.PerfomanceLevelDescriptorId
PerformanceLevelDescriptor.DescriptorId",,,,,Manual,Not Available,,,PK Tables not available in CEDS DWH,PK Tables not available in CEDS DWH,,,,,,,
3. Are children demonstrating developmental progress across the five learning domains?,Academic Progress & Completion,Outcomes & Milestones,PK,Kindergarten readiness: approaches to learning,"Percentage of students meeting benchmarks on teacher-reported kindergarten readiness assessment, such as the following:
o	The DRDP Approaches to Learning – Self-Regulation domain  
o	TS GOLD Cognitive subscale",Results on teacher-reported kindergarten readiness assessment (self-regulation; approaches to learning; executive function),Likely not available,"

Assessment.AssessmentIdentifier, StudentAssessmentPerformanceLevel.PerfomanceLevelDescriptorId
PerformanceLevelDescriptor.DescriptorId",,,,,Manual,Not Available,,,PK Tables not available in CEDS DWH,PK Tables not available in CEDS DWH,,,,,,,
3. Are children demonstrating developmental progress across the five learning domains?,Academic Progress & Completion,Outcomes & Milestones,PK,Kindergarten readiness: approaches to learning,"Percentage of students meeting benchmarks on teacher reports of children's executive function, such as the CBRS",Results on teacher reports of executive function,Likely not available,"

Assessment.AssessmentIdentifier, StudentAssessmentPerformanceLevel.PerfomanceLevelDescriptorId
PerformanceLevelDescriptor.DescriptorId",,,,,Manual,Not Available,,,PK Tables not available in CEDS DWH,PK Tables not available in CEDS DWH,,,,,,,
3. Are children demonstrating developmental progress across the five learning domains?,Academic Progress & Completion,Outcomes & Milestones,PK,Kindergarten readiness: approaches to learning,"Percentage of students meeting benchmarks on a direct child assessment  such as the following: 
o	The Heads Toes Knees Shoulders (HTKS) task, administered by teachers  
o	The Minnesota Executive Function Scale (MEFS), self-administered on a tablet",Results on direct child assessments of executive function,Likely not available,"

Assessment.AssessmentIdentifier, StudentAssessmentPerformanceLevel.PerfomanceLevelDescriptorId
PerformanceLevelDescriptor.DescriptorId",,,,,Manual,Not Available,,,PK Tables not available in CEDS DWH,PK Tables not available in CEDS DWH,,,,,,,
3. Are children demonstrating developmental progress across the five learning domains?,Academic Progress & Completion,E-W System Conditions,PK,School-family engagement,"Percentage of families and percentage of teachers or caregivers reporting positive relationship quality with one another, using a tool such as the Family and Provider/Teacher Relationship Quality (FPTRQ) parent survey",Results on family engagement surveys (Pre-K),Likely not available,"SurveyQuestionResponse.SurveyResponse.Person, SurveyQuestionResponse.SurveyQuestionResponseValue",,,,,Manual,Not Available,,,PK Tables not available in CEDS DWH,PK Tables not available in CEDS DWH,,,,,,,
3. Are children demonstrating developmental progress across the five learning domains?,Academic Progress & Completion,E-W System Conditions,K12,School-family engagement,"Mean scores on family surveys, such as the Panorama Family-School Relationships Survey  or CORE Districts School Culture & Climate Survey parent assessment of school-community engagement",Results on family engagement surveys (K-12),Likely not available,"SurveyQuestionResponse.SurveyResponse.Person, SurveyQuestionResponse.SurveyQuestionResponseValue",Not Found,N/A,N/A,,Manual,Not Available,,,CEDS DWH does not contain elements related to Survey,CEDS DWH does not contain elements related to Survey,,,,,,,
3. Are children demonstrating developmental progress across the five learning domains?,Academic Progress & Completion,E-W System Conditions,PK,Teacher credentials,Percentage of lead teachers with at least a bachelor’s degree,Position type (lead pre-K teacher status),Likely not available,StaffEducationOrganizationAssignmentAssociation.StaffClassification,,,,ALSDE Data Code Manual,Automated,Available,,,PK Tables not available in CEDS DWH,PK Tables not available in CEDS DWH,,,,,,,
3. Are children demonstrating developmental progress across the five learning domains?,Academic Progress & Completion,E-W System Conditions,PK,Teacher credentials,Percentage of lead teachers with at least a bachelor’s degree,Highest level of education completed,Likely not available,Staff.HighestCompletedLevelOfEducation,,,,ALSDE Data Code Manual,Automated,Available,,,PK Tables not available in CEDS DWH,PK Tables not available in CEDS DWH,,,,,,,
3. Are children demonstrating developmental progress across the five learning domains?,Academic Progress & Completion,E-W System Conditions,PK,Teacher credentials,Percentage of lead teachers with specialized training in pre-K,Position type (lead pre-K teacher status),Likely not available,StaffEducationOrganizationAssignmentAssociation.StaffClassification,,,,ALSDE Data Code Manual,Automated,Available,,,PK Tables not available in CEDS DWH,PK Tables not available in CEDS DWH,,,,,,,
3. Are children demonstrating developmental progress across the five learning domains?,Academic Progress & Completion,E-W System Conditions,PK,Teacher credentials,Percentage of lead teachers with specialized training in pre-K,Credential or certification type,Likely not available,"Credential.CredentialType, Credential.Person",,,,ALSDE Data Code Manual,Automated,Available,,,PK Tables not available in CEDS DWH,PK Tables not available in CEDS DWH,,,,,,,
3. Are children demonstrating developmental progress across the five learning domains?,Academic Progress & Completion,E-W System Conditions,K12,Teacher credentials,"Percentage of courses taught by full-time equivalent (FTE) teachers (that is, teachers other than substitutes or those with emergency or provisional licenses)",Course ID or course title,Partial,Credential.AcademicSubjectDescriptor,Found,FactK12StudentCourseSections.K12CourseId,FactK12StudentCourseSections.StateK12CourseId,Student Data Application Guide,Automated,Available,p. 57,,"select
        'Number of Courses(K-12)' AS DataElementName,
    'RecordCount' AS CharacteristicType,
        CAST(COUNT(f.K12CourseId) AS NVARCHAR(MAX)) AS Value,
    NULL AS Remarks 
from RDS.FactK12StudentCourseSections f
join RDS.DimK12Courses c
on f.K12CourseId = c.DimK12CourseId","select
        'Number of Courses(K-12)' AS DataElementName,
    'RecordCount' AS CharacteristicType,
        CAST(COUNT(f.StateK12CourseId) AS NVARCHAR(MAX)) AS Value,
    NULL AS Remarks 
from RDS.FactK12StaffCourseSections f
join RDS.DimK12CoursesSections c
on f.StateK12CourseSectionId= c.DimK12CourseSectionId",,,,,,,
3. Are children demonstrating developmental progress across the five learning domains?,Academic Progress & Completion,E-W System Conditions,K12,Teacher credentials,"Percentage of courses taught by full-time equivalent (FTE) teachers (that is, teachers other than substitutes or those with emergency or provisional licenses)",Staff FTE status,Found,staffEducationOrganizationEmploymentAssociation.FullTimeEquivalency,Found,FactK12StaffCounts.StaffFullTimeEquivalency,FactK12StaffEmployments.FullTimeEquivalency,ALSDE Data Code Manual,Automated,Available,,,"select
	'Number of FTE Staff(K-12)' AS DataElementName,
    'RecordCount' AS CharacteristicType,
	CAST(COUNT(*) AS NVARCHAR(MAX)) AS Value,
    NULL AS Remarks 
from RDS.FactK12StaffCounts f
where f.StaffFullTimeEquivalency = 1.0","select
    'Number of FTE Staff(K-12)' AS DataElementName,
    'RecordCount' AS CharacteristicType,
    CAST(COUNT(*) AS NVARCHAR(MAX)) AS Value,
    NULL AS Remarks 
from RDS.FactK12StaffEmployments f 
join RDS.DimPeople_Current d
    on d.DimPersonId = f.K12Staff_CurrentId
where f.FullTimeEquivalency = 1.0",,,,,,,
3. Are children demonstrating developmental progress across the five learning domains?,Academic Progress & Completion,E-W System Conditions,K12,Teacher credentials,"Percentage of courses taught by full-time equivalent (FTE) teachers (that is, teachers other than substitutes or those with emergency or provisional licenses)",Course instructor (or teacher's course assignments),Found,StaffSectionAssociation.Staff,Found,BridgeK12StudentCourseSectionK12Staff.K12StaffId,BridgeK12StudentCourseSectionK12Staff.K12StaffId,ALSDE Data Code Manual,Automated,Available,,,"select
	'Number of CourseSection Staff(K-12)' AS DataElementName,
    'RecordCount' AS CharacteristicType,
	CAST(COUNT(*) AS NVARCHAR(MAX)) AS Value,
    NULL AS Remarks 
from RDS.BridgeK12StudentCourseSectionK12Staff b
join RDS.FactK12StudentCourseSections f 
on b.FactK12StudentCourseSectionId = f.FactK12StudentCourseSectionId","select
        'Number of CourseSection Staff(K-12)' AS DataElementName,
    'RecordCount' AS CharacteristicType,
        CAST(COUNT(*) AS NVARCHAR(MAX)) AS Value,
    NULL AS Remarks 
from RDS.BridgeK12StudentCourseSectionK12Staff b
join RDS.FactK12StudentCourseSections f 
on b.FactK12StudentCourseSectionId = f.FactK12StudentCourseSectionId",,,,,,,
3. Are children demonstrating developmental progress across the five learning domains?,Academic Progress & Completion,E-W System Conditions,K12,Teacher credentials,Percentage of courses taught by teachers certified to teach the given subject or grade level,Course ID or course title,Found,"StaffSectionAssociation.Section.CourseOffering.LocalCourseCode, StaffSectionAssociation.Section.CourseOffering.LocalTitle, StaffSectionAssociation.Section.CourseOffering.Course.CourseCode, StaffSectionAssociation.Section.CourseOffering.Course.CourseTitle",Found,FactK12StudentCourseSections.K12CourseId,FactK12StudentCourseSections.StateK12CourseId,Student Data Application Guide,Automated,Available,p. 57,,"select
        'Number of Courses(K-12)' AS DataElementName,
    'RecordCount' AS CharacteristicType,
        CAST(COUNT(f.K12CourseId) AS NVARCHAR(MAX)) AS Value,
    NULL AS Remarks 
from RDS.FactK12StudentCourseSections f
join RDS.DimK12Courses c
on f.K12CourseId = c.DimK12CourseId","select
        'Number of Courses(K-12)' AS DataElementName,
    'RecordCount' AS CharacteristicType,
        CAST(COUNT(f.StateK12CourseId) AS NVARCHAR(MAX)) AS Value,
    NULL AS Remarks 
from RDS.FactK12StudentCourseSections f
join RDS.DimK12Courses c
on f.StateK12CourseId= c.DimK12CourseId",,,,,,,
3. Are children demonstrating developmental progress across the five learning domains?,Academic Progress & Completion,E-W System Conditions,K12,Teacher credentials,Percentage of courses taught by teachers certified to teach the given subject or grade level,Teacher qualification or certification type,Found,Credential.CertificationTitle,Found,FactK12StaffCounts.K12StaffStatusId,FactK12StaffCounts.K12StaffStatusId,ALSDE Data Code Manual,Automated,Available,,,"select
        'Number of Courses(K-12)' AS DataElementName,
    'RecordCount' AS CharacteristicType,
        CAST(COUNT(*) AS NVARCHAR(MAX)) AS Value,
    NULL AS Remarks 
from RDS.FactK12StudentCourseSections f
join RDS.DimK12Courses c
on f.K12CourseId = c.DimK12CourseId","select
        'Number of Courses(K-12)' AS DataElementName,
    'RecordCount' AS CharacteristicType,
        CAST(COUNT(*) AS NVARCHAR(MAX)) AS Value,
    NULL AS Remarks 
from RDS.FactK12StudentCourseSections f
join RDS.DimK12Courses c
on f.StateK12CourseId = c.DimK12CourseId",,,,,,,
3. Are children demonstrating developmental progress across the five learning domains?,Academic Progress & Completion,E-W System Conditions,K12,Teacher credentials,Percentage of courses taught by teachers certified to teach the given subject or grade level,Teaching assignment (subject and/or grade level taught),Found,"StaffSchoolAssociation.AcademicSubject, StaffSchoolAssociation.GradeLevel",Found,BridgeK12StudentCourseSectionK12Staff.K12StaffId,BridgeK12StaffAssignmentCourseSections.K12CourseId,,Automated,Available,"The Alabama Certification Search website (linked here) allows the public to search the certification status of any teacher in the state. The site includes information about certification status, certifications, endorsments, and grade levels, among other information. The state department of education also has a Youtube training video (https://www.youtube.com/watch?v=QAQLoAuMkMw) with detailed information on certification data collection on the state. The spreadsheet notes that the data come from SIS teacher schedules and educator directorirs.",,"select
        'Number of Teachers assigned to courses(K-12)' AS DataElementName,
    'RecordCount' AS CharacteristicType,
        CAST(COUNT(*) AS NVARCHAR(MAX)) AS Value,
    NULL AS Remarks 
from RDS.BridgeK12StudentCourseSectionK12Staff b
join RDS.FactK12StudentCourseSections f on b.FactK12StudentCourseSectionId = f.FactK12StudentCourseSectionId
join RDS.DimK12Courses c
on f.K12CourseId = c.DimK12CourseId","select
    'Number of Teachers assigned to courses(K-12)' AS DataElementName,
    'RecordCount' AS CharacteristicType,
     CAST(COUNT(*) AS NVARCHAR(MAX)) AS Value,
    NULL AS Remarks 
from RDS.BridgeK12StaffAssignmentCourseSections b
join RDS.FactK12StaffAssignments f
	on b.FactK12StaffAssignmentId = f.FactK12StaffAssignmentId
join RDS.DimK12Courses d
	on b.K12CourseId = d.DimK12CourseId",,,,,,,
3. Are children demonstrating developmental progress across the five learning domains?,Academic Progress & Completion,E-W System Conditions,PK,Teacher experience,"Percentage of Pre-K teachers with < 1 year, 1–5 years, and 5+ years of experience","Percentage of K-12 teachers with < 1 year, 1–5 years, and 5+ years of experience",Likely not available,Staff.YearsOfPriorTeachingExperience,Not Found,,,,Automated,Available,,Low-Hanging Fruit,"Missing elements in CEDS DWH:
Professional Educational Job 
Classification
Years of Prior Teaching Experience","Missing elements in CEDS DWH:
Professional Educational Job 
Classification
Years of Prior Teaching Experience",,,,,,,
3. Are children demonstrating developmental progress across the five learning domains?,Academic Progress & Completion,E-W System Conditions,K12,Teacher experience,"Percentage of K-12 teachers with < 1 year, 1–5 years, and 5+ years of experience",Years of teaching experience,Found,Staff.YearsOfPriorTeachingExperience ,"Not Found in V11 
Found in V13",,FactK12StaffEmployments.YearsOfPriorTeachingExperience,,Manual,Not Available,,,"Missing elements in CEDS DWH:
Professional Educational Job 
Classification
Years of Prior Teaching Experience","select
    'Years of teaching experience (K-12)' AS DataElementName,
    'RecordCount' AS CharacteristicType,
     CAST(COUNT(*) AS NVARCHAR(MAX)) AS Value,
    NULL AS Remarks 
from RDS.FactK12StaffEmployments f
where f.YearsOfPriorTeachingExperience is not null; ",,,,,,,
3. Are children demonstrating developmental progress across the five learning domains?,Academic Progress & Completion,E-W System Conditions,PK,Educator retention,Teacher retention: Percentage of teachers who return to teaching in the same school from year to year,"Job title or position type (teacher or educator, prior and current year)",Likely not available,StaffEducationOrganizationAssignmentAssociation.PositionTitle (would need data from previous years),Found,FactK12StaffCounts.K12StaffCategoryId,FactK12StaffCounts.K12StaffCategoryId,ALSDE Data Code Manual,Automated,Available,,,PK Tables not available in CEDS DWH,PK Tables not available in CEDS DWH,,,,,,,
3. Are children demonstrating developmental progress across the five learning domains?,Academic Progress & Completion,E-W System Conditions,PK,Educator retention,Teacher retention: Percentage of teachers who return to teaching in the same school from year to year,School or program ID (prior and current year),Likely not available,StaffSchoolAssociaation.School,Found,FactK12StaffCounts.K12SchoolId,FactK12StaffCounts.K12SchoolId,,Manual,Not Available,,,PK Tables not available in CEDS DWH,PK Tables not available in CEDS DWH,,,,,,,
3. Are children demonstrating developmental progress across the five learning domains?,Academic Progress & Completion,E-W System Conditions,PK,Educator retention,"School leader tenure: Percentage of school leaders who have served in their current positions for less than two years, two to three years, and four or more years",Job title or position type (school leader or administrator),Likely not available,"StaffEducationOrganizationAssignmentAssociation.PositionTitle,  StaffEducationOrganizationAssignmentAssociation.StaffClassificationDescriptor",Found,FactK12StaffCounts.K12StaffCategoryId,FactK12StaffCounts.K12StaffCategoryId,ALSDE Data Code Manual,Automated,Available,,,PK Tables not available in CEDS DWH,PK Tables not available in CEDS DWH,,,,,,,
3. Are children demonstrating developmental progress across the five learning domains?,Academic Progress & Completion,E-W System Conditions,PK,Educator retention,"School leader tenure: Percentage of school leaders who have served in their current positions for less than two years, two to three years, and four or more years",Years in current position,Likely not available,StaffEducationOrganizationAssignmentAssociation.BeginDate,,,,,Manual,Not Available,"We could not find a data element for years in current position, but it is likely that the state could calculate this metric using historical data.",,PK Tables not available in CEDS DWH,PK Tables not available in CEDS DWH,,,,,,,
3. Are children demonstrating developmental progress across the five learning domains?,Academic Progress & Completion,E-W System Conditions,K12,Educator retention,Teacher retention: Percentage of teachers who return to teaching in the same school from year to year,"Job title or position type (teacher or educator, prior and current year)",Found,"StaffEducationOrganizationAssignmentAssociation.PositionTitle,  StaffEducationOrganizationAssignmentAssociation.StaffClassificationDescriptor (would need data from previous years)",Found,DimPeople.PositionTitle,DimPeople.PositionTitle,ALSDE Data Code Manual,Automated,Available,,,"SELECT
    'Number of Teachers with Position Title Info (K-12)' AS DataElementName,
    'RecordCount' AS CharacteristicType,
    CAST(COUNT(distinct p.PositionTitle) AS NVARCHAR(MAX)) AS Value,
    NULL AS Remarks
 from rds.DimPeople p join staff_ret r
on p.DimPersonId = r.K12StaffId","select
        'Number of Students (Grade PK)' AS DataElementName,
    'RecordCount' AS CharacteristicType,
        CAST(COUNT(*) AS NVARCHAR(MAX)) AS Value,
    NULL AS Remarks
    from
        RDS.FactK12StudentEnrollments f
       join RDS.DimPeople_Current p on p.DimPersonId = f.K12StudentId
        join RDS.DimGradeLevels g on f.EntryGradeLevelId = g.DimGradeLevelId
    where
         g.GradeLevelCode in ('PK') and p.IsActiveELChild=1",,,,,,,
3. Are children demonstrating developmental progress across the five learning domains?,Academic Progress & Completion,E-W System Conditions,K12,Educator retention,Teacher retention: Percentage of teachers who return to teaching in the same school from year to year,School assignment or school ID (prior and current year),Found,StaffSchoolAssociation.School,Found,FactK12StaffCounts.K12SchoolId,FactK12StaffCounts.K12SchoolId,ALSDE Data Code Manual,Automated,Available,Must be cross referenced over multiple years,,"
SELECT
    'Number of Schools  (K-12)' AS DataElementName,
    'RecordCount' AS CharacteristicType,
    CAST(COUNT(distinct f.K12SchoolId) AS NVARCHAR(MAX)) AS Value,
    NULL AS Remarks
 from RDS.FactK12StaffCounts f
    JOIN RDS.DimK12StaffCategories b 
        ON b.DimK12StaffCategoryId = f.K12StaffCategoryId
    WHERE b.K12StaffClassificationCode IN ('KindergartenTeachers', 'SecondaryTeachers', 'Elementary Teachers')","
SELECT
    'Number of Schools  (K-12)' AS DataElementName,
    'RecordCount' AS CharacteristicType,
    CAST(COUNT(distinct f.K12SchoolId) AS NVARCHAR(MAX)) AS Value,
    NULL AS Remarks
 from RDS.FactK12StaffCounts f
    JOIN RDS.DimK12StaffCategories b 
        ON b.DimK12StaffCategoryId = f.K12StaffCategoryId
    WHERE b.K12StaffClassificationCode IN ('KindergartenTeachers', 'SecondaryTeachers', 'Elementary Teachers')",,,,,,,
3. Are children demonstrating developmental progress across the five learning domains?,Academic Progress & Completion,E-W System Conditions,K12,Educator retention,"School leader tenure: Percentage of school leaders who have served in their current positions for less than two years, two to three years, and four or more years",Position type (school leader or administrator),Found,"StaffEducationOrganizationAssignmentAssociation.PositionTitle,  StaffEducationOrganizationAssignmentAssociation.StaffClassificationDescriptor",Found,DimPeople.PositionTitle,DimPeople.PositionTitle,ALSDE Data Code Manual,Automated,Available,,,"SELECT
    'Number of Administators retained  (K-12)' AS DataElementName,
    'RecordCount' AS CharacteristicType,
    CAST(COUNT(distinct f.K12StaffId) AS NVARCHAR(MAX)) AS Value,
    NULL AS Remarks
    FROM RDS.FactK12StaffCounts f
    JOIN RDS.DimK12StaffCategories b 
        ON b.DimK12StaffCategoryId = f.K12StaffCategoryId
    WHERE b.K12StaffClassificationCode IN ('Administrators', 'School Administrators')","SELECT
    'Number of Administators retained  (K-12)' AS DataElementName,
    'RecordCount' AS CharacteristicType,
    CAST(COUNT(distinct f.K12StaffId) AS NVARCHAR(MAX)) AS Value,
    NULL AS Remarks
    FROM RDS.FactK12StaffCounts f
    JOIN RDS.DimK12StaffCategories b 
        ON b.DimK12StaffCategoryId = f.K12StaffCategoryId
    WHERE b.K12StaffClassificationCode IN ('Administrators', 'School Administrators')","SELECT
    'Number of Administators retained  (K-12)' AS DataElementName,
    'RecordCount' AS CharacteristicType,
    CAST(COUNT(*) AS NVARCHAR(MAX)) AS Value,
    NULL AS Remarks
FROM (
    SELECT 
        f.K12StaffId
    FROM RDS.FactK12StaffCounts f
    JOIN RDS.DimK12StaffCategories b 
        ON b.DimK12StaffCategoryId = f.K12StaffCategoryId
    WHERE b.K12StaffClassificationCode IN ('Administrators', 'School Administrators')
    GROUP BY f.K12StaffId
    HAVING COUNT(DISTINCT f.SchoolYearId) > 1
) a;
",,,,,,
3. Are children demonstrating developmental progress across the five learning domains?,Academic Progress & Completion,E-W System Conditions,K12,Educator retention,"School leader tenure: Percentage of school leaders who have served in their current positions for less than two years, two to three years, and four or more years",Years in current position,Partial,StaffEducationOrganizationAssignmentAssociation.BeginDate,Not Found,N/A,N/A,,Manual,Not Available,"We could not find a data element for years in current position, but it is likely that the state could calculate this metric using historical data.",,"Missing elements in CEDS DWH:
Professional Educational Job 
Classification
Years of Prior Teaching Experience","Missing elements in CEDS DWH:
Professional Educational Job 
Classification
Years of Prior Teaching Experience",,,,,,,
3. Are children demonstrating developmental progress across the five learning domains?,Academic Progress & Completion,E-W System Conditions,PK,Classroom observations of instructional practice,"Scores on measures of teacher–child interactions, such as the Classroom Assessment Scoring System (CLASS),  the Early Childhood Environment Rating Scale (ECERS) Interactions subscale,  or the Assessing Classroom Sociocultural Equity Scale (ACSES)  (which assesses equitable classroom interactions)",Results on teacher-child interaction measure,Likely not available,"PerformanceEvaluationRating.PerformanceEvaluationRatingResult (TPDM), EvaluationRatingRatingResult.Rating (TPDM)",,,,,Manual,Not Available,,,PK Tables not available in CEDS DWH,PK Tables not available in CEDS DWH,,,,,,,
3. Are children demonstrating developmental progress across the five learning domains?,Academic Progress & Completion,E-W System Conditions,K12,Classroom observations of instructional practice,"Teachers’ overall and subscale scores on an observation rubric associated with an educator observation system; examples of common frameworks include the Danielson’s Framework for Teaching ,   and the Marzano Causal Teacher Evaluation Model",Overall teacher observation score,Found,"PerformanceEvaluationRating.PerformanceEvaluationRatingResult (TPDM), EvaluationRatingRatingResult.Rating (TPDM)","Not Found in V11 
Found in V13",N/A,FactK12StaffAssessments.AssessmentResultScoreValueScaleScore,Alabama Teacher Growth Program,Automated,Available,Data not publicly available,,"Available fields:
                AssessmentResultScoreValueScaleScore is not null
                AssessmentTypeCode = 'Observation' 
               AssessmentIdentifier ='overall assessment code'

Missing tables in CEDS DWH to store relation between staff and assessment results
Missing column in CEDS DWH :Staff Evaluation System","select
    'Overall teacher observation score (K-12)' AS DataElementName,
    'RecordCount' AS CharacteristicType,
     CAST(COUNT(*) AS NVARCHAR(MAX)) AS Value,
    NULL AS Remarks 
from RDS.FactK12StaffAssessments f
join RDS.DimAssessments d
on f.AssessmentId = d.DimAssessmentId
where d.AssessmentTypeAdministeredDescription like '%observation%' 
    and f.AssessmentResultScoreValueScaleScore is not null;",,,,,,,
3. Are children demonstrating developmental progress across the five learning domains?,Academic Progress & Completion,E-W System Conditions,K12,Classroom observations of instructional practice,"Teachers’ overall and subscale scores on an observation rubric associated with an educator observation system; examples of common frameworks include the Danielson’s Framework for Teaching ,   and the Marzano Causal Teacher Evaluation Model",Subscale observation scores,Found,"PerformanceEvaluationRating.PerformanceEvaluationRatingResult (TPDM), EvaluationRatingRatingResult.Rating (TPDM)","Not Found in V11 
Found in V13",N/A,FactK12StaffAssessments.AssessmentResultScoreValueScaleScore,Alabama Teacher Growth Program,Automated,Available,Data not publicly available,,"Available fields:
                AssessmentResultScoreValueScaleScore is not null
                AssessmentTypeCode = 'Observation' 
               AssessmentIdentifier =subscale assessment code'

Missing tables in CEDS DWH to store relation between staff and assessment results
Missing column in CEDS DWH :Staff Evaluation System","select
    'Subscale observation scores (K-12)' AS DataElementName,
    'RecordCount' AS CharacteristicType,
     CAST(COUNT(*) AS NVARCHAR(MAX)) AS Value,
    NULL AS Remarks 
from RDS.FactK12StaffAssessments f
join RDS.DimAssessments d
on f.AssessmentId = d.DimAssessmentId
where d.AssessmentTypeAdministeredDescription like '%observation%' 
    and f.AssessmentResultScoreValueScaleScore is not null;",,,,,,,
3. Are children demonstrating developmental progress across the five learning domains?,Academic Progress & Completion,E-W System Conditions,PS,Classroom observations of instructional practice,"Postsecondary: There are currently no widely used standardized rubrics for peer observations of college teaching, though multiple researchers and universities have produced guidance surrounding the peer observation process",Instructor observation results,Likely not available,"PerformanceEvaluationRating.PerformanceEvaluationRatingResult (TPDM), EvaluationRatingRatingResult.Rating (TPDM)",Not Found,N/A,N/A,,Manual,Not Available,,,"
Missing tables in CEDS DWH to store relation between  PS staff and assessment results
","
Missing tables in CEDS DWH to store relation between  PS staff and assessment results
",,,,,,,
3. Are children demonstrating developmental progress across the five learning domains?,Academic Progress & Completion,E-W System Conditions,PK,Access to child care subsidies,Percentage of eligible families receiving assistance to pay for child care through subsidies,Family eligibility for child care subsidies,Not Found,N/A,,,,,Manual,Not Available,"Health and Human Services Reports on Estimates of Child Care Subsidy Eligibility & Receipt report estimates of the number of Children Potentially Eligible for Child Care Subsidies  based on federal and state eligibility rules, within large confidence intervals.",,PK Tables not available in CEDS DWH,PK Tables not available in CEDS DWH,,,,,,,
3. Are children demonstrating developmental progress across the five learning domains?,Academic Progress & Completion,E-W System Conditions,PK,Access to child care subsidies,Percentage of eligible families receiving assistance to pay for child care through subsidies,Receipt of child care subsidies,Not Found,N/A,,,,,Semi-Automated,Partially Available,The U.S. Department of Health and Human Services Office of Child Care publishes a table with state-by-state data on Average Monthly Adjusted Number of Families and Children Served. This may not cover all sources of child care,,PK Tables not available in CEDS DWH,PK Tables not available in CEDS DWH,,,,,,,
3. Are children demonstrating developmental progress across the five learning domains?,Academic Progress & Completion,E-W System Conditions,K12,Access to child care subsidies,Percentage of eligible families receiving assistance to pay for child care through subsidies,Family eligibility for child care subsidies,Not Found,N/A,Not Found,N/A,N/A,,Manual,Not Available,"Health and Human Services Reports on Estimates of Child Care Subsidy Eligibility & Receipt report estimates of the number of Children Potentially Eligible for Child Care Subsidies  based on federal and state eligibility rules, within large confidence intervals.",, Data model does include element:https://ceds.ed.gov/element/000547 which is a Federal Program Code where element value can be Child Care and Development Fund (CCDF) program which is a subsidy program. However there is no table in CEDS DWH to establish relation between Federal funds and students., Data model does include element:https://ceds.ed.gov/element/000547 which is a Federal Program Code where element value can be Child Care and Development Fund (CCDF) program which is a subsidy program. However there is no table in CEDS DWH to establish relation between Federal funds and students.,,,,,,,
3. Are children demonstrating developmental progress across the five learning domains?,Academic Progress & Completion,E-W System Conditions,K12,Access to child care subsidies,Percentage of eligible families receiving assistance to pay for child care through subsidies,Receipt of child care subsidies,Not Found,N/A,Not Found,N/A,N/A,,Semi-Automated,Partially Available,The U.S. Department of Health and Human Services Office of Child Care publishes a table with state-by-state data on Average Monthly Adjusted Number of Families and Children Served. This may not cover all sources of child care,,Not available in CEDS DWH,Not available in CEDS DWH,,,,,,,
3. Are children demonstrating developmental progress across the five learning domains?,Academic Progress & Completion,E-W System Conditions,PS,Access to child care subsidies,Percentage of eligible families receiving assistance to pay for child care through subsidies,Family eligibility for child care subsidies,Not Found,N/A,Not Found,N/A,N/A,,Manual,Not Available,"Health and Human Services Reports on Estimates of Child Care Subsidy Eligibility & Receipt report estimates of the number of Children Potentially Eligible for Child Care Subsidies  based on federal and state eligibility rules, within large confidence intervals.",,Not available in CEDS DWH,Not available in CEDS DWH,,,,,,,
3. Are children demonstrating developmental progress across the five learning domains?,Academic Progress & Completion,E-W System Conditions,PS,Access to child care subsidies,Percentage of eligible families receiving assistance to pay for child care through subsidies,Receipt of child care subsidies,Not Found,N/A,Not Found,N/A,N/A,,Semi-Automated,Partially Available,The U.S. Department of Health and Human Services Office of Child Care publishes a table with state-by-state data on Average Monthly Adjusted Number of Families and Children Served. This may not cover all sources of child care,,Not available in CEDS DWH,Not available in CEDS DWH,,,,,,,
3. Are children demonstrating developmental progress across the five learning domains?,Academic Progress & Completion,E-W System Conditions,WF,Access to child care subsidies,Percentage of eligible families receiving assistance to pay for child care through subsidies,Family eligibility for child care subsidies,Not Found,N/A,Not Found,N/A,N/A,,Manual,Not Available,"Health and Human Services Reports on Estimates of Child Care Subsidy Eligibility & Receipt report estimates of the number of Children Potentially Eligible for Child Care Subsidies  based on federal and state eligibility rules, within large confidence intervals.",,Not available in CEDS DWH,Not available in CEDS DWH,,,,,,,
3. Are children demonstrating developmental progress across the five learning domains?,Academic Progress & Completion,E-W System Conditions,WF,Access to child care subsidies,Percentage of eligible families receiving assistance to pay for child care through subsidies,Receipt of child care subsidies,Not Found,N/A,Not Found,N/A,N/A,,Semi-Automated,Partially Available,The U.S. Department of Health and Human Services Office of Child Care publishes a table with state-by-state data on Average Monthly Adjusted Number of Families and Children Served. This may not cover all sources of child care,,Not available in CEDS DWH,Not available in CEDS DWH,,,,,,,
3. Are children demonstrating developmental progress across the five learning domains?,"Social, Emotional, & Physical Wellbeing",E-W System Conditions,PK,Access to early intervention screening,Percentage of children with identified concerns who are connected to services,Early intervention screening results,Likely not available,"

Assessment.AssessmentIdentifier, StudentAssessmentPerformanceLevel.PerfomanceLevelDescriptorId
PerformanceLevelDescriptor.DescriptorId",,,,,Manual,Not Available,,,PK Tables not available in CEDS DWH,,,,,,,,
3. Are children demonstrating developmental progress across the five learning domains?,"Social, Emotional, & Physical Wellbeing",E-W System Conditions,PK,Access to early intervention screening,Percentage of children with identified concerns who are connected to services,Early intervention screening outcomes (connection to services),Likely not available,"

Assessment.AssessmentIdentifier, StudentAssessmentPerformanceLevel.PerfomanceLevelDescriptorId
PerformanceLevelDescriptor.DescriptorId",,,,,Manual,Not Available,,,PK Tables not available in CEDS DWH,,,,,,,,
3. Are children demonstrating developmental progress across the five learning domains?,"Social, Emotional, & Physical Wellbeing",E-W System Conditions,PK,Access to early intervention screening,Percentage of children with identified concerns who are connected to services,Indicator of whether services were provided,Likely not available,"StudentSpecialEducationProgramAssociationSpecialEducationProgramService.SpecialEducationProgramServiceDescriptor, StudentSpecialEducationProgramAssociationSpecialEducationProgramService.ServiceBeginDate",,,,,Manual,Not Available,,,PK Tables not available in CEDS DWH,,,,,,,,
3. Are children demonstrating developmental progress across the five learning domains?,"Social, Emotional, & Physical Wellbeing",E-W System Conditions,PK,Access to early intervention screening,Percentage of children needing selected special education services in kindergarten who were not identified and connected to services before kindergarten,Early intervention screening results,Likely not available,"

Assessment.AssessmentIdentifier, StudentAssessmentPerformanceLevel.PerfomanceLevelDescriptorId
PerformanceLevelDescriptor.DescriptorId",,,,,Manual,Not Available,,,PK Tables not available in CEDS DWH,,,,,,,,
3. Are children demonstrating developmental progress across the five learning domains?,"Social, Emotional, & Physical Wellbeing",E-W System Conditions,PK,Access to early intervention screening,Percentage of children needing selected special education services in kindergarten who were not identified and connected to services before kindergarten,Early intervention screening outcomes (connection to services),Likely not available,"

Assessment.AssessmentIdentifier, StudentAssessmentPerformanceLevel.PerfomanceLevelDescriptorId
PerformanceLevelDescriptor.DescriptorId",,,,,Manual,Not Available,,,PK Tables not available in CEDS DWH,,,,,,,,
3. Are children demonstrating developmental progress across the five learning domains?,"Social, Emotional, & Physical Wellbeing",E-W System Conditions,PK,Access to early intervention screening,Percentage of children needing selected special education services in kindergarten who were not identified and connected to services before kindergarten,Date of services provided,Likely not available,StudentSpecialEducationProgramAssociationSpecialEducationProgramService.ServiceBeginDate,,,,,Manual,Not Available,,,PK Tables not available in CEDS DWH,,,,,,,,
3. Are children demonstrating developmental progress across the five learning domains?,Academic Progress & Completion,E-W System Conditions,PK,Access to full-day pre-K,Percentage of children needing selected special education services in kindergarten who were not identified and connected to services before kindergarten,Kindergarten enrollment date,Likely not available,StudentSchoolAssociation.EntryDate,,,,,Semi-Automated,Partially Available,,Challenge,PK Tables not available in CEDS DWH,PK Tables not available in CEDS DWH,,,,,,,
3. Are children demonstrating developmental progress across the five learning domains?,Academic Progress & Completion,E-W System Conditions,PK,Access to full-day pre-K,Percentage of public pre-K programs that are six hours per day for five days per week,Pre-K program hours per day,Likely not available,"GeneralStudentProgramAssociation.Program.ProgramType = 'Prekindergarten - Half Day' or 'Prekindergarten - Full Day', GeneralStudentProgramAssociation.EducationOrganizationId ",,,,,Semi-Automated,Partially Available,"Programs must operate at least 6.5 hours per day/five days per week, but individual program information was not found",,PK Tables not available in CEDS DWH,PK Tables not available in CEDS DWH,,,,,,,
3. Are children demonstrating developmental progress across the five learning domains?,Academic Progress & Completion,E-W System Conditions,PK,Access to full-day pre-K,Percentage of public pre-K programs that are six hours per day for five days per week,Pre-K program days per week,Not Found,N/A,,,,,Semi-Automated,Partially Available,"Programs must operate at least 6.5 hours per day/five days per week, but individual program information was not found",,PK Tables not available in CEDS DWH,PK Tables not available in CEDS DWH,,,,,,,
3. Are children demonstrating developmental progress across the five learning domains?,Academic Progress & Completion,E-W System Conditions,PK,Access to quality public pre-K,Percentage of public pre-K programs that meet Quality Rating and Improvement Systems (QRIS) state benchmarks of quality,Pre-K program QRIS rating,Not Found,N/A,,,,Star Rated Providers list,Automated,Available,,,PK Tables not available in CEDS DWH,PK Tables not available in CEDS DWH,,,,,,,
3. Are children demonstrating developmental progress across the five learning domains?,Academic Progress & Completion,Outcomes & Milestones,PK,Enrollment in quality public pre-K,Percentage of eligible 3- and 4-year-olds enrolled in public pre-K,Age (or birth date),Partial,Student.BirthData.BirthDate,,,,ALSDE Data Code Manual,Automated,Available,Must be cross referenced with grade level,,PK Tables not available in CEDS DWH,PK Tables not available in CEDS DWH,,,,,,,
3. Are children demonstrating developmental progress across the five learning domains?,Academic Progress & Completion,Outcomes & Milestones,PK,Enrollment in quality public pre-K,Percentage of eligible 3- and 4-year-olds enrolled in public pre-K,Pre-K eligbility status,Not Found,,,,,,Manual,Not Available,"Age is the sole eligibility requirement, enrollment is determined by lottery",,PK Tables not available in CEDS DWH,PK Tables not available in CEDS DWH,,,,,,,
3. Are children demonstrating developmental progress across the five learning domains?,Academic Progress & Completion,Outcomes & Milestones,PK,Enrollment in quality public pre-K,Percentage of eligible 3- and 4-year-olds enrolled in public pre-K,Enrollment in public pre-K,Likely not available,"StudentSchoolAssociation.StudentUSI, StudentSchoolAssociation.SchoolId, StudentSchoolAssociation.EntryDate",,,,ALSDE Data Code Manual,Automated,Available,,,PK Tables not available in CEDS DWH,PK Tables not available in CEDS DWH,,,,,,,
3. Are children demonstrating developmental progress across the five learning domains?,Academic Progress & Completion,Outcomes & Milestones,PK,Teacher experience,"Percentage of Pre-K teachers with < 1 year, 1–5 years, and 5+ years of experience",Years of teaching experience,Likely not available,Staff.YearsOfPriorTeachingExperience ,Not Found,,,,Manual,Not Available,,,PK Tables not available in CEDS DWH,PK Tables not available in CEDS DWH,,,,,,,
3. Are children demonstrating developmental progress across the five learning domains?,Academic Progress & Completion,Outcomes & Milestones,K12,Teacher experience,"Percentage of K-12 teachers with < 1 year, 1–5 years, and 5+ years of experience",Years of teaching experience,Found,Staff.YearsOfPriorTeachingExperience ,"Not Found in V11 
Found in V13",N/A,FactK12StaffEmployments.YearsOfPriorTeachingExperience,,Manual,Not Available,,,"Missing elements in CEDS DWH:
Professional Educational Job 
Classification
Years of Prior Teaching Experience","select
    'Years of teaching experience (K-12)' AS DataElementName,
    'RecordCount' AS CharacteristicType,
     CAST(COUNT(*) AS NVARCHAR(MAX)) AS Value,
    NULL AS Remarks 
from RDS.FactK12StaffEmployments f
where f.YearsOfPriorTeachingExperience is not null; ",,,,,,,
"4. Do students have access to quality, full-day kindergarten?",Academic Progress & Completion,Outcomes & Milestones,K12,Early grades on track,"Percentage of students in grades 1 and 2 meeting grade-level math and reading benchmarks, with an attendance rate of 90 percent or higher, and no in- or out-of-school suspensions",Student grade level (Grade 1 & 2),Found,StudentSchoolAssociation.EntryGradeLevel,Found,FactK12Enrollments.EntryGradeId,FactK12Enrollments.EntryGradeId,ALSDE Data Code Manual,Automated,Available,,,"select
	'Number of Students (Grade 1 and 2)' AS DataElementName,
    'RecordCount' AS CharacteristicType,
	CAST(COUNT(*) AS NVARCHAR(MAX)) AS Value,
    NULL AS Remarks
    from
        RDS.FactK12StudentEnrollments f
        join RDS.DimGradeLevels g on f.EntryGradeLevelId = g.DimGradeLevelId
    where
         g.GradeLevelCode in ('01', '02')","select
	'Number of Students (Grade 1 and 2)' AS DataElementName,
    'RecordCount' AS CharacteristicType,
	CAST(COUNT(*) AS NVARCHAR(MAX)) AS Value,
    NULL AS Remarks
    from
        RDS.FactK12StudentEnrollments f
        join RDS.DimGradeLevels g on f.EntryGradeLevelId = g.DimGradeLevelId
    where
         g.GradeLevelCode in ('01', '02')",,,,,,,
"4. Do students have access to quality, full-day kindergarten?",Academic Progress & Completion,Outcomes & Milestones,K12,Early grades on track,"Percentage of students in grades 1 and 2 meeting grade-level math and reading benchmarks, with an attendance rate of 90 percent or higher, and no in- or out-of-school suspensions",Math proficiency (or math assessment score) (Grade 1 & 2),Found,"

Assessment.AssessmentIdentifier, StudentAssessmentPerformanceLevel.PerfomanceLevelDescriptorId
PerformanceLevelDescriptor.DescriptorId",Found,FactK12StudentAssessments.AssessmentId,FactK12StudentAssessments.AssessmentId,Student Data Application Guide,Automated,Available,p. 88,,"select  
        'Students meet Assessment Benchmark (K-12)' AS DataElementName,
                'RecordCount' AS CharacteristicType,  
                count( distinct ase.K12StudentId) AS Value,
                NULL AS Remarks
                from rds.FactK12StudentAssessments ase  
                join  RDS.FactK12StudentEnrollments f on f.K12StudentId = ase.K12StudentId
        join RDS.DimAssessments da on da.DimAssessmentId = ase.AssessmentId
                join RDS.DimGradeLevels g on f.EntryGradeLevelId = g.DimGradeLevelId
                where  ase.AssessmentResultScoreValueScaleScore is not null
                        and da.AssessmentTypeCode = 'Benchmark' 
                        and da.AssessmentAcademicSubjectCode in ('01166')","select  
        'Students meet Assessment Benchmark (K-12)' AS DataElementName,
                'RecordCount' AS CharacteristicType,  
                count( distinct ase.K12StudentId) AS Value,
                NULL AS Remarks
                from rds.FactK12StudentAssessments ase  
                join  RDS.FactK12StudentEnrollments f on f.K12StudentId = ase.K12StudentId
        join RDS.DimAssessments da on da.DimAssessmentId = ase.AssessmentId
                join RDS.DimGradeLevels g on f.EntryGradeLevelId = g.DimGradeLevelId
                where  ase.AssessmentResultScoreValueScaleScore is not null
                        and da.AssessmentTypeCode = 'Benchmark' 
                        and da.AssessmentAcademicSubjectCode in ('01166')",,,,,,,
"4. Do students have access to quality, full-day kindergarten?",Academic Progress & Completion,Outcomes & Milestones,K12,Early grades on track,"Percentage of students in grades 1 and 2 meeting grade-level math and reading benchmarks, with an attendance rate of 90 percent or higher, and no in- or out-of-school suspensions",Reading proficiency (or reading assessment score) (Grade 1 & 2),Found,"

Assessment.AssessmentIdentifier, StudentAssessmentPerformanceLevel.PerfomanceLevelDescriptorId
PerformanceLevelDescriptor.DescriptorId",Found,FactK12StudentAssessments.AssessmentId,FactK12StudentAssessments.AssessmentId,Student Data Application Guide,Automated,Available,p. 88,,"select  
        'Students meet Assessment Benchmark (K-12)' AS DataElementName,
                'RecordCount' AS CharacteristicType,  
                count( distinct ase.K12StudentId) AS Value,
                NULL AS Remarks
                from rds.FactK12StudentAssessments ase  
                join  RDS.FactK12StudentEnrollments f on f.K12StudentId = ase.K12StudentId
        join RDS.DimAssessments da on da.DimAssessmentId = ase.AssessmentId
                join RDS.DimGradeLevels g on f.EntryGradeLevelId = g.DimGradeLevelId
                where  ase.AssessmentResultScoreValueScaleScore is not null
                        and da.AssessmentTypeCode = 'Benchmark' 
                        and da.AssessmentAcademicSubjectCode in ('00560')","select  
        'Students meet Assessment Benchmark (K-12)' AS DataElementName,
                'RecordCount' AS CharacteristicType,  
                count( distinct ase.K12StudentId) AS Value,
                NULL AS Remarks
                from rds.FactK12StudentAssessments ase  
                join  RDS.FactK12StudentEnrollments f on f.K12StudentId = ase.K12StudentId
        join RDS.DimAssessments da on da.DimAssessmentId = ase.AssessmentId
                join RDS.DimGradeLevels g on f.EntryGradeLevelId = g.DimGradeLevelId
                where  ase.AssessmentResultScoreValueScaleScore is not null
                        and da.AssessmentTypeCode = 'Benchmark' 
                        and da.AssessmentAcademicSubjectCode in ('00560')",,,,,,,
"4. Do students have access to quality, full-day kindergarten?",Academic Progress & Completion,Outcomes & Milestones,K12,Early grades on track,"Percentage of students in grades 1 and 2 meeting grade-level math and reading benchmarks, with an attendance rate of 90 percent or higher, and no in- or out-of-school suspensions",Student attendance rate (Grade 1 & 2),Not Found,N/A,Found,FactK12StudentAttendanceRates.StudentAttendanceRate,FactK12StudentAttendanceRates.StudentAttendanceRate,ALSDE Data Code Manual,Automated,Available,,," select
    'Attendance rate (K-12)' AS DataElementName,
    'RecordCount' AS CharacteristicType,
        CAST(COUNT(a.StudentAttendanceRate) AS NVARCHAR(MAX)) AS Value,
    NULL AS Remarks
    from
        RDS.FactK12StudentEnrollments f
        join RDS.DimGradeLevels g on f.EntryGradeLevelId = g.DimGradeLevelId
        join RDS.DimSchoolYears y on f.SchoolYearId = y.DimSchoolYearId
        join RDS.DimDates entry_dt on entry_dt.DimDateId = f.EnrollmentEntryDateId
        join RDS.DimDates exit_dt on exit_dt.DimDateId = f.EnrollmentExitDateId
        join RDS.FactK12StudentAttendanceRates a on f.K12StudentId = a.K12StudentId
        and f.SchoolYearId = a.SchoolYearId
                join RDS.FactK12StudentDisciplines d on f.K12StudentId = d.K12StudentId
        and f.SchoolYearId = d.SchoolYearId
        join RDS.DimDates discp_dt on discp_dt.DimDateId = d.DisciplinaryActionStartDateId
    where
        discp_dt.DateValue between entry_dt.DateValue
        and exit_dt.DateValue;"," select
    'Attendance rate (K-12)' AS DataElementName,
    'RecordCount' AS CharacteristicType,
        CAST(COUNT(a.StudentAttendanceRate) AS NVARCHAR(MAX)) AS Value,
    NULL AS Remarks
    from
        RDS.FactK12StudentEnrollments f
        join RDS.DimGradeLevels g on f.EntryGradeLevelId = g.DimGradeLevelId
        join RDS.DimSchoolYears y on f.SchoolYearId = y.DimSchoolYearId
        join RDS.DimDates entry_dt on entry_dt.DimDateId = f.EnrollmentEntryDateId
        join RDS.DimDates exit_dt on exit_dt.DimDateId = f.EnrollmentExitDateId
        join RDS.FactK12StudentAttendanceRates a on f.K12StudentId = a.K12StudentId
        and f.SchoolYearId = a.SchoolYearId
                join RDS.FactK12StudentDisciplines d on f.K12StudentId = d.K12StudentId
        and f.SchoolYearId = d.SchoolYearId
        join RDS.DimDates discp_dt on discp_dt.DimDateId = d.DisciplinaryActionStartDateId
    where
        discp_dt.DateValue between entry_dt.DateValue
        and exit_dt.DateValue;"," select
    'Attendance rate of 90 percent or higher (K-12)' AS DataElementName,
    'RecordCount' AS CharacteristicType,
        CAST(COUNT(*) AS NVARCHAR(MAX)) AS Value,
    NULL AS Remarks
    from
        RDS.FactK12StudentEnrollments f
        join RDS.DimGradeLevels g on f.EntryGradeLevelId = g.DimGradeLevelId
        join RDS.DimSchoolYears y on f.SchoolYearId = y.DimSchoolYearId
        join RDS.DimDates entry_dt on entry_dt.DimDateId = f.EnrollmentEntryDateId
        join RDS.DimDates exit_dt on exit_dt.DimDateId = f.EnrollmentExitDateId
        join RDS.FactK12StudentAttendanceRates a on f.K12StudentId = a.K12StudentId
        and f.SchoolYearId = a.SchoolYearId
                join RDS.FactK12StudentDisciplines d on f.K12StudentId = d.K12StudentId
        and f.SchoolYearId = d.SchoolYearId
        join RDS.DimDates discp_dt on discp_dt.DimDateId = d.DisciplinaryActionStartDateId
    where
        discp_dt.DateValue between entry_dt.DateValue
        and exit_dt.DateValue
        and StudentAttendanceRate >= 90.0; ",,,,,,
"4. Do students have access to quality, full-day kindergarten?",Academic Progress & Completion,Outcomes & Milestones,K12,Early grades on track,"Percentage of students in grades 1 and 2 meeting grade-level math and reading benchmarks, with an attendance rate of 90 percent or higher, and no in- or out-of-school suspensions",In school suspension (Grade 1 & 2),Found,DisciplineAction.DisciplineDescriptor,Found,FactK12StudentDisciplines.DisciplineStatusId,FactK12StudentDisciplines.DisciplineStatusId,ALSDE Data Code Manual,Automated,Available,,,"SELECT
    'In-School Suspensions (K-12)' AS DataElementName,
    'RecordCount' AS CharacteristicType,
    CAST(COUNT(*) AS NVARCHAR(MAX)) AS Value,
    NULL AS Remarks
FROM RDS.FactK12StudentDisciplines fact
JOIN RDS.DimDisciplineStatuses discStat ON fact.DisciplineStatusId = discStat.DimDisciplineStatusId
WHERE discStat.DisciplinaryActionTakenCode IN 
        ('03100' --(Suspension, in-school)
)
","SELECT
    'In-School Suspensions (K-12)' AS DataElementName,
    'RecordCount' AS CharacteristicType,
    CAST(COUNT(*) AS NVARCHAR(MAX)) AS Value,
    NULL AS Remarks
FROM RDS.FactK12StudentDisciplines fact
JOIN RDS.DimDisciplineStatuses discStat ON fact.DisciplineStatusId = discStat.DimDisciplineStatusId
WHERE discStat.DisciplinaryActionTakenCode IN 
        ('03100' --(Suspension, in-school)
)
",,,,,,,
"4. Do students have access to quality, full-day kindergarten?",Academic Progress & Completion,Outcomes & Milestones,K12,Early grades on track,"Percentage of students in grades 1 and 2 meeting grade-level math and reading benchmarks, with an attendance rate of 90 percent or higher, and no in- or out-of-school suspensions",Out of school suspension (Grades 1 & 2),Found,DisciplineAction.DisciplineDescriptor,Found,FactK12StudentDisciplines.DisciplineStatusId,FactK12StudentDisciplines.DisciplineStatusId,ALSDE Data Code Manual,Automated,Available,,,"SELECT
    'Out of School Suspensions (K-12)' AS DataElementName,
    'RecordCount' AS CharacteristicType,
    CAST(COUNT(*) AS NVARCHAR(MAX)) AS Value,
    NULL AS Remarks
FROM RDS.FactK12StudentDisciplines fact
JOIN RDS.DimDisciplineStatuses discStat ON fact.DisciplineStatusId = discStat.DimDisciplineStatusId
WHERE discStat.DisciplinaryActionTakenCode IN 
        ('03154' -- Suspension, out-of-school, greater than 10 consecutive days
        ,'03155' -- Suspension, out-of-school, separate days culminating to more than 10 school days
        ,'03101' -- Suspension, out-of-school, with services
        ,'03102' -- Suspension, out-of-school, without services
		)","SELECT
    'Out of School Suspensions (K-12)' AS DataElementName,
    'RecordCount' AS CharacteristicType,
    CAST(COUNT(*) AS NVARCHAR(MAX)) AS Value,
    NULL AS Remarks
FROM RDS.FactK12StudentDisciplines fact
JOIN RDS.DimDisciplineStatuses discStat ON fact.DisciplineStatusId = discStat.DimDisciplineStatusId
WHERE discStat.DisciplinaryActionTakenCode IN 
        ('03154' -- Suspension, out-of-school, greater than 10 consecutive days
        ,'03155' -- Suspension, out-of-school, separate days culminating to more than 10 school days
        ,'03101' -- Suspension, out-of-school, with services
        ,'03102' -- Suspension, out-of-school, without services
		)",,,,,,,
"4. Do students have access to quality, full-day kindergarten?",Academic Progress & Completion,E-W System Conditions,K12,Early grades on track,Access to full-day kindergarten,Kindergarten program hours per day,Not Found,N/A,Not Found,N/A,N/A,,Automated,Available,,Low-Hanging Fruit,"Element :Kindergarten Daily Length, Frequency of Service not available in CEDS DWH","Element :Kindergarten Daily Length, Frequency of Service not available in CEDS DWH",,,,,,,
"4. Do students have access to quality, full-day kindergarten?",Academic Progress & Completion,E-W System Conditions,K12,Early grades on track,Access to full-day kindergarten,Kindergarten program days per week,Not Found,N/A,Not Found,N/A,N/A,,Automated,Available,,Low-Hanging Fruit,"Element :Kindergarten Daily Length, Frequency of Service not available in CEDS DWH","Element :Kindergarten Daily Length, Frequency of Service not available in CEDS DWH",,,,,,,
"5. Are students demonstrating satisfactory academic progress, consistent attendance, and positive behavior to be considered on track in the early grades?","Social, Emotional, & Physical Wellbeing",Outcomes & Milestones,PK,"Kindergarten readiness: perceptual, motor, and physical development","Percentage of children meeting benchmarks on teacher-reported kindergarten readiness assessment, such as the following: 
o	The DRDP Physical Development – Health domain 
o	R4K ELA Physical Well-Being and Motor Development domain 
o	TS GOLD Physical subscale",Results on teacher-reported kindergarten readiness assessment (physical development) (PK),Likely not available,"

Assessment.AssessmentIdentifier, StudentAssessmentPerformanceLevel.PerfomanceLevelDescriptorId
PerformanceLevelDescriptor.DescriptorId",,,,,Manual,Not Available,,,PK Tables not available in CEDS DWH,,,,,,,,
"5. Are students demonstrating satisfactory academic progress, consistent attendance, and positive behavior to be considered on track in the early grades?","Social, Emotional, & Physical Wellbeing",Outcomes & Milestones,PK,"Kindergarten readiness: perceptual, motor, and physical development","Percentage of students meeting benchmarks on direct child assessment administered by healthcare professionals or other qualified adults, such as the Peabody Developmental Motor Scale",Results on direct child assessments of physical development (PK),Likely not available,"

Assessment.AssessmentIdentifier, StudentAssessmentPerformanceLevel.PerfomanceLevelDescriptorId
PerformanceLevelDescriptor.DescriptorId",,,,First Class Pre-K Guidelines,Semi-Automated,Partially Available,Only administered to children in the First Class Pre-K program,,PK Tables not available in CEDS DWH,,,,,,,,
"5. Are students demonstrating satisfactory academic progress, consistent attendance, and positive behavior to be considered on track in the early grades?",Academic Progress & Completion,E-W System Conditions,PK,Equitable discipline practices,"Differences in the rates at which students from key demographic subgroups ever experience different forms of school discipline (office referrals, suspensions, expulsions, restraint, and exclusion) relative to those students’ representation in their school population as a whole",Office referrals (PK),Likely not available,"DisciplineAction.DisciplineDescriptor, DisciplineAction.Student, StudentEducationOrganizationAssociation.Race, StudentEducationOrganizationAssociation.Sex, StudentEducationOrganizationAssociation.StudentCharacteristic",,,,,Manual,Not Available,,,PK Tables not available in CEDS DWH,PK Tables not available in CEDS DWH,,,,,,,
"5. Are students demonstrating satisfactory academic progress, consistent attendance, and positive behavior to be considered on track in the early grades?",Academic Progress & Completion,E-W System Conditions,PK,Equitable discipline practices,"Differences in the rates at which students from key demographic subgroups ever experience different forms of school discipline (office referrals, suspensions, expulsions, restraint, and exclusion) relative to those students’ representation in their school population as a whole",Suspensions (PK),Likely not available,"DisciplineAction.DisciplineDescriptor, DisciplineAction.Student, StudentEducationOrganizationAssociation.Race, StudentEducationOrganizationAssociation.Sex, StudentEducationOrganizationAssociation.StudentCharacteristic",,,,ALSDE Data Code Manual,Automated,Available,,,PK Tables not available in CEDS DWH,PK Tables not available in CEDS DWH,,,,,,,
"5. Are students demonstrating satisfactory academic progress, consistent attendance, and positive behavior to be considered on track in the early grades?",Academic Progress & Completion,E-W System Conditions,PK,Equitable discipline practices,"Differences in the rates at which students from key demographic subgroups ever experience different forms of school discipline (office referrals, suspensions, expulsions, restraint, and exclusion) relative to those students’ representation in their school population as a whole",Expulsions (PK),Likely not available,"DisciplineAction.DisciplineDescriptor, DisciplineAction.Student, StudentEducationOrganizationAssociation.Race, StudentEducationOrganizationAssociation.Sex, StudentEducationOrganizationAssociation.StudentCharacteristic",,,,ALSDE Data Code Manual,Automated,Available,,,PK Tables not available in CEDS DWH,PK Tables not available in CEDS DWH,,,,,,,
"5. Are students demonstrating satisfactory academic progress, consistent attendance, and positive behavior to be considered on track in the early grades?",Academic Progress & Completion,E-W System Conditions,PK,Equitable discipline practices,"Differences in the rates at which students from key demographic subgroups ever experience different forms of school discipline (office referrals, suspensions, expulsions, restraint, and exclusion) relative to those students’ representation in their school population as a whole",Restraint (PK),Likely not available,"DisciplineAction.DisciplineDescriptor, DisciplineAction.Student, StudentEducationOrganizationAssociation.Race, StudentEducationOrganizationAssociation.Sex, StudentEducationOrganizationAssociation.StudentCharacteristic",,,,,Manual,Not Available,,,PK Tables not available in CEDS DWH,PK Tables not available in CEDS DWH,,,,,,,
"5. Are students demonstrating satisfactory academic progress, consistent attendance, and positive behavior to be considered on track in the early grades?",Academic Progress & Completion,E-W System Conditions,PK,Equitable discipline practices,"Differences in the rates at which students from key demographic subgroups ever experience different forms of school discipline (office referrals, suspensions, expulsions, restraint, and exclusion) relative to those students’ representation in their school population as a whole",Seclusion (PK),Likely not available,"DisciplineAction.DisciplineDescriptor, DisciplineAction.Student, StudentEducationOrganizationAssociation.Race, StudentEducationOrganizationAssociation.Sex, StudentEducationOrganizationAssociation.StudentCharacteristic",,,,,Manual,Not Available,,,PK Tables not available in CEDS DWH,PK Tables not available in CEDS DWH,,,,,,,
"5. Are students demonstrating satisfactory academic progress, consistent attendance, and positive behavior to be considered on track in the early grades?",Academic Progress & Completion,E-W System Conditions,PK,Equitable discipline practices,"Disproportionalities along the lines of key demographic characteristics in the level of school discipline experienced (for example, number of days suspended).",Number of days suspended (PK),Likely not available,DisciplineAction.DisciplineActionLength,,,,ALSDE Data Code Manual,Automated,Available,Must be cross reference with absence days,,PK Tables not available in CEDS DWH,PK Tables not available in CEDS DWH,,,,,,,
"5. Are students demonstrating satisfactory academic progress, consistent attendance, and positive behavior to be considered on track in the early grades?",Academic Progress & Completion,E-W System Conditions,K12,Equitable discipline practices,"Differences in the rates at which students from key demographic subgroups ever experience different forms of school discipline (office referrals, suspensions, expulsions, restraint, and exclusion) relative to those students’ representation in their school population as a whole",Office referrals,Found,"DisciplineAction.DisciplineDescriptor, DisciplineAction.Student, StudentEducationOrganizationAssociation.Race, StudentEducationOrganizationAssociation.Sex, StudentEducationOrganizationAssociation.StudentCharacteristic",Found,FactK12StudentDisciplines.DisciplineStatusId,FactK12StudentDisciplines.DisciplineStatusId,,Manual,Not Available,,,Missing option set value  : Office Discipline Referral  ,Missing option set value  : Office Discipline Referral  ,,,,,,,
"5. Are students demonstrating satisfactory academic progress, consistent attendance, and positive behavior to be considered on track in the early grades?",Academic Progress & Completion,E-W System Conditions,K12,Equitable discipline practices,"Differences in the rates at which students from key demographic subgroups ever experience different forms of school discipline (office referrals, suspensions, expulsions, restraint, and exclusion) relative to those students’ representation in their school population as a whole",Suspensions,Found,"DisciplineAction.DisciplineDescriptor, DisciplineAction.Student, StudentEducationOrganizationAssociation.Race, StudentEducationOrganizationAssociation.Sex, StudentEducationOrganizationAssociation.StudentCharacteristic",Found,FactK12StudentDisciplines.DisciplineStatusId,FactK12StudentDisciplines.DisciplineStatusId,ALSDE Data Code Manual,Automated,Available,,,"SELECT
    'Count of disciplinary action (Suspension) taken per race (K-12)' AS DataElementName,
    'RecordCount' AS CharacteristicType,
    CAST(COUNT(*) AS NVARCHAR(MAX)) AS Value,
    NULL AS Remarks
FROM RDS.FactK12StudentDisciplines fact
JOIN RDS.DimDisciplineStatuses discStat ON fact.DisciplineStatusId = discStat.DimDisciplineStatusId
WHERE discStat.DisciplinaryActionTakenCode IN 
        ('03071', '03099', '03100', '03101', '03102', '03154', '03155')
group by fact.RaceId","SELECT
    'Count of disciplinary action (Suspension)  (K-12)' AS DataElementName,
    'RecordCount' AS CharacteristicType,
    CAST(COUNT(*) AS NVARCHAR(MAX)) AS Value,
    NULL AS Remarks
FROM RDS.FactK12StudentDisciplines fact
JOIN RDS.DimDisciplineStatuses discStat ON fact.DisciplineStatusId = discStat.DimDisciplineStatusId
WHERE discStat.DisciplinaryActionTakenCode IN 
        ('03071', '03099', '03100', '03101', '03102', '03154', '03155')
","SELECT
    'Count of disciplinary action (Suspension) taken per race (K-12)' AS DataElementName,
    'RecordCount' AS CharacteristicType,
    CAST(COUNT(*) AS NVARCHAR(MAX)) AS Value,
    NULL AS Remarks
FROM RDS.FactK12StudentDisciplines fact
JOIN RDS.DimDisciplineStatuses discStat ON fact.DisciplineStatusId = discStat.DimDisciplineStatusId
WHERE discStat.DisciplinaryActionTakenCode IN 
        ('03071', '03099', '03100', '03101', '03102', '03154', '03155')
group by fact.RaceId",,,,,,
"5. Are students demonstrating satisfactory academic progress, consistent attendance, and positive behavior to be considered on track in the early grades?",Academic Progress & Completion,E-W System Conditions,K12,Equitable discipline practices,"Differences in the rates at which students from key demographic subgroups ever experience different forms of school discipline (office referrals, suspensions, expulsions, restraint, and exclusion) relative to those students’ representation in their school population as a whole",Expulsions,Found,"DisciplineAction.DisciplineDescriptor, DisciplineAction.Student, StudentEducationOrganizationAssociation.Race, StudentEducationOrganizationAssociation.Sex, StudentEducationOrganizationAssociation.StudentCharacteristic",Found,FactK12StudentDisciplines.DisciplineStatusId,FactK12StudentDisciplines.DisciplineStatusId,ALSDE Data Code Manual,Automated,Available,,,"SELECT
    'Count of disciplinary action (Expulsion) taken per race (K-12)' AS DataElementName,
    'RecordCount' AS CharacteristicType,
    CAST(COUNT(*) AS NVARCHAR(MAX)) AS Value,
    NULL AS Remarks
FROM RDS.FactK12StudentDisciplines fact
JOIN RDS.DimDisciplineStatuses discStat ON fact.DisciplineStatusId = discStat.DimDisciplineStatusId
WHERE discStat.DisciplinaryActionTakenCode IN 
        ('03085', '03086', '03087')
group by fact.RaceId","SELECT
    'Count of disciplinary action (Expulsion) (K-12)' AS DataElementName,
    'RecordCount' AS CharacteristicType,
    CAST(COUNT(*) AS NVARCHAR(MAX)) AS Value,
    NULL AS Remarks
FROM RDS.FactK12StudentDisciplines fact
JOIN RDS.DimDisciplineStatuses discStat ON fact.DisciplineStatusId = discStat.DimDisciplineStatusId
WHERE discStat.DisciplinaryActionTakenCode IN 
        ('03085', '03086', '03087')","SELECT
    'Count of disciplinary action (Expulsion) taken per race (K-12)' AS DataElementName,
    'RecordCount' AS CharacteristicType,
    CAST(COUNT(*) AS NVARCHAR(MAX)) AS Value,
    NULL AS Remarks
FROM RDS.FactK12StudentDisciplines fact
JOIN RDS.DimDisciplineStatuses discStat ON fact.DisciplineStatusId = discStat.DimDisciplineStatusId
WHERE discStat.DisciplinaryActionTakenCode IN 
        ('03085', '03086', '03087')
group by fact.RaceId",,,,,,
"5. Are students demonstrating satisfactory academic progress, consistent attendance, and positive behavior to be considered on track in the early grades?",Academic Progress & Completion,E-W System Conditions,K12,Equitable discipline practices,"Differences in the rates at which students from key demographic subgroups ever experience different forms of school discipline (office referrals, suspensions, expulsions, restraint, and exclusion) relative to those students’ representation in their school population as a whole",Restraint,Found,"DisciplineAction.DisciplineDescriptor, DisciplineAction.Student, StudentEducationOrganizationAssociation.Race, StudentEducationOrganizationAssociation.Sex, StudentEducationOrganizationAssociation.StudentCharacteristic",Found,FactK12StudentDisciplines.DisciplineStatusId,FactK12StudentDisciplines.DisciplineStatusId,,Manual,Not Available,,,"SELECT
    'Count of disciplinary action (Restraint) taken per race (K-12)' AS DataElementName,
    'RecordCount' AS CharacteristicType,
    CAST(COUNT(*) AS NVARCHAR(MAX)) AS Value,
    NULL AS Remarks
FROM RDS.FactK12StudentDisciplines fact
JOIN RDS.DimDisciplineStatuses discStat ON fact.DisciplineStatusId = discStat.DimDisciplineStatusId
WHERE discStat.DisciplinaryActionTakenCode IN 
        ('13357', '13358')
group by fact.RaceId","SELECT
    'Count of disciplinary action (Restraint)  (K-12)' AS DataElementName,
    'RecordCount' AS CharacteristicType,
    CAST(COUNT(*) AS NVARCHAR(MAX)) AS Value,
    NULL AS Remarks
FROM RDS.FactK12StudentDisciplines fact
JOIN RDS.DimDisciplineStatuses discStat ON fact.DisciplineStatusId = discStat.DimDisciplineStatusId
WHERE discStat.DisciplinaryActionTakenCode IN 
        ('13357', '13358')
","SELECT
    'Count of disciplinary action (Restraint) taken per race (K-12)' AS DataElementName,
    'RecordCount' AS CharacteristicType,
    CAST(COUNT(*) AS NVARCHAR(MAX)) AS Value,
    NULL AS Remarks
FROM RDS.FactK12StudentDisciplines fact
JOIN RDS.DimDisciplineStatuses discStat ON fact.DisciplineStatusId = discStat.DimDisciplineStatusId
WHERE discStat.DisciplinaryActionTakenCode IN 
        ('13357', '13358')
group by fact.RaceId",,,,,,
"5. Are students demonstrating satisfactory academic progress, consistent attendance, and positive behavior to be considered on track in the early grades?",Academic Progress & Completion,E-W System Conditions,K12,Equitable discipline practices,"Differences in the rates at which students from key demographic subgroups ever experience different forms of school discipline (office referrals, suspensions, expulsions, restraint, and exclusion) relative to those students’ representation in their school population as a whole",Seclusion,Found,"DisciplineAction.DisciplineDescriptor, DisciplineAction.Student, StudentEducationOrganizationAssociation.Race, StudentEducationOrganizationAssociation.Sex, StudentEducationOrganizationAssociation.StudentCharacteristic",Found,FactK12StudentDisciplines.DisciplineStatusId,FactK12StudentDisciplines.DisciplineStatusId,,Manual,Not Available,,,"SELECT
    'Count of disciplinary action (Seclusion) taken per race (K-12)' AS DataElementName,
    'RecordCount' AS CharacteristicType,
    CAST(COUNT(*) AS NVARCHAR(MAX)) AS Value,
    NULL AS Remarks
FROM RDS.FactK12StudentDisciplines fact
JOIN RDS.DimDisciplineStatuses discStat ON fact.DisciplineStatusId = discStat.DimDisciplineStatusId
WHERE discStat.DisciplinaryActionTakenCode IN 
        ('13359')
group by fact.RaceId","SELECT
    'Count of disciplinary action (Seclusion)  (K-12)' AS DataElementName,
    'RecordCount' AS CharacteristicType,
    CAST(COUNT(*) AS NVARCHAR(MAX)) AS Value,
    NULL AS Remarks
FROM RDS.FactK12StudentDisciplines fact
JOIN RDS.DimDisciplineStatuses discStat ON fact.DisciplineStatusId = discStat.DimDisciplineStatusId
WHERE discStat.DisciplinaryActionTakenCode IN 
        ('13359')","SELECT
    'Count of disciplinary action (Seclusion) taken per race (K-12)' AS DataElementName,
    'RecordCount' AS CharacteristicType,
    CAST(COUNT(*) AS NVARCHAR(MAX)) AS Value,
    NULL AS Remarks
FROM RDS.FactK12StudentDisciplines fact
JOIN RDS.DimDisciplineStatuses discStat ON fact.DisciplineStatusId = discStat.DimDisciplineStatusId
WHERE discStat.DisciplinaryActionTakenCode IN 
        ('13359')
group by fact.RaceId",,,,,,
"5. Are students demonstrating satisfactory academic progress, consistent attendance, and positive behavior to be considered on track in the early grades?",Academic Progress & Completion,E-W System Conditions,K12,Equitable discipline practices,"Disproportionalities along the lines of key demographic characteristics in the level of school discipline experienced (for example, number of days suspended).",Number of days suspended,Found,DisciplineAction.DisciplineActionLength,Found,FactK12StudentDisciplines.DurationOfDisciplinaryAction,FactK12StudentDisciplines.DurationOfDisciplinaryAction,ALSDE Data Code Manual,Automated,Available,Must be cross reference with absence days,,"SELECT
    'Number of days suspended per race (K-12)' AS DataElementName,
    'RecordCount' AS CharacteristicType,
    CAST(COUNT(*) AS NVARCHAR(MAX)) AS Value,
    NULL AS Remarks
FROM RDS.FactK12StudentDisciplines fact
JOIN RDS.DimDisciplineStatuses discStat ON fact.DisciplineStatusId = discStat.DimDisciplineStatusId
WHERE discStat.DisciplinaryActionTakenCode IN 
        ('03071', '03099', '03100', '03101', '03102', '03154', '03155')
group by fact.RaceId","SELECT
    'Number of days suspended (K-12)' AS DataElementName,
    'RecordCount' AS CharacteristicType,
    CAST(COUNT(*) AS NVARCHAR(MAX)) AS Value,
    NULL AS Remarks
FROM RDS.FactK12StudentDisciplines fact
JOIN RDS.DimDisciplineStatuses discStat ON fact.DisciplineStatusId = discStat.DimDisciplineStatusId
WHERE discStat.DisciplinaryActionTakenCode IN 
        ('03071', '03099', '03100', '03101', '03102', '03154', '03155')","SELECT
    'Number of days suspended per race (K-12)' AS DataElementName,
    'RecordCount' AS CharacteristicType,
    CAST(COUNT(*) AS NVARCHAR(MAX)) AS Value,
    NULL AS Remarks
FROM RDS.FactK12StudentDisciplines fact
JOIN RDS.DimDisciplineStatuses discStat ON fact.DisciplineStatusId = discStat.DimDisciplineStatusId
WHERE discStat.DisciplinaryActionTakenCode IN 
        ('03071', '03099', '03100', '03101', '03102', '03154', '03155')
group by fact.RaceId",,,,,,
"5. Are students demonstrating satisfactory academic progress, consistent attendance, and positive behavior to be considered on track in the early grades?",Academic Progress & Completion,E-W System Conditions,K12,Teachers' contributions to student learning growth,"Percentage of instructors demonstrating above average contributions to student learning, as measured by student growth on state standardized tests or other outcomes (for example, using value-added models or student growth percentiles)","SGP for standardized assessments (subject specific for reading/literacy, math, and science)",Partial,"

Assessment.AssessmentIdentifier, StudentAssessmentPerformanceLevel.PerfomanceLevelDescriptorId
PerformanceLevelDescriptor.DescriptorId",Found,FactK12StudentAssessments.AssessmentResultScoreValueScaleScore,FactK12StudentAssessments.AssessmentResultScoreValueScaleScore,,Manual,Not Available,,,"select  'Instructors demonstrating above average contributions(K-12)' AS DataElementName,
                'RecordCount' AS CharacteristicType,  
                count(1) AS Value,
                NULL AS Remarks
                from rds.FactK12StudentAssessments ase  
                join  RDS.FactK12StudentEnrollments f on f.K12StudentId = ase.K12StudentId
        join RDS.DimAssessments da on da.DimAssessmentId = ase.AssessmentId
                join RDS.DimGradeLevels g on f.EntryGradeLevelId = g.DimGradeLevelId
                                join RDS.DimAssessmentSubtests s on ase.AssessmentSubtestId = s.DimAssessmentSubtestId
                                --join RDS.DimAssessmentResults ar on ar.DimAssessmentResultId = ase.AssessmentResultId        
                where  ase.AssessmentResultScoreValueScaleScore is not null
                        and da.AssessmentTypeCode = 'GrowthMeasure' 
                        and da.AssessmentAcademicSubjectCode in ('01166', '13373', '00562', '13374')
                                                and s.AssessmentPurpose = 'Assessment of student''s progress'
                                                --and ar.AssessmentScoreMetricTypeCode in  ('03474', '03478', '03479')","select  'Instructors demonstrating above average contributions(K-12)' AS DataElementName,
                'RecordCount' AS CharacteristicType,  
                count(1) AS Value,
                NULL AS Remarks
                from rds.FactK12StudentAssessments ase  
                join  RDS.FactK12StudentEnrollments f on f.K12StudentId = ase.K12StudentId
        join RDS.DimAssessments da on da.DimAssessmentId = ase.AssessmentId
                join RDS.DimGradeLevels g on f.EntryGradeLevelId = g.DimGradeLevelId
                                join RDS.DimAssessmentSubtests s on ase.AssessmentSubtestId = s.DimAssessmentSubtestId     
                where  ase.AssessmentResultScoreValueScaleScore is not null
                ","select  'Instructors demonstrating above average contributions(K-12)' AS DataElementName,
                'RecordCount' AS CharacteristicType,  
                count(1) AS Value,
                NULL AS Remarks
                from rds.FactK12StudentAssessments ase  
                join  RDS.FactK12StudentEnrollments f on f.K12StudentId = ase.K12StudentId
        join RDS.DimAssessments da on da.DimAssessmentId = ase.AssessmentId
                join RDS.DimGradeLevels g on f.EntryGradeLevelId = g.DimGradeLevelId
                                join RDS.DimAssessmentSubtests s on ase.AssessmentSubtestId = s.DimAssessmentSubtestId     
                where  ase.AssessmentResultScoreValueScaleScore is not null
                        and da.AssessmentTypeCode = 'GrowthMeasure' 
                        and da.AssessmentAcademicSubjectCode in ('01166', '13373', '00562', '13374')
                                                and s.AssessmentPurpose = 'Assessment of student''s progress",,,,,,
"5. Are students demonstrating satisfactory academic progress, consistent attendance, and positive behavior to be considered on track in the early grades?",Academic Progress & Completion,E-W System Conditions,K12,Teachers' contributions to student learning growth,"Percentage of instructors demonstrating above average contributions to student learning, as measured by student growth on state standardized tests or other outcomes (for example, using value-added models or student growth percentiles)",VAM for subject specific assessment,Partial,"

Assessment.AssessmentIdentifier, StudentAssessmentPerformanceLevel.PerfomanceLevelDescriptorId
PerformanceLevelDescriptor.DescriptorId",Not Found,N/A,N/A,,Manual,Not Available,,,Not sure about VAM in CEDS DWH,Not sure about VAM in CEDS DWH,,,,,,,
"5. Are students demonstrating satisfactory academic progress, consistent attendance, and positive behavior to be considered on track in the early grades?",Academic Progress & Completion,E-W System Conditions,PS,Teachers' contributions to student learning growth,"Percentage of instructors demonstrating above average contributions to student learning, as measured by student growth on state standardized tests or other outcomes (for example, using value-added models or student growth percentiles)","SGP for standardized assessments (subject specific for reading/literacy, math, and science)",Not Found,N/A,Not Found,N/A,N/A,,Manual,Not Available,,,CEDS DWH does not contain tables to relate PS students and Assessments,CEDS DWH does not contain tables to relate PS students and Assessments,,,,,,,
"5. Are students demonstrating satisfactory academic progress, consistent attendance, and positive behavior to be considered on track in the early grades?",Academic Progress & Completion,E-W System Conditions,PS,Teachers' contributions to student learning growth,"Percentage of instructors demonstrating above average contributions to student learning, as measured by student growth on state standardized tests or other outcomes (for example, using value-added models or student growth percentiles)",VAM for subject specific assessment,Not Found,N/A,Not Found,N/A,N/A,,Manual,Not Available,,,CEDS DWH does not contain tables to relate PS students and Assessments,CEDS DWH does not contain tables to relate PS students and Assessments,,,,,,,
"5. Are students demonstrating satisfactory academic progress, consistent attendance, and positive behavior to be considered on track in the early grades?",Academic Progress & Completion,E-W System Conditions,PK,"Access to quality, culturally responsive curricula","Percentage of teachers regularly using standards-aligned, culturally responsive curricula","Percentage of teachers regularly using standards-aligned, culturally responsive curricula",Not Found,N/A,,,,,Manual,Not Available,,Heavy Lift,PK Tables not available in CEDS DWH,PK Tables not available in CEDS DWH,,,,,,,
"5. Are students demonstrating satisfactory academic progress, consistent attendance, and positive behavior to be considered on track in the early grades?",Academic Progress & Completion,E-W System Conditions,K12,"Access to quality, culturally responsive curricula","Percentage of teachers regularly using standards-aligned, culturally responsive curricula","Percentage of teachers regularly using standards-aligned, culturally responsive curricula",Not Found,N/A,Not Found,N/A,N/A,,Manual,Not Available,,Heavy Lift,Not Found,Not Found,,,,,,,
"5. Are students demonstrating satisfactory academic progress, consistent attendance, and positive behavior to be considered on track in the early grades?",Academic Progress & Completion,E-W System Conditions,PS,"Access to quality, culturally responsive curricula","Percentage of teachers regularly using standards-aligned, culturally responsive curricula","Percentage of teachers regularly using standards-aligned, culturally responsive curricula",Not Found,N/A,Not Found,N/A,N/A,,Manual,Not Available,,Heavy Lift,Not Found,Not Found,,,,,,,
"5. Are students demonstrating satisfactory academic progress, consistent attendance, and positive behavior to be considered on track in the early grades?",Academic Progress & Completion,E-W System Conditions,K12,Access to full-day kindergarten,Percentage of schools and districts offering kindergarten programs that are six hours per day for five days per week,Kindergarten program hours per day,Not Found,N/A,Not Found,N/A,N/A,,Manual,Not Available,,,"Element :Kindergarten Daily Length, Frequency of Service not available in CEDS DWH","Element :Kindergarten Daily Length, Frequency of Service not available in CEDS DWH",,,,,,,
"5. Are students demonstrating satisfactory academic progress, consistent attendance, and positive behavior to be considered on track in the early grades?",Academic Progress & Completion,E-W System Conditions,K12,Access to full-day kindergarten,Percentage of schools and districts offering kindergarten programs that are six hours per day for five days per week,Kindergarten program days per week,Not Found,N/A,Not Found,N/A,N/A,,Manual,Not Available,,,"Element :Kindergarten Daily Length, Frequency of Service not available in CEDS DWH","Element :Kindergarten Daily Length, Frequency of Service not available in CEDS DWH",,,,,,,
"5. Are students demonstrating satisfactory academic progress, consistent attendance, and positive behavior to be considered on track in the early grades?",Academic Progress & Completion,E-W System Conditions,PK,Classroom observations of instructional practice,"Scores on measures of teacher–child interactions, such as the Classroom Assessment Scoring System (CLASS),  the Early Childhood Environment Rating Scale (ECERS) Interactions subscale,  or the Assessing Classroom Sociocultural Equity Scale (ACSES)  (which assesses equitable classroom interactions)",Results on teacher-child interaction measure,Likely not available,"PerformanceEvaluationRating.PerformanceEvaluationRatingResult (TPDM), EvaluationRatingRatingResult.Rating (TPDM)",,,,,Manual,Not Available,,,PK Tables not available in CEDS DWH,PK Tables not available in CEDS DWH,,,,,,,
"5. Are students demonstrating satisfactory academic progress, consistent attendance, and positive behavior to be considered on track in the early grades?",Academic Progress & Completion,E-W System Conditions,K12,Classroom observations of instructional practice,"Teachers’ overall and subscale scores on an observation rubric associated with an educator observation system; examples of common frameworks include the Danielson’s Framework for Teaching ,   and the Marzano Causal Teacher Evaluation Model",Overall teacher observation score,Found,"PerformanceEvaluationRating.PerformanceEvaluationRatingResult (TPDM), EvaluationRatingRatingResult.Rating (TPDM)","Not Found in V11 
Found in V13",N/A,FactK12StaffAssessments.AssessmentResultScoreValueScaleScore,Alabama Teacher Growth Program,Automated,Available,Data not publicly available,,"Available fields:
                AssessmentResultScoreValueScaleScore is not null
                AssessmentTypeCode = 'Observation' 
               AssessmentIdentifier ='overall assessment code'

Missing tables in CEDS DWH to store relation between staff and assessment results
Missing column in CEDS DWH :Staff Evaluation System","Available fields:
                AssessmentResultScoreValueScaleScore is not null
                AssessmentTypeCode = 'Observation' 
               AssessmentIdentifier ='overall assessment code'

Missing tables in CEDS DWH to store relation between staff and assessment results
Missing column in CEDS DWH :Staff Evaluation System",,,,,,,
"5. Are students demonstrating satisfactory academic progress, consistent attendance, and positive behavior to be considered on track in the early grades?",Academic Progress & Completion,E-W System Conditions,K12,Classroom observations of instructional practice,"Teachers’ overall and subscale scores on an observation rubric associated with an educator observation system; examples of common frameworks include the Danielson’s Framework for Teaching ,   and the Marzano Causal Teacher Evaluation Model",Subscale observation scores,Found,"PerformanceEvaluationRating.PerformanceEvaluationRatingResult (TPDM), EvaluationRatingRatingResult.Rating (TPDM)","Not Found in V11 
Found in V13",N/A,FactK12StaffAssessments.AssessmentResultScoreValueScaleScore,Alabama Teacher Growth Program,Automated,Available,Data not publicly available,,"Available fields:
                AssessmentResultScoreValueScaleScore is not null
                AssessmentTypeCode = 'Observation' 
               AssessmentIdentifier =subscale assessment code'

Missing tables in CEDS DWH to store relation between staff and assessment results
Missing column in CEDS DWH :Staff Evaluation System","select
    'Subscale observation scores (K-12)' AS DataElementName,
    'RecordCount' AS CharacteristicType,
     CAST(COUNT(*) AS NVARCHAR(MAX)) AS Value,
    NULL AS Remarks 
from RDS.FactK12StaffAssessments f
join RDS.DimAssessments d
on f.AssessmentId = d.DimAssessmentId
where d.AssessmentTypeAdministeredDescription like '%observation%' 
    and f.AssessmentResultScoreValueScaleScore is not null;",,,,,,,
"5. Are students demonstrating satisfactory academic progress, consistent attendance, and positive behavior to be considered on track in the early grades?",Academic Progress & Completion,E-W System Conditions,PS,Classroom observations of instructional practice,"Postsecondary: There are currently no widely used standardized rubrics for peer observations of college teaching, though multiple researchers and universities have produced guidance surrounding the peer observation process",Instructor observation results,Likely not available,"PerformanceEvaluationRating.PerformanceEvaluationRatingResult (TPDM), EvaluationRatingRatingResult.Rating (TPDM)",Not Found,N/A,N/A,,Manual,Not Available,,,"
Missing tables in CEDS DWH to store relation between  PS staff and assessment results
","
Missing tables in CEDS DWH to store relation between  PS staff and assessment results
",,,,,,,
"5. Are students demonstrating satisfactory academic progress, consistent attendance, and positive behavior to be considered on track in the early grades?","Social, Emotional, & Physical Wellbeing",Outcomes & Milestones,PK,Kindergarten readiness: approaches to learning,"Percentage of students meeting benchmarks on teacher-reported kindergarten readiness assessment, such as the following:
o	The DRDP Approaches to Learning – Self-Regulation domain  
o	TS GOLD Cognitive subscale",Results on teacher-reported kindergarten readiness assessment (self-regulation; approaches to learning; executive function) (PK),Likely not available,"

Assessment.AssessmentIdentifier, StudentAssessmentPerformanceLevel.PerfomanceLevelDescriptorId
PerformanceLevelDescriptor.DescriptorId",,,,,Manual,Not Available,,,PK Tables not available in CEDS DWH,,,,,,,,
"5. Are students demonstrating satisfactory academic progress, consistent attendance, and positive behavior to be considered on track in the early grades?","Social, Emotional, & Physical Wellbeing",Outcomes & Milestones,PK,Kindergarten readiness: approaches to learning,"Percentage of students meeting benchmarks on teacher reports of children's executive function, such as the CBRS",Results on teacher reports of executive function (PK),Likely not available,"

Assessment.AssessmentIdentifier, StudentAssessmentPerformanceLevel.PerfomanceLevelDescriptorId
PerformanceLevelDescriptor.DescriptorId",,,,,Manual,Not Available,,,PK Tables not available in CEDS DWH,,,,,,,,
"5. Are students demonstrating satisfactory academic progress, consistent attendance, and positive behavior to be considered on track in the early grades?","Social, Emotional, & Physical Wellbeing",Outcomes & Milestones,PK,Kindergarten readiness: approaches to learning,"Percentage of students meeting benchmarks on a direct child assessment  such as the following: 
o	The Heads Toes Knees Shoulders (HTKS) task, administered by teachers  
o	The Minnesota Executive Function Scale (MEFS), self-administered on a tablet",Results on direct child assessments of executive function (PK),Likely not available,"

Assessment.AssessmentIdentifier, StudentAssessmentPerformanceLevel.PerfomanceLevelDescriptorId
PerformanceLevelDescriptor.DescriptorId",,,,,Manual,Not Available,,,PK Tables not available in CEDS DWH,,,,,,,,
"5. Are students demonstrating satisfactory academic progress, consistent attendance, and positive behavior to be considered on track in the early grades?","Social, Emotional, & Physical Wellbeing",Outcomes & Milestones,PK,Kindergarten readiness: cognition,"Percentage of children meeting benchmarks on teacher-reported kindergarten readiness assessment, such as: 
o	Desired Results Developmental Profile [DRDP ] Cognition domain 
o	Ready 4 Kindergarten Early Learning Assessment [R4K ELA] Mathematics and Science domains 
o	Teaching Strategies GOLD [TS GOLD] Cognitive and Mathematics subscales",Results on kindergarten readiness assessment (cognition) (PK),Likely not available,"

Assessment.AssessmentIdentifier, StudentAssessmentPerformanceLevel.PerfomanceLevelDescriptorId
PerformanceLevelDescriptor.DescriptorId",,,,,Automated,Available,,,PK Tables not available in CEDS DWH,,,,,,,,
"5. Are students demonstrating satisfactory academic progress, consistent attendance, and positive behavior to be considered on track in the early grades?","Social, Emotional, & Physical Wellbeing",Outcomes & Milestones,PK,Kindergarten readiness: cognition,"Percentage of children meeting benchmarks on direct child assessments, such as:
o	Woodcock-Johnson IV Tests of Early Cognition and Academic Development [ECAD] Number Sense subtest 
o	Individual Growth and Development Indicators [IGDIs] Early Numeracy assessment 
o	Research Based Early Mathematics Assessment ([REMA)]",Results on direct child assessment (cognition) (PK),Likely not available,"

Assessment.AssessmentIdentifier, StudentAssessmentPerformanceLevel.PerfomanceLevelDescriptorId
PerformanceLevelDescriptor.DescriptorId",,,,,Manual,Not Available,,,PK Tables not available in CEDS DWH,,,,,,,,
"5. Are students demonstrating satisfactory academic progress, consistent attendance, and positive behavior to be considered on track in the early grades?","Social, Emotional, & Physical Wellbeing",Outcomes & Milestones,PK,Kindergarten readiness: language and literacy,"Percentage of children meeting benchmarks on a teacher-reported kindergarten readiness assessment, such as:
o        Desired Results Developmental Profile ([DRDP)] Language and Literacy Development domain 
o        Ready 4 Kindergarten Early Learning Assessment ([R4K ELA)] Language and Literacy domain 
o        Teaching Strategies GOLD ([TS GOLD)] Language and Literacy subscales",Results on teacher-reported kindergarten readiness assessment (language and literacy) (PK),Likely not available,"

Assessment.AssessmentIdentifier, StudentAssessmentPerformanceLevel.PerfomanceLevelDescriptorId
PerformanceLevelDescriptor.DescriptorId",,,,,Automated,Available,,,PK Tables not available in CEDS DWH,,,,,,,,
"5. Are students demonstrating satisfactory academic progress, consistent attendance, and positive behavior to be considered on track in the early grades?","Social, Emotional, & Physical Wellbeing",Outcomes & Milestones,PK,Kindergarten readiness: language and literacy,"Percentage of children meeting benchmarks on direct child assessments administered by trained assessors, such as: 
o        Woodcock-Johnson IV Tests of Early Cognition and Academic Development ([ECAD)] Letter-Word and Writing subtests 
o         Individual Growth and Development Indicators ([IGDIs)] Early Literacy assessment",Results on direct child assessment (language and literacy) (PK),Likely not available,"

Assessment.AssessmentIdentifier, StudentAssessmentPerformanceLevel.PerfomanceLevelDescriptorId
PerformanceLevelDescriptor.DescriptorId",,,,,Manual,Not Available,,,PK Tables not available in CEDS DWH,,,,,,,,
"5. Are students demonstrating satisfactory academic progress, consistent attendance, and positive behavior to be considered on track in the early grades?","Social, Emotional, & Physical Wellbeing",Outcomes & Milestones,PK,"Kindergarten readiness: perceptual, motor, and physical development","Percentage of children meeting benchmarks on teacher-reported kindergarten readiness assessment, such as the following: 
o	The DRDP Physical Development – Health domain 
o	R4K ELA Physical Well-Being and Motor Development domain 
o	TS GOLD Physical subscale",Results on teacher-reported kindergarten readiness assessment (physical development),Likely not available,"

Assessment.AssessmentIdentifier, StudentAssessmentPerformanceLevel.PerfomanceLevelDescriptorId
PerformanceLevelDescriptor.DescriptorId",,,,,Manual,Not Available,,,PK Tables not available in CEDS DWH,,,,,,,,
"5. Are students demonstrating satisfactory academic progress, consistent attendance, and positive behavior to be considered on track in the early grades?","Social, Emotional, & Physical Wellbeing",Outcomes & Milestones,PK,"Kindergarten readiness: perceptual, motor, and physical development","Percentage of students meeting benchmarks on direct child assessment administered by healthcare professionals or other qualified adults, such as the Peabody Developmental Motor Scale",Results on teacher-reported kindergarten readiness assessment (physical development) (PK),Likely not available,"

Assessment.AssessmentIdentifier, StudentAssessmentPerformanceLevel.PerfomanceLevelDescriptorId
PerformanceLevelDescriptor.DescriptorId",,,,,Manual,Not Available,,,PK Tables not available in CEDS DWH,,,,,,,,
"5. Are students demonstrating satisfactory academic progress, consistent attendance, and positive behavior to be considered on track in the early grades?","Social, Emotional, & Physical Wellbeing",Outcomes & Milestones,PK,Kindergarten readiness: social-emotional development,"Percentage of students meeting benchmarks on teacher-reported kindergarten readiness assessment, such as the following:
o The DRDP Social and Emotional Development domain
o R4K ELA Social Foundations domain
o TS GOLD Social-Emotional subscale",Results on teacher-reported kindergarten readiness assessment (social-emotional development) (PK),Likely not available,"

Assessment.AssessmentIdentifier, StudentAssessmentPerformanceLevel.PerfomanceLevelDescriptorId
PerformanceLevelDescriptor.DescriptorId",,,,,Manual,Not Available,,,PK Tables not available in CEDS DWH,,,,,,,,
"5. Are students demonstrating satisfactory academic progress, consistent attendance, and positive behavior to be considered on track in the early grades?","Social, Emotional, & Physical Wellbeing",Outcomes & Milestones,PK,Kindergarten readiness: social-emotional development,"Percentage of students meeting benchmarks on teacher reports, such as the following:
o The Child Behavior Rating Scale (CBRS) 
o Devereaux Early Childhood Assessment Preschool Program (DECA-P2)",Results on teacher reports of social-emotional development (PK),Likely not available,"

Assessment.AssessmentIdentifier, StudentAssessmentPerformanceLevel.PerfomanceLevelDescriptorId
PerformanceLevelDescriptor.DescriptorId",,,,,Manual,Not Available,,,PK Tables not available in CEDS DWH,,,,,,,,
"5. Are students demonstrating satisfactory academic progress, consistent attendance, and positive behavior to be considered on track in the early grades?",Academic Progress & Completion,Outcomes & Milestones,K12,Early grades on track,"Percentage of students in grades 1 and 2 meeting grade-level math and reading benchmarks, with an attendance rate of 90 percent or higher, and no in- or out-of-school suspensions",Student grade level,Found,StudentSchoolAssociation.EntryGradeLevel,Found,FactK12Enrollments.EntryGradeId,FactK12Enrollments.EntryGradeId,ALSDE Data Code Manual,Automated,Available,,,"select
        'Number of Students (Grade 1 and 2)' AS DataElementName,
    'RecordCount' AS CharacteristicType,
        CAST(COUNT(*) AS NVARCHAR(MAX)) AS Value,
    NULL AS Remarks
    from
        RDS.FactK12StudentEnrollments f
        join RDS.DimGradeLevels g on f.EntryGradeLevelId = g.DimGradeLevelId
    where
         g.GradeLevelCode in ('01', '02')","select
        'Number of Students (Grade 1 and 2)' AS DataElementName,
    'RecordCount' AS CharacteristicType,
        CAST(COUNT(*) AS NVARCHAR(MAX)) AS Value,
    NULL AS Remarks
    from
        RDS.FactK12StudentEnrollments f
        join RDS.DimGradeLevels g on f.EntryGradeLevelId = g.DimGradeLevelId
    where
         g.GradeLevelCode in ('01', '02')",,,,,,,
"5. Are students demonstrating satisfactory academic progress, consistent attendance, and positive behavior to be considered on track in the early grades?",Academic Progress & Completion,Outcomes & Milestones,K12,Early grades on track,"Percentage of students in grades 1 and 2 meeting grade-level math and reading benchmarks, with an attendance rate of 90 percent or higher, and no in- or out-of-school suspensions",Math proficiency (or math assessment score) (Grade 1 & 2),Found,"

Assessment.AssessmentIdentifier, StudentAssessmentPerformanceLevel.PerfomanceLevelDescriptorId
PerformanceLevelDescriptor.DescriptorId",Found,FactK12StudentAssessments.AssessmentId,FactK12StudentAssessments.AssessmentId,Student Data Application Guide,Automated,Available,p. 88,,"select  
        'Students meet Assessment Benchmark (K-12)' AS DataElementName,
                'RecordCount' AS CharacteristicType,  
                count(1) AS Value,
                NULL AS Remarks
                from rds.FactK12StudentAssessments ase  
                join  RDS.FactK12StudentEnrollments f on f.K12StudentId = ase.K12StudentId
        join RDS.DimAssessments da on da.DimAssessmentId = ase.AssessmentId
                join RDS.DimGradeLevels g on f.EntryGradeLevelId = g.DimGradeLevelId
                where  ase.AssessmentResultScoreValueScaleScore is not null
                        and da.AssessmentTypeCode = 'Benchmark' 
                        and da.AssessmentAcademicSubjectCode in ('01166')","select  
        'Students meet Assessment Benchmark (K-12)' AS DataElementName,
                'RecordCount' AS CharacteristicType,  
                count(1) AS Value,
                NULL AS Remarks
                from rds.FactK12StudentAssessments ase  
                join  RDS.FactK12StudentEnrollments f on f.K12StudentId = ase.K12StudentId
        join RDS.DimAssessments da on da.DimAssessmentId = ase.AssessmentId
                join RDS.DimGradeLevels g on f.EntryGradeLevelId = g.DimGradeLevelId
                where  ase.AssessmentResultScoreValueScaleScore is not null
                        and da.AssessmentTypeCode = 'Benchmark' 
                        and da.AssessmentAcademicSubjectCode in ('01166')",,,,,,,
"5. Are students demonstrating satisfactory academic progress, consistent attendance, and positive behavior to be considered on track in the early grades?",Academic Progress & Completion,Outcomes & Milestones,K12,Early grades on track,"Percentage of students in grades 1 and 2 meeting grade-level math and reading benchmarks, with an attendance rate of 90 percent or higher, and no in- or out-of-school suspensions",Reading proficiency (or reading assessment score) (Grade 1 & 2),Found,"

Assessment.AssessmentIdentifier, StudentAssessmentPerformanceLevel.PerfomanceLevelDescriptorId
PerformanceLevelDescriptor.DescriptorId",Found,FactK12StudentAssessments.AssessmentId,FactK12StudentAssessments.AssessmentId,Student Data Application Guide,Automated,Available,p. 88,,"select  
        'Students meet Assessment Benchmark (K-12)' AS DataElementName,
                'RecordCount' AS CharacteristicType,  
                count(1) AS Value,
                NULL AS Remarks
                from rds.FactK12StudentAssessments ase  
                join  RDS.FactK12StudentEnrollments f on f.K12StudentId = ase.K12StudentId
        join RDS.DimAssessments da on da.DimAssessmentId = ase.AssessmentId
                join RDS.DimGradeLevels g on f.EntryGradeLevelId = g.DimGradeLevelId
                where  ase.AssessmentResultScoreValueScaleScore is not null
                        and da.AssessmentTypeCode = 'Benchmark' 
                        and da.AssessmentAcademicSubjectCode in ('00560')","select  
        'Students meet Assessment Benchmark (K-12)' AS DataElementName,
                'RecordCount' AS CharacteristicType,  
                count(1) AS Value,
                NULL AS Remarks
                from rds.FactK12StudentAssessments ase  
                join  RDS.FactK12StudentEnrollments f on f.K12StudentId = ase.K12StudentId
        join RDS.DimAssessments da on da.DimAssessmentId = ase.AssessmentId
                join RDS.DimGradeLevels g on f.EntryGradeLevelId = g.DimGradeLevelId
                where  ase.AssessmentResultScoreValueScaleScore is not null
                        and da.AssessmentTypeCode = 'Benchmark' 
                        and da.AssessmentAcademicSubjectCode in ('00560')",,,,,,,
"5. Are students demonstrating satisfactory academic progress, consistent attendance, and positive behavior to be considered on track in the early grades?",Academic Progress & Completion,Outcomes & Milestones,K12,Early grades on track,"Percentage of students in grades 1 and 2 meeting grade-level math and reading benchmarks, with an attendance rate of 90 percent or higher, and no in- or out-of-school suspensions",Student attendance rate (Grade 1 & 2),Not Found,N/A,Found,FactK12StudentAttendanceRates.StudentAttendanceRate,FactK12StudentAttendanceRates.StudentAttendanceRate,ALSDE Data Code Manual,Automated,Available,,," select
    'Attendance rate (K-12)' AS DataElementName,
    'RecordCount' AS CharacteristicType,
        CAST(COUNT(a.StudentAttendanceRate) AS NVARCHAR(MAX)) AS Value,
    NULL AS Remarks
    from
        RDS.FactK12StudentEnrollments f
        join RDS.DimGradeLevels g on f.EntryGradeLevelId = g.DimGradeLevelId
        join RDS.DimSchoolYears y on f.SchoolYearId = y.DimSchoolYearId
        join RDS.DimDates entry_dt on entry_dt.DimDateId = f.EnrollmentEntryDateId
        join RDS.DimDates exit_dt on exit_dt.DimDateId = f.EnrollmentExitDateId
        join RDS.FactK12StudentAttendanceRates a on f.K12StudentId = a.K12StudentId
        and f.SchoolYearId = a.SchoolYearId
                join RDS.FactK12StudentDisciplines d on f.K12StudentId = d.K12StudentId
        and f.SchoolYearId = d.SchoolYearId
        join RDS.DimDates discp_dt on discp_dt.DimDateId = d.DisciplinaryActionStartDateId
    where
        discp_dt.DateValue between entry_dt.DateValue
        and exit_dt.DateValue;"," select
    'Attendance rate (K-12)' AS DataElementName,
    'RecordCount' AS CharacteristicType,
        CAST(COUNT(a.StudentAttendanceRate) AS NVARCHAR(MAX)) AS Value,
    NULL AS Remarks
    from
        RDS.FactK12StudentEnrollments f
        join RDS.DimGradeLevels g on f.EntryGradeLevelId = g.DimGradeLevelId
        join RDS.DimSchoolYears y on f.SchoolYearId = y.DimSchoolYearId
        join RDS.DimDates entry_dt on entry_dt.DimDateId = f.EnrollmentEntryDateId
        join RDS.DimDates exit_dt on exit_dt.DimDateId = f.EnrollmentExitDateId
        join RDS.FactK12StudentAttendanceRates a on f.K12StudentId = a.K12StudentId
        and f.SchoolYearId = a.SchoolYearId
                join RDS.FactK12StudentDisciplines d on f.K12StudentId = d.K12StudentId
        and f.SchoolYearId = d.SchoolYearId
        join RDS.DimDates discp_dt on discp_dt.DimDateId = d.DisciplinaryActionStartDateId
    where
        discp_dt.DateValue between entry_dt.DateValue
        and exit_dt.DateValue;",,,,,,,
"5. Are students demonstrating satisfactory academic progress, consistent attendance, and positive behavior to be considered on track in the early grades?",Academic Progress & Completion,Outcomes & Milestones,K12,Early grades on track,"Percentage of students in grades 1 and 2 meeting grade-level math and reading benchmarks, with an attendance rate of 90 percent or higher, and no in- or out-of-school suspensions",In school suspension (Grade 1 & 2),Found,DisciplineAction.DisciplineDescriptor,Found,FactK12StudentDisciplines.DisciplineStatusId,FactK12StudentDisciplines.DisciplineStatusId,ALSDE Data Code Manual,Automated,Available,,,"SELECT
    'In School Suspensions (K-12)' AS DataElementName,
    'RecordCount' AS CharacteristicType,
    CAST(COUNT(*) AS NVARCHAR(MAX)) AS Value,
    NULL AS Remarks
FROM RDS.FactK12StudentDisciplines fact
JOIN RDS.DimDisciplineStatuses discStat ON fact.DisciplineStatusId = discStat.DimDisciplineStatusId
WHERE discStat.DisciplinaryActionTakenCode IN 
('03100' -- Suspension, in-school)","SELECT
    'In School Suspensions (K-12)' AS DataElementName,
    'RecordCount' AS CharacteristicType,
    CAST(COUNT(*) AS NVARCHAR(MAX)) AS Value,
    NULL AS Remarks
FROM RDS.FactK12StudentDisciplines fact
JOIN RDS.DimDisciplineStatuses discStat ON fact.DisciplineStatusId = discStat.DimDisciplineStatusId
WHERE discStat.DisciplinaryActionTakenCode IN 
('03100' -- Suspension, in-school)",,,,,,,
"5. Are students demonstrating satisfactory academic progress, consistent attendance, and positive behavior to be considered on track in the early grades?",Academic Progress & Completion,Outcomes & Milestones,K12,Early grades on track,"Percentage of students in grades 1 and 2 meeting grade-level math and reading benchmarks, with an attendance rate of 90 percent or higher, and no in- or out-of-school suspensions",Out of school suspension (Grades 1 & 2),Found,DisciplineAction.DisciplineDescriptor,Found,FactK12StudentDisciplines.DisciplineStatusId,FactK12StudentDisciplines.DisciplineStatusId,ALSDE Data Code Manual,Automated,Available,,,"SELECT
    'Out of School Suspensions (K-12)' AS DataElementName,
    'RecordCount' AS CharacteristicType,
    CAST(COUNT(*) AS NVARCHAR(MAX)) AS Value,
    NULL AS Remarks
FROM RDS.FactK12StudentDisciplines fact
JOIN RDS.DimDisciplineStatuses discStat ON fact.DisciplineStatusId = discStat.DimDisciplineStatusId
WHERE discStat.DisciplinaryActionTakenCode IN 
        ('03154' -- Suspension, out-of-school, greater than 10 consecutive days
        ,'03155' -- Suspension, out-of-school, separate days culminating to more than 10 school days
        ,'03101' -- Suspension, out-of-school, with services
        ,'03102' -- Suspension, out-of-school, without services
		)","SELECT
    'Out of School Suspensions (K-12)' AS DataElementName,
    'RecordCount' AS CharacteristicType,
    CAST(COUNT(*) AS NVARCHAR(MAX)) AS Value,
    NULL AS Remarks
FROM RDS.FactK12StudentDisciplines fact
JOIN RDS.DimDisciplineStatuses discStat ON fact.DisciplineStatusId = discStat.DimDisciplineStatusId
WHERE discStat.DisciplinaryActionTakenCode IN 
        ('03154' -- Suspension, out-of-school, greater than 10 consecutive days
        ,'03155' -- Suspension, out-of-school, separate days culminating to more than 10 school days
        ,'03101' -- Suspension, out-of-school, with services
        ,'03102' -- Suspension, out-of-school, without services
		)",,,,,,,
"5. Are students demonstrating satisfactory academic progress, consistent attendance, and positive behavior to be considered on track in the early grades?",Academic Progress & Completion,E-W System Conditions,PK,Educator retention,Teacher retention: Percentage of teachers who return to teaching in the same school from year to year,"Job title or position type (teacher or educator, prior and current year) ",Likely not available,StaffEducationOrganizationAssignmentAssociation.PositionTitle (would need data from previous years),,,,ALSDE Data Code Manual,Automated,Available,,,PK Tables not available in CEDS DWH,PK Tables not available in CEDS DWH,,,,,,,
"5. Are students demonstrating satisfactory academic progress, consistent attendance, and positive behavior to be considered on track in the early grades?",Academic Progress & Completion,E-W System Conditions,PK,Educator retention,Teacher retention: Percentage of teachers who return to teaching in the same school from year to year,School or program ID (prior and current year),Likely not available,StaffSchoolAssociaation.School,,,,,Manual,Not Available,,,PK Tables not available in CEDS DWH,PK Tables not available in CEDS DWH,,,,,,,
"5. Are students demonstrating satisfactory academic progress, consistent attendance, and positive behavior to be considered on track in the early grades?",Academic Progress & Completion,E-W System Conditions,PK,Educator retention,"School leader tenure: Percentage of school leaders who have served in their current positions for less than two years, two to three years, and four or more years",Job title or position type (school leader or administrator),Likely not available,"StaffEducationOrganizationAssignmentAssociation.PositionTitle,  StaffEducationOrganizationAssignmentAssociation.StaffClassificationDescriptor",,,,ALSDE Data Code Manual,Automated,Available,,,PK Tables not available in CEDS DWH,PK Tables not available in CEDS DWH,,,,,,,
"5. Are students demonstrating satisfactory academic progress, consistent attendance, and positive behavior to be considered on track in the early grades?",Academic Progress & Completion,E-W System Conditions,PK,Educator retention,"School leader tenure: Percentage of school leaders who have served in their current positions for less than two years, two to three years, and four or more years",Years in current position,Partial,StaffEducationOrganizationAssignmentAssociation.BeginDate,,,,,Manual,Not Available,"We could not find a data element for years in current position, but it is likely that the state could calculate this metric using historical data.",,PK Tables not available in CEDS DWH,PK Tables not available in CEDS DWH,,,,,,,
"5. Are students demonstrating satisfactory academic progress, consistent attendance, and positive behavior to be considered on track in the early grades?",Academic Progress & Completion,E-W System Conditions,K12,Educator retention,Teacher retention: Percentage of teachers who return to teaching in the same school from year to year,"Job title or position type (teacher or educator, prior and current year)",Found,"StaffEducationOrganizationAssignmentAssociation.PositionTitle,  StaffEducationOrganizationAssignmentAssociation.StaffClassificationDescriptor (would need data from previous years)",Found,DimPeople.PositionTitle,DimPeople.PositionTitle,ALSDE Data Code Manual,Automated,Available,,,"SELECT
    'Number of Teachers with Position Title Info (K-12)' AS DataElementName,
    'RecordCount' AS CharacteristicType,
    CAST(COUNT(distinct p.PositionTitle) AS NVARCHAR(MAX)) AS Value,
    NULL AS Remarks
 from rds.DimPeople p join staff_ret r
on p.DimPersonId = r.K12StaffId","SELECT
    'Number of Teachers with Position Title Info (K-12)' AS DataElementName,
    'RecordCount' AS CharacteristicType,
    CAST(COUNT(distinct p.PositionTitle) AS NVARCHAR(MAX)) AS Value,
    NULL AS Remarks
 from RDS.DimPeople_Current p join staff_ret r
on p.DimPersonId = r.K12StaffId",,,,,,,
"5. Are students demonstrating satisfactory academic progress, consistent attendance, and positive behavior to be considered on track in the early grades?",Academic Progress & Completion,E-W System Conditions,K12,Educator retention,Teacher retention: Percentage of teachers who return to teaching in the same school from year to year,School assignment or school ID (prior and current year),Found,StaffSchoolAssociation.School,Found,FactK12StaffCounts.K12SchoolId,FactK12StaffCounts.K12SchoolId,ALSDE Data Code Manual,Automated,Available,Must be cross referenced over multiple years,,"
SELECT
    'Number of Schools  (K-12)' AS DataElementName,
    'RecordCount' AS CharacteristicType,
    CAST(COUNT(distinct f.K12SchoolId) AS NVARCHAR(MAX)) AS Value,
    NULL AS Remarks
 from RDS.FactK12StaffCounts f
    JOIN RDS.DimK12StaffCategories b 
        ON b.DimK12StaffCategoryId = f.K12StaffCategoryId
    WHERE b.K12StaffClassificationCode IN ('KindergartenTeachers', 'SecondaryTeachers', 'Elementary Teachers')","
SELECT
    'Number of Schools  (K-12)' AS DataElementName,
    'RecordCount' AS CharacteristicType,
    CAST(COUNT(distinct f.K12SchoolId) AS NVARCHAR(MAX)) AS Value,
    NULL AS Remarks
 from RDS.FactK12StaffCounts f
    JOIN RDS.DimK12StaffCategories b 
        ON b.DimK12StaffCategoryId = f.K12StaffCategoryId
    WHERE b.K12StaffClassificationCode IN ('KindergartenTeachers', 'SecondaryTeachers', 'Elementary Teachers')",,,,,,,
"5. Are students demonstrating satisfactory academic progress, consistent attendance, and positive behavior to be considered on track in the early grades?",Academic Progress & Completion,E-W System Conditions,K12,Educator retention,"School leader tenure: Percentage of school leaders who have served in their current positions for less than two years, two to three years, and four or more years",Position type (school leader or administrator),Found,"StaffEducationOrganizationAssignmentAssociation.PositionTitle,  StaffEducationOrganizationAssignmentAssociation.StaffClassificationDescriptor",Found,DimPeople.PositionTitle,DimPeople.PositionTitle,ALSDE Data Code Manual,Automated,Available,,,"SELECT
    'Number of Administators retained  (K-12)' AS DataElementName,
    'RecordCount' AS CharacteristicType,
    CAST(COUNT(*) AS NVARCHAR(MAX)) AS Value,
    NULL AS Remarks
FROM (
    SELECT 
        f.K12StaffId
    FROM RDS.FactK12StaffCounts f
    JOIN RDS.DimK12StaffCategories b 
        ON b.DimK12StaffCategoryId = f.K12StaffCategoryId
    WHERE b.K12StaffClassificationCode IN ('Administrators', 'School Administrators')
    GROUP BY f.K12StaffId
    HAVING COUNT(DISTINCT f.SchoolYearId) > 1
) a;","SELECT
    'Number of Administators retained  (K-12)' AS DataElementName,
    'RecordCount' AS CharacteristicType,
    CAST(COUNT(*) AS NVARCHAR(MAX)) AS Value,
    NULL AS Remarks
FROM (
    SELECT 
        f.K12StaffId
    FROM RDS.FactK12StaffCounts f
    JOIN RDS.DimK12StaffCategories b 
        ON b.DimK12StaffCategoryId = f.K12StaffCategoryId
    WHERE b.K12StaffClassificationCode IN ('Administrators', 'School Administrators')
    GROUP BY f.K12StaffId
    HAVING COUNT(DISTINCT f.SchoolYearId) > 1
) a;",,,,,,,
"5. Are students demonstrating satisfactory academic progress, consistent attendance, and positive behavior to be considered on track in the early grades?",Academic Progress & Completion,E-W System Conditions,K12,Educator retention,"School leader tenure: Percentage of school leaders who have served in their current positions for less than two years, two to three years, and four or more years",Years in current position,Found,StaffEducationOrganizationAssignmentAssociation.BeginDate,Not Found,N/A,N/A,,Manual,Not Available,"We could not find a data element for years in current position, but it is likely that the state could calculate this metric using historical data.",,"Missing elements in CEDS DWH:
Professional Educational Job 
Classification
Years of Prior Teaching Experience","Missing elements in CEDS DWH:
Professional Educational Job 
Classification
Years of Prior Teaching Experience",,,,,,,
"5. Are students demonstrating satisfactory academic progress, consistent attendance, and positive behavior to be considered on track in the early grades?",Academic Progress & Completion,E-W System Conditions,PK,Teacher credentials,Percentage of lead teachers with at least a bachelor’s degree,Position type (lead pre-K teacher status),Likely not available,StaffEducationOrganizationAssignmentAssociation.StaffClassification,,,,ALSDE Data Code Manual,Automated,Available,,,PK Tables not available in CEDS DWH,PK Tables not available in CEDS DWH,,,,,,,
"5. Are students demonstrating satisfactory academic progress, consistent attendance, and positive behavior to be considered on track in the early grades?",Academic Progress & Completion,E-W System Conditions,PK,Teacher credentials,Percentage of lead teachers with at least a bachelor’s degree,Highest level of education completed,Likely not available,Staff.HighestCompletedLevelOfEducation,,,,ALSDE Data Code Manual,Automated,Available,,,PK Tables not available in CEDS DWH,PK Tables not available in CEDS DWH,,,,,,,
"5. Are students demonstrating satisfactory academic progress, consistent attendance, and positive behavior to be considered on track in the early grades?",Academic Progress & Completion,E-W System Conditions,PK,Teacher credentials,Percentage of lead teachers with specialized training in pre-K,Position type (lead pre-K teacher status),Likely not available,StaffEducationOrganizationAssignmentAssociation.StaffClassification,,,,ALSDE Data Code Manual,Automated,Available,,,PK Tables not available in CEDS DWH,PK Tables not available in CEDS DWH,,,,,,,
"5. Are students demonstrating satisfactory academic progress, consistent attendance, and positive behavior to be considered on track in the early grades?",Academic Progress & Completion,E-W System Conditions,PK,Teacher credentials,Percentage of lead teachers with specialized training in pre-K,Credential or certification type,Likely not available,"Credential.CredentialType, Credential.Person",,,,ALSDE Data Code Manual,Automated,Available,,,PK Tables not available in CEDS DWH,PK Tables not available in CEDS DWH,,,,,,,
"5. Are students demonstrating satisfactory academic progress, consistent attendance, and positive behavior to be considered on track in the early grades?",Academic Progress & Completion,E-W System Conditions,K12,Teacher credentials,"Percentage of courses taught by full-time equivalent (FTE) teachers (that is, teachers other than substitutes or those with emergency or provisional licenses)",Course ID or course title,Found,Credential.AcademicSubjectDescriptor,Found,FactK12StudentCourseSections.K12CourseId,FactK12StudentCourseSections.StateK12CourseId,Student Data Application Guide,Automated,Available,p. 57,,"select
        'Number of Courses(K-12)' AS DataElementName,
    'RecordCount' AS CharacteristicType,
        CAST(COUNT(*) AS NVARCHAR(MAX)) AS Value,
    NULL AS Remarks 
from RDS.FactK12StudentCourseSections f
join RDS.DimK12Courses c
on f.K12CourseId = c.DimK12CourseId","select
        'Number of Courses(K-12)' AS DataElementName,
    'RecordCount' AS CharacteristicType,
        CAST(COUNT(*) AS NVARCHAR(MAX)) AS Value,
    NULL AS Remarks 
from RDS.FactK12StudentCourseSections f
join RDS.DimK12Courses c
on f.StateK12CourseId = c.DimK12CourseId",,,,,,,
"5. Are students demonstrating satisfactory academic progress, consistent attendance, and positive behavior to be considered on track in the early grades?",Academic Progress & Completion,E-W System Conditions,K12,Teacher credentials,"Percentage of courses taught by full-time equivalent (FTE) teachers (that is, teachers other than substitutes or those with emergency or provisional licenses)",Staff FTE status,Found,staffEducationOrganizationEmploymentAssociation.FullTimeEquivalency,Found,FactK12StaffCounts.StaffFullTimeEquivalency,FactK12StaffCounts.StaffFullTimeEquivalency,ALSDE Data Code Manual,Automated,Available,,,"select
        'Number of FTE Staff(K-12)' AS DataElementName,
    'RecordCount' AS CharacteristicType,
        CAST(COUNT(*) AS NVARCHAR(MAX)) AS Value,
    NULL AS Remarks 
from RDS.FactK12StaffCounts f
where f.StaffFullTimeEquivalency = 1.0","select
    'Number of FTE Staff(K-12)' AS DataElementName,
    'RecordCount' AS CharacteristicType,
    CAST(COUNT(*) AS NVARCHAR(MAX)) AS Value,
    NULL AS Remarks 
from RDS.FactK12StaffEmployments f 
join RDS.DimPeople_Current d
    on d.DimPersonId = f.K12Staff_CurrentId
where f.FullTimeEquivalency = 1.0",,,,,,,
"5. Are students demonstrating satisfactory academic progress, consistent attendance, and positive behavior to be considered on track in the early grades?",Academic Progress & Completion,E-W System Conditions,K12,Teacher credentials,"Percentage of courses taught by full-time equivalent (FTE) teachers (that is, teachers other than substitutes or those with emergency or provisional licenses)",Course instructor (or teacher's course assignments),Found,StaffSectionAssociation.Staff,Found,BridgeK12StudentCourseSectionK12Staff.K12StaffId,BridgeK12StudentCourseSectionK12Staff.K12StaffId,ALSDE Data Code Manual,Automated,Available,,,"select
	'Number of CourseSection Staff(K-12)' AS DataElementName,
    'RecordCount' AS CharacteristicType,
	CAST(COUNT(*) AS NVARCHAR(MAX)) AS Value,
    NULL AS Remarks 
from RDS.BridgeK12StudentCourseSectionK12Staff b
join RDS.FactK12StudentCourseSections f 
on b.FactK12StudentCourseSectionId = f.FactK12StudentCourseSectionId","select
	'Number of CourseSection Staff(K-12)' AS DataElementName,
    'RecordCount' AS CharacteristicType,
	CAST(COUNT(*) AS NVARCHAR(MAX)) AS Value,
    NULL AS Remarks 
from RDS.BridgeK12StudentCourseSectionK12Staff b
join RDS.FactK12StudentCourseSections f 
on b.FactK12StudentCourseSectionId = f.FactK12StudentCourseSectionId",,,,,,,
"5. Are students demonstrating satisfactory academic progress, consistent attendance, and positive behavior to be considered on track in the early grades?",Academic Progress & Completion,E-W System Conditions,K12,Teacher credentials,Percentage of courses taught by teachers certified to teach the given subject or grade level,Course ID or course title,Found,"StaffSectionAssociation.Section.CourseOffering.LocalCourseCode, StaffSectionAssociation.Section.CourseOffering.LocalTitle, StaffSectionAssociation.Section.CourseOffering.Course.CourseCode, StaffSectionAssociation.Section.CourseOffering.Course.CourseTitle",Found,FactK12StudentCourseSections.K12CourseId,FactK12StudentCourseSections.StateK12CourseId,Student Data Application Guide,Automated,Available,p. 57,,"select
        'Number of Courses(K-12)' AS DataElementName,
    'RecordCount' AS CharacteristicType,
        CAST(COUNT(*) AS NVARCHAR(MAX)) AS Value,
    NULL AS Remarks 
from RDS.FactK12StudentCourseSections f
join RDS.DimK12Courses c
on f.K12CourseId = c.DimK12CourseId","select
	'Number of Courses(K-12)' AS DataElementName,
    'RecordCount' AS CharacteristicType,
	CAST(COUNT(*) AS NVARCHAR(MAX)) AS Value,
    NULL AS Remarks 
from RDS.FactK12StudentCourseSections f
join RDS.DimK12Courses c
on f.K12CourseId = c.DimK12CourseId",,,,,,,
"5. Are students demonstrating satisfactory academic progress, consistent attendance, and positive behavior to be considered on track in the early grades?",Academic Progress & Completion,E-W System Conditions,K12,Teacher credentials,Percentage of courses taught by teachers certified to teach the given subject or grade level,Teacher qualification or certification type,Found,Credential.CertificationTitle,Found,FactK12StaffCounts.K12StaffStatusId,FactK12StaffCounts.K12StaffStatusId,ALSDE Data Code Manual,Automated,Available,,,"select
        'Number of Courses(K-12)' AS DataElementName,
    'RecordCount' AS CharacteristicType,
        CAST(COUNT(*) AS NVARCHAR(MAX)) AS Value,
    NULL AS Remarks 
from RDS.FactK12StudentCourseSections f
join RDS.DimK12Courses c
on f.K12CourseId = c.DimK12CourseId","select
        'Number of Courses(K-12)' AS DataElementName,
    'RecordCount' AS CharacteristicType,
        CAST(COUNT(*) AS NVARCHAR(MAX)) AS Value,
    NULL AS Remarks 
from RDS.FactK12StudentCourseSections f
join RDS.DimK12Courses c
on f.K12CourseId = c.DimK12CourseId",,,,,,,
"5. Are students demonstrating satisfactory academic progress, consistent attendance, and positive behavior to be considered on track in the early grades?",Academic Progress & Completion,E-W System Conditions,K12,Teacher credentials,Percentage of courses taught by teachers certified to teach the given subject or grade level,Teaching assignment (subject and/or grade level taught),Found,"StaffSchoolAssociation.AcademicSubject, StaffSchoolAssociation.GradeLevel",Found,BridgeK12StudentCourseSectionK12Staff.K12StaffId,BridgeK12StaffAssignmentCourseSections.K12CourseId,,Automated,Available,"The Alabama Certification Search website (linked here) allows the public to search the certification status of any teacher in the state. The site includes information about certification status, certifications, endorsments, and grade levels, among other information. The state department of education also has a Youtube training video (https://www.youtube.com/watch?v=QAQLoAuMkMw) with detailed information on certification data collection on the state. The spreadsheet notes that the data come from SIS teacher schedules and educator directorirs.",,"select
        'Number of Teachers assigned to courses(K-12)' AS DataElementName,
    'RecordCount' AS CharacteristicType,
        CAST(COUNT(*) AS NVARCHAR(MAX)) AS Value,
    NULL AS Remarks 
from RDS.BridgeK12StudentCourseSectionK12Staff b
join RDS.FactK12StudentCourseSections f on b.FactK12StudentCourseSectionId = f.FactK12StudentCourseSectionId
join RDS.DimK12Courses c
on f.K12CourseId = c.DimK12CourseId","select
    'Number of Teachers assigned to courses(K-12)' AS DataElementName,
    'RecordCount' AS CharacteristicType,
     CAST(COUNT(*) AS NVARCHAR(MAX)) AS Value,
    NULL AS Remarks 
from RDS.BridgeK12StaffAssignmentCourseSections b
join RDS.FactK12StaffAssignments f
	on b.FactK12StaffAssignmentId = f.FactK12StaffAssignmentId
join RDS.DimK12Courses d
	on b.K12CourseId = d.DimK12CourseId",,,,,,,
"5. Are students demonstrating satisfactory academic progress, consistent attendance, and positive behavior to be considered on track in the early grades?",Academic Progress & Completion,E-W System Conditions,PK,Teacher experience,"Percentage of Pre-K teachers with < 1 year, 1–5 years, and 5+ years of experience",Years of teaching experience,Likely not available,Staff.YearsOfPriorTeachingExperience,Not Found,,,,Manual,Not Available,,,PK Tables not available in CEDS DWH,PK Tables not available in CEDS DWH,,,,,,,
"5. Are students demonstrating satisfactory academic progress, consistent attendance, and positive behavior to be considered on track in the early grades?",Academic Progress & Completion,E-W System Conditions,K12,Teacher experience,"Percentage of K-12 teachers with < 1 year, 1–5 years, and 5+ years of experience",Years of teaching experience,Found,Staff.YearsOfPriorTeachingExperience,"Not Found in V11 
Found in V13",,FactK12StaffEmployments.YearsOfPriorTeachingExperience,,Manual,Not Available,,,"Missing elements in CEDS DWH:
Professional Educational Job 
Classification
Years of Prior Teaching Experience","select
    'Years of teaching experience (K-12)' AS DataElementName,
    'RecordCount' AS CharacteristicType,
     CAST(COUNT(*) AS NVARCHAR(MAX)) AS Value,
    NULL AS Remarks 
from RDS.FactK12StaffEmployments f
where f.YearsOfPriorTeachingExperience is not null;",,,,,,,
"6. Do students have access to quality school environments, including quality curricula and instruction, experienced teachers, effective leaders, and adequate funding?",Academic Progress & Completion,Outcomes & Milestones,K12,6th grade on track,"Percentage of students in grade 6 with passing grades in English language arts and math, attendance of 90 percent or higher, and no in- or out-of-school suspensions or expulsions",Student grade level,Found,StudentSchoolAssociation.EntryGradeLevel,Found,FactK12Enrollments.EntryGradeId,FactK12Enrollments.EntryGradeId,ALSDE Data Code Manual,Automated,Available,,,"select
        'Number of Students (Grade 6)' AS DataElementName,
    'RecordCount' AS CharacteristicType,
        CAST(COUNT(*) AS NVARCHAR(MAX)) AS Value,
    NULL AS Remarks
    from
        RDS.FactK12StudentEnrollments f
        join RDS.DimGradeLevels g on f.EntryGradeLevelId = g.DimGradeLevelId
    where
         g.GradeLevelCode in ('06')","select
        'Number of Students (Grade 6)' AS DataElementName,
    'RecordCount' AS CharacteristicType,
        CAST(COUNT(*) AS NVARCHAR(MAX)) AS Value,
    NULL AS Remarks
    from
        RDS.FactK12StudentEnrollments f
        join RDS.DimGradeLevels g on f.EntryGradeLevelId = g.DimGradeLevelId
    where
         g.GradeLevelCode in ('06')",,,,,,,
"6. Do students have access to quality school environments, including quality curricula and instruction, experienced teachers, effective leaders, and adequate funding?",Academic Progress & Completion,Outcomes & Milestones,K12,6th grade on track,"Percentage of students in grade 6 with passing grades in English language arts and math, attendance of 90 percent or higher, and no in- or out-of-school suspensions or expulsions",Course performance in English (Grade 6),Found,CourseTranscript.CourseAttempResultDescriptor,Not Found,N/A,N/A,,Automated,Available,,Low-Hanging Fruit,"Missingelements in CEDS DWH:
Grade Value Qualifier
StudentCourseSectionGradeEarned","Missingelements in CEDS DWH:
Grade Value Qualifier
StudentCourseSectionGradeEarned",,,,,,,
"6. Do students have access to quality school environments, including quality curricula and instruction, experienced teachers, effective leaders, and adequate funding?",Academic Progress & Completion,Outcomes & Milestones,K12,6th grade on track,"Percentage of students in grade 6 with passing grades in English language arts and math, attendance of 90 percent or higher, and no in- or out-of-school suspensions or expulsions",Course performance in Math (Grade 6),Found,CourseTranscript.CourseAttempResultDescriptor,Not Found,N/A,N/A,Student Data Application Guide,Automated,Available,p. 57,,"Missingelements in CEDS DWH:
Grade Value Qualifier
StudentCourseSectionGradeEarned","Missingelements in CEDS DWH:
Grade Value Qualifier
StudentCourseSectionGradeEarned",,,,,,,
"6. Do students have access to quality school environments, including quality curricula and instruction, experienced teachers, effective leaders, and adequate funding?",Academic Progress & Completion,Outcomes & Milestones,K12,6th grade on track,"Percentage of students in grade 6 with passing grades in English language arts and math, attendance of 90 percent or higher, and no in- or out-of-school suspensions or expulsions",Student attendance rate (Grade 6),Not Found,N/A,Found,FactK12StudentAttendanceRates.StudentAttendanceRate,FactK12StudentAttendanceRates.StudentAttendanceRate,ALSDE Data Code Manual,Automated,Available,,,"select
        'Attendance rate (Grade 6)' AS DataElementName,
    'RecordCount' AS CharacteristicType,
        CAST(COUNT(a.StudentAttendanceRate) AS NVARCHAR(MAX)) AS Value,
    NULL AS Remarks
    from
        RDS.FactK12StudentEnrollments f
        join RDS.DimGradeLevels g on f.EntryGradeLevelId = g.DimGradeLevelId
        join RDS.DimSchoolYears y on f.SchoolYearId = y.DimSchoolYearId
        join RDS.DimDates entry_dt on entry_dt.DimDateId = f.EnrollmentEntryDateId
        join RDS.DimDates exit_dt on exit_dt.DimDateId = f.EnrollmentExitDateId
        join RDS.FactK12StudentAttendanceRates a on f.K12StudentId = a.K12StudentId
        and f.SchoolYearId = a.SchoolYearId
                join RDS.FactK12StudentDisciplines d on f.K12StudentId = d.K12StudentId
        and f.SchoolYearId = d.SchoolYearId
        join RDS.DimDates discp_dt on discp_dt.DimDateId = d.DisciplinaryActionStartDateId
    where
        g.GradeLevelCode in ('06') and
        discp_dt.DateValue between entry_dt.DateValue
        and exit_dt.DateValue;","select
        'Attendance rate (Grade 6)' AS DataElementName,
    'RecordCount' AS CharacteristicType,
        CAST(COUNT(a.StudentAttendanceRate) AS NVARCHAR(MAX)) AS Value,
    NULL AS Remarks
    from
        RDS.FactK12StudentEnrollments f
        join RDS.DimGradeLevels g on f.EntryGradeLevelId = g.DimGradeLevelId
        join RDS.DimSchoolYears y on f.SchoolYearId = y.DimSchoolYearId
        join RDS.DimDates entry_dt on entry_dt.DimDateId = f.EnrollmentEntryDateId
        join RDS.DimDates exit_dt on exit_dt.DimDateId = f.EnrollmentExitDateId
        join RDS.FactK12StudentAttendanceRates a on f.K12StudentId = a.K12StudentId
        and f.SchoolYearId = a.SchoolYearId
                join RDS.FactK12StudentDisciplines d on f.K12StudentId = d.K12StudentId
        and f.SchoolYearId = d.SchoolYearId
        join RDS.DimDates discp_dt on discp_dt.DimDateId = d.DisciplinaryActionStartDateId
    where
        g.GradeLevelCode in ('06') and
        discp_dt.DateValue between entry_dt.DateValue
        and exit_dt.DateValue;",,,,,,,
"6. Do students have access to quality school environments, including quality curricula and instruction, experienced teachers, effective leaders, and adequate funding?",Academic Progress & Completion,Outcomes & Milestones,K12,6th grade on track,"Percentage of students in grade 6 with passing grades in English language arts and math, attendance of 90 percent or higher, and no in- or out-of-school suspensions or expulsions",Suspension (Grade 6),Found,"DisciplineAction.DisciplineDescriptor, DisciplineAction.Student, StudentEducationOrganizationAssociation.Race, StudentEducationOrganizationAssociation.Sex, StudentEducationOrganizationAssociation.StudentCharacteristic",Found,FactK12StudentDisciplines.DisciplineStatusId,FactK12StudentDisciplines.DisciplineStatusId,ALSDE Data Code Manual,Automated,Available,,," SELECT
    'Number of Suspensions  (Grades 6)' AS DataElementName,
    'RecordCount' AS CharacteristicType,
    CAST(COUNT(*) AS NVARCHAR(MAX)) AS Value,
    NULL AS Remarks
FROM RDS.FactK12StudentDisciplines fact
JOIN RDS.DimDisciplineStatuses discStat ON fact.DisciplineStatusId = discStat.DimDisciplineStatusId
JOIN RDS.DimGradeLevels g ON fact.GradeLevelId = g.DimGradeLevelId
WHERE g.GradeLevelCode in ('06') and
discStat.DisciplinaryActionTakenCode IN 
        ('03099' -- Suspension after school
        ,'03100' -- Suspension, in-school
        ,'03154' -- Suspension, out-of-school, greater than 10 consecutive days
        ,'03155' -- Suspension, out-of-school, separate days culminating to more than 10 school days
        ,'03101' -- Suspension, out-of-school, with services
        ,'03102' -- Suspension, out-of-school, without services
        )
"," SELECT
    'Number of Suspensions  (Grades 6)' AS DataElementName,
    'RecordCount' AS CharacteristicType,
    CAST(COUNT(*) AS NVARCHAR(MAX)) AS Value,
    NULL AS Remarks
FROM RDS.FactK12StudentDisciplines fact
JOIN RDS.DimDisciplineStatuses discStat ON fact.DisciplineStatusId = discStat.DimDisciplineStatusId
JOIN RDS.DimGradeLevels g ON fact.GradeLevelId = g.DimGradeLevelId
WHERE g.GradeLevelCode in ('06') and
discStat.DisciplinaryActionTakenCode IN 
        ('03099' -- Suspension after school
        ,'03100' -- Suspension, in-school
        ,'03154' -- Suspension, out-of-school, greater than 10 consecutive days
        ,'03155' -- Suspension, out-of-school, separate days culminating to more than 10 school days
        ,'03101' -- Suspension, out-of-school, with services
        ,'03102' -- Suspension, out-of-school, without services
        )
",,,,,,,
"6. Do students have access to quality school environments, including quality curricula and instruction, experienced teachers, effective leaders, and adequate funding?",Academic Progress & Completion,Outcomes & Milestones,K12,6th grade on track,"Percentage of students in grade 6 with passing grades in English language arts and math, attendance of 90 percent or higher, and no in- or out-of-school suspensions or expulsions",Expulsions (Grade 6),Found,"DisciplineAction.DisciplineDescriptor, DisciplineAction.Student, StudentEducationOrganizationAssociation.Race, StudentEducationOrganizationAssociation.Sex, StudentEducationOrganizationAssociation.StudentCharacteristic",Found,FactK12StudentDisciplines.DisciplineStatusId,FactK12StudentDisciplines.DisciplineStatusId,ALSDE Data Code Manual,Automated,Available,,,"SELECT
    'Number of Expulsions  (Grades 6)' AS DataElementName,
    'RecordCount' AS CharacteristicType,
    CAST(COUNT(*) AS NVARCHAR(MAX)) AS Value,
    NULL AS Remarks
FROM RDS.FactK12StudentDisciplines fact
JOIN RDS.DimDisciplineStatuses discStat ON fact.DisciplineStatusId = discStat.DimDisciplineStatusId
JOIN RDS.DimGradeLevels g ON fact.GradeLevelId = g.DimGradeLevelId
WHERE g.GradeLevelCode in ('06') and
discStat.DisciplinaryActionTakenCode IN 
        ('03086' -- Expulsion with services
        ,'03087' -- Expulsion without services
        )","SELECT
    'Number of Expulsions  (Grades 6)' AS DataElementName,
    'RecordCount' AS CharacteristicType,
    CAST(COUNT(*) AS NVARCHAR(MAX)) AS Value,
    NULL AS Remarks
FROM RDS.FactK12StudentDisciplines fact
JOIN RDS.DimDisciplineStatuses discStat ON fact.DisciplineStatusId = discStat.DimDisciplineStatusId
JOIN RDS.DimGradeLevels g ON fact.GradeLevelId = g.DimGradeLevelId
WHERE g.GradeLevelCode in ('06') and
discStat.DisciplinaryActionTakenCode IN 
        ('03086' -- Expulsion with services
        ,'03087' -- Expulsion without services
        )",,,,,,,
"6. Do students have access to quality school environments, including quality curricula and instruction, experienced teachers, effective leaders, and adequate funding?",Academic Progress & Completion,Outcomes & Milestones,K12,9th grade on track,"Percentage of grade 9 students with attendance of 96 percent or higher, no more than one in- or out-of-school suspensions, and no more than one semester course failure in any subject",Student grade level,Found,StudentSchoolAssociation.EntryGradeLevel,Found,FactK12Enrollments.EntryGradeId,FactK12Enrollments.EntryGradeId,ALSDE Data Code Manual,Automated,Available,,,"select
        'Number of Students (Grade 9)' AS DataElementName,
    'RecordCount' AS CharacteristicType,
        CAST(COUNT(*) AS NVARCHAR(MAX)) AS Value,
    NULL AS Remarks
    from
        RDS.FactK12StudentEnrollments f
        join RDS.DimGradeLevels g on f.EntryGradeLevelId = g.DimGradeLevelId
    where
         g.GradeLevelCode in ('09')","select
        'Number of Students (Grade 9)' AS DataElementName,
    'RecordCount' AS CharacteristicType,
        CAST(COUNT(*) AS NVARCHAR(MAX)) AS Value,
    NULL AS Remarks
    from
        RDS.FactK12StudentEnrollments f
        join RDS.DimGradeLevels g on f.EntryGradeLevelId = g.DimGradeLevelId
    where
         g.GradeLevelCode in ('09')",,,,,,,
"6. Do students have access to quality school environments, including quality curricula and instruction, experienced teachers, effective leaders, and adequate funding?",Academic Progress & Completion,Outcomes & Milestones,K12,9th grade on track,"Percentage of grade 9 students with attendance of 96 percent or higher, no more than one in- or out-of-school suspensions, and no more than one semester course failure in any subject",Student attendance rate (Grade 9),Not Found,N/A,Found,FactK12StudentAttendanceRates.StudentAttendanceRate,FactK12StudentAttendanceRates.StudentAttendanceRate,ALSDE Data Code Manual,Automated,Available,,,"
select
        'Attendance rate  (Grade 9)' AS DataElementName,
    'RecordCount' AS CharacteristicType,
        CAST(COUNT(a.StudentAttendanceRate) AS NVARCHAR(MAX)) AS Value,
    NULL AS Remarks
    from
        RDS.FactK12StudentEnrollments f
        join RDS.DimGradeLevels g on f.EntryGradeLevelId = g.DimGradeLevelId
        join RDS.DimSchoolYears y on f.SchoolYearId = y.DimSchoolYearId
        join RDS.DimDates entry_dt on entry_dt.DimDateId = f.EnrollmentEntryDateId
        join RDS.DimDates exit_dt on exit_dt.DimDateId = f.EnrollmentExitDateId
        join RDS.FactK12StudentAttendanceRates a on f.K12StudentId = a.K12StudentId
        and f.SchoolYearId = a.SchoolYearId
                join RDS.FactK12StudentDisciplines d on f.K12StudentId = d.K12StudentId
        and f.SchoolYearId = d.SchoolYearId
        join RDS.DimDates discp_dt on discp_dt.DimDateId = d.DisciplinaryActionStartDateId
    where
        g.GradeLevelCode in ('09') and
        discp_dt.DateValue between entry_dt.DateValue
        and exit_dt.DateValue;","
select
        'Attendance rate  (Grade 9)' AS DataElementName,
    'RecordCount' AS CharacteristicType,
        CAST(COUNT(a.StudentAttendanceRate) AS NVARCHAR(MAX)) AS Value,
    NULL AS Remarks
    from
        RDS.FactK12StudentEnrollments f
        join RDS.DimGradeLevels g on f.EntryGradeLevelId = g.DimGradeLevelId
        join RDS.DimSchoolYears y on f.SchoolYearId = y.DimSchoolYearId
        join RDS.DimDates entry_dt on entry_dt.DimDateId = f.EnrollmentEntryDateId
        join RDS.DimDates exit_dt on exit_dt.DimDateId = f.EnrollmentExitDateId
        join RDS.FactK12StudentAttendanceRates a on f.K12StudentId = a.K12StudentId
        and f.SchoolYearId = a.SchoolYearId
                join RDS.FactK12StudentDisciplines d on f.K12StudentId = d.K12StudentId
        and f.SchoolYearId = d.SchoolYearId
        join RDS.DimDates discp_dt on discp_dt.DimDateId = d.DisciplinaryActionStartDateId
    where
        g.GradeLevelCode in ('09') and
        discp_dt.DateValue between entry_dt.DateValue
        and exit_dt.DateValue;",,,,,,,
"6. Do students have access to quality school environments, including quality curricula and instruction, experienced teachers, effective leaders, and adequate funding?",Academic Progress & Completion,Outcomes & Milestones,K12,9th grade on track,"Percentage of grade 9 students with attendance of 96 percent or higher, no more than one in- or out-of-school suspensions, and no more than one semester course failure in any subject",Suspension (Grade 9),Found,"DisciplineAction.DisciplineDescriptor, DisciplineAction.Student, StudentEducationOrganizationAssociation.Race, StudentEducationOrganizationAssociation.Sex, StudentEducationOrganizationAssociation.StudentCharacteristic",Found,FactK12StudentDisciplines.DisciplineStatusId,FactK12StudentDisciplines.DisciplineStatusId,ALSDE Data Code Manual,Automated,Available,,,"SELECT
    'Number of Suspensions  (Grades 6)' AS DataElementName,
    'RecordCount' AS CharacteristicType,
    CAST(COUNT(*) AS NVARCHAR(MAX)) AS Value,
    NULL AS Remarks
FROM RDS.FactK12StudentDisciplines fact
JOIN RDS.DimDisciplineStatuses discStat ON fact.DisciplineStatusId = discStat.DimDisciplineStatusId
JOIN RDS.DimGradeLevels g ON fact.GradeLevelId = g.DimGradeLevelId
WHERE g.GradeLevelCode in ('09') and
discStat.DisciplinaryActionTakenCode IN 
        ('03099' -- Suspension after school
        ,'03100' -- Suspension, in-school
        ,'03154' -- Suspension, out-of-school, greater than 10 consecutive days
        ,'03155' -- Suspension, out-of-school, separate days culminating to more than 10 school days
        ,'03101' -- Suspension, out-of-school, with services
        ,'03102' -- Suspension, out-of-school, without services
        )","SELECT
    'Number of Suspensions  (Grades 6)' AS DataElementName,
    'RecordCount' AS CharacteristicType,
    CAST(COUNT(*) AS NVARCHAR(MAX)) AS Value,
    NULL AS Remarks
FROM RDS.FactK12StudentDisciplines fact
JOIN RDS.DimDisciplineStatuses discStat ON fact.DisciplineStatusId = discStat.DimDisciplineStatusId
JOIN RDS.DimGradeLevels g ON fact.GradeLevelId = g.DimGradeLevelId
WHERE g.GradeLevelCode in ('09') and
discStat.DisciplinaryActionTakenCode IN 
        ('03099' -- Suspension after school
        ,'03100' -- Suspension, in-school
        ,'03154' -- Suspension, out-of-school, greater than 10 consecutive days
        ,'03155' -- Suspension, out-of-school, separate days culminating to more than 10 school days
        ,'03101' -- Suspension, out-of-school, with services
        ,'03102' -- Suspension, out-of-school, without services
        )",,,,,,,
"6. Do students have access to quality school environments, including quality curricula and instruction, experienced teachers, effective leaders, and adequate funding?",Academic Progress & Completion,Outcomes & Milestones,K12,9th grade on track,"Percentage of grade 9 students with attendance of 96 percent or higher, no more than one in- or out-of-school suspensions, and no more than one semester course failure in any subject",Course passage or completion (Grade 9),Found,CourseTranscript.CourseAttempResultDescriptor,,,,Student Data Application Guide,Automated,Available,p. 57,,"Missingelements in CEDS DWH:
Grade Value Qualifier
StudentCourseSectionGradeEarned","Missingelements in CEDS DWH:
Grade Value Qualifier
StudentCourseSectionGradeEarned",,,,,,,
"6. Do students have access to quality school environments, including quality curricula and instruction, experienced teachers, effective leaders, and adequate funding?",Academic Progress & Completion,Outcomes & Milestones,K12,9th grade on track,"Percentage of grade 9 students with attendance of 96 percent or higher, no more than one in- or out-of-school suspensions, and no more than one semester course failure in any subject",Course failure (Grade 9),Found,CourseTranscript.CourseAttempResultDescriptor,,,,Student Data Application Guide,Automated,Available,p. 57,,"Missingelements in CEDS DWH:
Grade Value Qualifier
StudentCourseSectionGradeEarned","Missingelements in CEDS DWH:
Grade Value Qualifier
StudentCourseSectionGradeEarned",,,,,,,
"6. Do students have access to quality school environments, including quality curricula and instruction, experienced teachers, effective leaders, and adequate funding?",Academic Progress & Completion,Outcomes & Milestones,K12,High school graduation,"Adjusted cohort graduation rate (the percentage of high school freshmen who graduate with a regular diploma within four, five, and six years of entering high school, regardless of whether they transferred schools)",Enrollment date,Found,StudentSchoolAssociation.EntryDate,,,,ALSDE Data Code Manual,Automated,Available,,,"select  
        'Number of students in 9th grade' AS DataElementName,
                'RecordCount' AS CharacteristicType,  
                count(1) AS Value,
                NULL AS Remarks
                from rds.FactK12StudentEnrollments f  
                join  RDS.DimK12EnrollmentStatuses e on e.DimK12EnrollmentStatusId = f.K12EnrollmentStatusId
                join RDS.DimGradeLevels g on f.EntryGradeLevelId = g.DimGradeLevelId
                where  e.ExitOrWithdrawalTypeCode='01921'
                                ---DiplomaOrCredentialAwardDate is missing
                                                and g.GradeLevelCode in ('09') and EnrollmentEntryDateId is not null","select  
        'Number of students in 9th grade' AS DataElementName,
                'RecordCount' AS CharacteristicType,  
                count(1) AS Value,
                NULL AS Remarks
                from rds.FactK12StudentEnrollments f  
                join  RDS.DimK12EnrollmentStatuses e on e.DimK12EnrollmentStatusId = f.K12EnrollmentStatusId
                join RDS.DimGradeLevels g on f.EntryGradeLevelId = g.DimGradeLevelId
                where  e.ExitOrWithdrawalTypeCode='01921'
                                ---DiplomaOrCredentialAwardDate is missing
                                                and g.GradeLevelCode in ('09') and EnrollmentEntryDateId is not null",,,,,,,
"6. Do students have access to quality school environments, including quality curricula and instruction, experienced teachers, effective leaders, and adequate funding?",Academic Progress & Completion,Outcomes & Milestones,K12,High school graduation,"Adjusted cohort graduation rate (the percentage of high school freshmen who graduate with a regular diploma within four, five, and six years of entering high school, regardless of whether they transferred schools)",Cohort year ,Found,StudentEducationOrganizationAssociation.CohortYear,Found,FactK12StudentEnrollments.CohortYearId,FactK12StudentEnrollments.CohortYearId,Student Data Application Guide,Automated,Available,p. 40,,"select  
        'Number of students with CohortYear (9th grade)' AS DataElementName,
                'RecordCount' AS CharacteristicType,  
                count(1) AS Value,
                NULL AS Remarks
                from rds.FactK12StudentEnrollments f  
                join  RDS.DimK12EnrollmentStatuses e on e.DimK12EnrollmentStatusId = f.K12EnrollmentStatusId
                join RDS.DimGradeLevels g on f.EntryGradeLevelId = g.DimGradeLevelId
                where  e.ExitOrWithdrawalTypeCode='01921'
                                ---DiplomaOrCredentialAwardDate is missing
                                                and g.GradeLevelCode in ('09') and CohortYearId is not null","select  
        'Number of students with CohortYear (9th grade)' AS DataElementName,
                'RecordCount' AS CharacteristicType,  
                count(1) AS Value,
                NULL AS Remarks
                from rds.FactK12StudentEnrollments f  
                join  RDS.DimK12EnrollmentStatuses e on e.DimK12EnrollmentStatusId = f.K12EnrollmentStatusId
                join RDS.DimGradeLevels g on f.EntryGradeLevelId = g.DimGradeLevelId
                where  e.ExitOrWithdrawalTypeCode='01921'
                                ---DiplomaOrCredentialAwardDate is missing
                                                and g.GradeLevelCode in ('09') and CohortYearId is not null",,,,,,,
"6. Do students have access to quality school environments, including quality curricula and instruction, experienced teachers, effective leaders, and adequate funding?",Academic Progress & Completion,Outcomes & Milestones,K12,High school graduation,"Adjusted cohort graduation rate (the percentage of high school freshmen who graduate with a regular diploma within four, five, and six years of entering high school, regardless of whether they transferred schools)",Cohort graduation year,Found,StudentEducationOrganizationAssociation.CohortYear,Found,FactK12StudentEnrollments.CohortGraduationYearId,FactK12StudentEnrollments.CohortGraduationYearId,,Automated,Available,"Graduation data is reported by year, but individual data element for graduation year was not publicly available",,"select  
        'Number of students with CohortGraduationYear (9th grade)' AS DataElementName,
                'RecordCount' AS CharacteristicType,  
                count(1) AS Value,
                NULL AS Remarks
                from rds.FactK12StudentEnrollments f  
                join  RDS.DimK12EnrollmentStatuses e on e.DimK12EnrollmentStatusId = f.K12EnrollmentStatusId
                join RDS.DimGradeLevels g on f.EntryGradeLevelId = g.DimGradeLevelId
                where  e.ExitOrWithdrawalTypeCode='01921'
                                ---DiplomaOrCredentialAwardDate is missing
                                                and g.GradeLevelCode in ('09') and CohortGraduationYearId is not null","select  
        'Number of students with CohortGraduationYear (9th grade)' AS DataElementName,
                'RecordCount' AS CharacteristicType,  
                count(1) AS Value,
                NULL AS Remarks
                from rds.FactK12StudentEnrollments f  
                join  RDS.DimK12EnrollmentStatuses e on e.DimK12EnrollmentStatusId = f.K12EnrollmentStatusId
                join RDS.DimGradeLevels g on f.EntryGradeLevelId = g.DimGradeLevelId
                where  e.ExitOrWithdrawalTypeCode='01921'
                                ---DiplomaOrCredentialAwardDate is missing
                                                and g.GradeLevelCode in ('09') and CohortGraduationYearId is not null",,,,,,,
"6. Do students have access to quality school environments, including quality curricula and instruction, experienced teachers, effective leaders, and adequate funding?",Academic Progress & Completion,Outcomes & Milestones,K12,High school graduation,"Adjusted cohort graduation rate (the percentage of high school freshmen who graduate with a regular diploma within four, five, and six years of entering high school, regardless of whether they transferred schools)",Diploma or credential award date,Found,StudentAcademicRecordDiploma.DiplomaAwardDate,Not Found,N/A,N/A,,Manual,Not Available,,,"Missing elements in CEDS DWH:
DiplomaOrCredentialAwardDate ","Missing elements in CEDS DWH:
DiplomaOrCredentialAwardDate ",,,,,,,
"6. Do students have access to quality school environments, including quality curricula and instruction, experienced teachers, effective leaders, and adequate funding?",Academic Progress & Completion,Outcomes & Milestones,K12,High school graduation,"Adjusted cohort graduation rate (the percentage of high school freshmen who graduate with a regular diploma within four, five, and six years of entering high school, regardless of whether they transferred schools)",High school diploma type,Found,StudentAcademicRecordDiploma.DiplomaType,,,,ALSDE Data Code Manual,Automated,Available,,,"select  
        'Number of students with HighSchoolType (9th grade)' AS DataElementName,
                'RecordCount' AS CharacteristicType,  
                count(1) AS Value,
                NULL AS Remarks
                from rds.FactK12StudentCounts f  
                join  RDS.DimK12EnrollmentStatuses e on e.DimK12EnrollmentStatusId = f.K12EnrollmentStatusId
                join RDS.DimGradeLevels g on f.GradeLevelId = g.DimGradeLevelId
                where  e.ExitOrWithdrawalTypeCode='01921'
                                ---DiplomaOrCredentialAwardDate is missing
                                                and g.GradeLevelCode in ('09') and K12AcademicAwardStatusId is not null","select  
        'Number of students with HighSchoolType (9th grade)' AS DataElementName,
                'RecordCount' AS CharacteristicType,  
                count(1) AS Value,
                NULL AS Remarks
                from rds.FactK12StudentCounts f  
                join  RDS.DimK12EnrollmentStatuses e on e.DimK12EnrollmentStatusId = f.K12EnrollmentStatusId
                join RDS.DimGradeLevels g on f.GradeLevelId = g.DimGradeLevelId
                where  e.ExitOrWithdrawalTypeCode='01921'
                                ---DiplomaOrCredentialAwardDate is missing
                                                and g.GradeLevelCode in ('09') and K12AcademicAwardStatusId is not null",,,,,,,
"6. Do students have access to quality school environments, including quality curricula and instruction, experienced teachers, effective leaders, and adequate funding?",Academic Progress & Completion,E-W System Conditions,K12,Student perceptions of teaching,"Students’ perceptions of their teacher’s effectiveness, using a survey instrument such as the Pedagogical Effectiveness subscale of the Panorama Student Survey  the Tripod Student Survey,  the Ambitious Instruction and Supportive Environment domains of the 5Essentials Survey,  or the Elevate survey’s Feedback for Growth, Meaningful Work, Student Voice, Teacher Caring, Learning Goals, Supportive Teaching, and Well-organized Class scales",Results on teacher effectiveness student survey,Found,"SurveyQuestionResponseSurveyQuestionResponseValue.NumericResponse, SurveyQuestionResponseSurveyQuestionResponseValue.TextResponse ",Not Found,N/A,N/A,,Manual,Not Available,,,CEDS DWH connect not available,CEDS DWH connect not available,,,,,,,
"6. Do students have access to quality school environments, including quality curricula and instruction, experienced teachers, effective leaders, and adequate funding?",Academic Progress & Completion,E-W System Conditions,PS,Student perceptions of teaching,"Students’ perceptions of whether college instructors implement effective teaching practices, using a survey instrument such as the National Survey of Student Engagement  or the Ascend survey’s Institutional Growth Mindset and Trust and Fairness scales",Results on instructor effectiveness student survey,Likely not available,"SurveyQuestionResponseSurveyQuestionResponseValue.NumericResponse, SurveyQuestionResponseSurveyQuestionResponseValue.TextResponse ",Not Found,N/A,N/A,,Manual,Not Available,,,CEDS DWH connect not available,CEDS DWH connect not available,,,,,,,
"6. Do students have access to quality school environments, including quality curricula and instruction, experienced teachers, effective leaders, and adequate funding?",Academic Progress & Completion,E-W System Conditions,PK,Effective program and school leadership,"Percentage of school leaders rated as effective, using an evaluation system that includes multiple measures, such as the Administrator Evaluation component of the Tennessee Educator Acceleration Model (TEAM)",Results on leader effectiveness assessment,Not Found,N/A,Not Found,N/A,N/A,,Manual,Not Available,,,PK Tables not available in CEDS DWH,PK Tables not available in CEDS DWH,,,,,,,
"6. Do students have access to quality school environments, including quality curricula and instruction, experienced teachers, effective leaders, and adequate funding?",Academic Progress & Completion,E-W System Conditions,K12,Effective program and school leadership,"Percentage of school leaders rated as effective, using an evaluation system that includes multiple measures, such as the Administrator Evaluation component of the Tennessee Educator Acceleration Model (TEAM)",Results on leader effectiveness assessment,Not Found,N/A,Not Found,N/A,N/A,,Manual,Not Available,,,"Missing Elements in CEDS DWH:
Staff Evaluation Outcome 
Staff Evaluation System","Missing Elements in CEDS DWH:
Staff Evaluation Outcome 
Staff Evaluation System",,,,,,,
"6. Do students have access to quality school environments, including quality curricula and instruction, experienced teachers, effective leaders, and adequate funding?",Academic Progress & Completion,E-W System Conditions,K12,Institutions' contributions to student outcomes,"Schools’ contributions to student outcomes, including achievement, attendance, social-emotional learning, college enrollment, and earnings, using value-added models",School value-added,Not Found,N/A,,,,,Manual,Not Available,,,CEDS DWH does not contain elements ,CEDS DWH does not contain elements ,,,,,,,
"6. Do students have access to quality school environments, including quality curricula and instruction, experienced teachers, effective leaders, and adequate funding?",Academic Progress & Completion,E-W System Conditions,PS,Institutions' contributions to student outcomes,"Colleges’ contributions to student outcomes, including graduation rates, earnings, and student loan repayment, using value-added models",College value-added,Not Found,N/A,,,,,Manual,Not Available,,,CEDS DWH does not contain elements ,CEDS DWH does not contain elements ,,,,,,,
"6. Do students have access to quality school environments, including quality curricula and instruction, experienced teachers, effective leaders, and adequate funding?",Academic Progress & Completion,E-W System Conditions,PK,Expenditures per student,State expenditures per child enrolled,Expenditures per Pre-K pupil,Not Found,N/A,,,,,Automated,Available,The National Institute for Early Education Research State of Preschool Yearbook--Alabama State Profile (linked here) publishes estimates of per-child expenditures on Pre-K.,,PK Tables not available in CEDS DWH,PK Tables not available in CEDS DWH,,,,,,,
"6. Do students have access to quality school environments, including quality curricula and instruction, experienced teachers, effective leaders, and adequate funding?",Academic Progress & Completion,E-W System Conditions,K12,Expenditures per student,K-12: Per pupil expenditures,Expenditures per K-12 pupil,Not Found,N/A,,,,Annual Survey of School System Finances,Automated,Available,,,CEDS DWH does not contain elements ,CEDS DWH does not contain elements ,,,,,,,
"6. Do students have access to quality school environments, including quality curricula and instruction, experienced teachers, effective leaders, and adequate funding?",Academic Progress & Completion,E-W System Conditions,K12,Expenditures per student,"K-12: Equity Factor, a measure that indicates variance in per-pupil funding within a state",Expenditures per K-12 pupil,Not Found,N/A,,,,Annual Survey of School System Finances,Automated,Available,,,CEDS DWH does not contain elements ,CEDS DWH does not contain elements ,,,,,,,
"6. Do students have access to quality school environments, including quality curricula and instruction, experienced teachers, effective leaders, and adequate funding?",Academic Progress & Completion,E-W System Conditions,PS,Expenditures per student,Total instruction and student service expenditures per FTE student based on 12-month enrollment,Student FTE status,Found,StudentSchoolAssociation.FullTimeEquivalency,,,,ACHE Data Dictionary,Automated,Available,,,CEDS DWH does not contain elements ,CEDS DWH does not contain elements ,,,,,,,
"6. Do students have access to quality school environments, including quality curricula and instruction, experienced teachers, effective leaders, and adequate funding?",Academic Progress & Completion,E-W System Conditions,PS,Expenditures per student,Total instruction and student service expenditures per FTE student based on 12-month enrollment,Expenditures per student (postsecondary),Not Found,N/A,,,,,Semi-Automated,Partially Available,Higher Ed Appropriations Per Student dashboard  shows state postsecondary appropriations per student compared to other states. Does not show expenditures.,,CEDS DWH does not contain elements ,CEDS DWH does not contain elements ,,,,,,,
"6. Do students have access to quality school environments, including quality curricula and instruction, experienced teachers, effective leaders, and adequate funding?",Academic Progress & Completion,E-W System Conditions,PK,"Access to quality, culturally responsive curricula","Access to quality, culturally responsive curricula","Percentage of teachers regularly using standards-aligned, culturally responsive curricula",Not Found,N/A,,,,,Manual,Not Available,,Heavy Lift,PK Tables not available in CEDS DWH,PK Tables not available in CEDS DWH,,,,,,,
"6. Do students have access to quality school environments, including quality curricula and instruction, experienced teachers, effective leaders, and adequate funding?",Academic Progress & Completion,E-W System Conditions,K12,"Access to quality, culturally responsive curricula","Access to quality, culturally responsive curricula","Percentage of teachers regularly using standards-aligned, culturally responsive curricula",Not Found,N/A,,,,,Manual,Not Available,,Heavy Lift,CEDS Connect not available,CEDS Connect not available,,,,,,,
"6. Do students have access to quality school environments, including quality curricula and instruction, experienced teachers, effective leaders, and adequate funding?",Academic Progress & Completion,E-W System Conditions,PS,"Access to quality, culturally responsive curricula","Access to quality, culturally responsive curricula","Percentage of teachers regularly using standards-aligned, culturally responsive curricula",Not Found,N/A,,,,,Manual,Not Available,,Heavy Lift,CEDS Connect not available,CEDS Connect not available,,,,,,,
"6. Do students have access to quality school environments, including quality curricula and instruction, experienced teachers, effective leaders, and adequate funding?",Academic Progress & Completion,E-W System Conditions,PK,Classroom observations of instructional practice,"Scores on measures of teacher–child interactions, such as the Classroom Assessment Scoring System (CLASS),  the Early Childhood Environment Rating Scale (ECERS) Interactions subscale,  or the Assessing Classroom Sociocultural Equity Scale (ACSES)  (which assesses equitable classroom interactions)",Results on teacher-child interaction measure,Likely not available,"PerformanceEvaluationRating.PerformanceEvaluationRatingResult (TPDM), EvaluationRatingRatingResult.Rating (TPDM)",Not Found,N/A,N/A,,Manual,Not Available,,,PK Tables not available in CEDS DWH,PK Tables not available in CEDS DWH,,,,,,,
"6. Do students have access to quality school environments, including quality curricula and instruction, experienced teachers, effective leaders, and adequate funding?",Academic Progress & Completion,E-W System Conditions,K12,Classroom observations of instructional practice,"Teachers’ overall and subscale scores on an observation rubric associated with an educator observation system; examples of common frameworks include the Danielson’s Framework for Teaching ,   and the Marzano Causal Teacher Evaluation Model",Overall teacher observation score,Found,"PerformanceEvaluationRating.PerformanceEvaluationRatingResult (TPDM), EvaluationRatingRatingResult.Rating (TPDM)","Not Found in V11 
Found in V13",N/A,"FactK12StaffAssessments.AssessmentResultScoreValueScaleScore
",Alabama Teacher Growth Program,Automated,Available,Data not publicly available,,"Available fields:
                AssessmentResultScoreValueScaleScore is not null
                AssessmentTypeCode = 'Observation' 
               AssessmentIdentifier ='overall assessment code'

Missing tables in CEDS DWH to store relation between staff and assessment results
Missing column in CEDS DWH :Staff Evaluation System","select
    'Overall teacher observation score (K-12)' AS DataElementName,
    'RecordCount' AS CharacteristicType,
     CAST(COUNT(*) AS NVARCHAR(MAX)) AS Value,
    NULL AS Remarks 
from RDS.FactK12StaffAssessments f
join RDS.DimAssessments d
on f.AssessmentId = d.DimAssessmentId
where d.AssessmentTypeAdministeredDescription like '%observation%' 
    and f.AssessmentResultScoreValueScaleScore is not null;",,,,,,,
"6. Do students have access to quality school environments, including quality curricula and instruction, experienced teachers, effective leaders, and adequate funding?",Academic Progress & Completion,E-W System Conditions,K12,Classroom observations of instructional practice,"Teachers’ overall and subscale scores on an observation rubric associated with an educator observation system; examples of common frameworks include the Danielson’s Framework for Teaching ,   and the Marzano Causal Teacher Evaluation Model",Subscale observation scores,Found,"PerformanceEvaluationRating.PerformanceEvaluationRatingResult (TPDM), EvaluationRatingRatingResult.Rating (TPDM)","Not Found in V11 
Found in V13",N/A,"FactK12StaffAssessments.AssessmentResultScoreValueScaleScore
",Alabama Teacher Growth Program,Automated,Available,Data not publicly available,,"Available fields:
                AssessmentResultScoreValueScaleScore is not null
                AssessmentTypeCode = 'Observation' 
               AssessmentIdentifier =subscale assessment code'

Missing tables in CEDS DWH to store relation between staff and assessment results
Missing column in CEDS DWH :Staff Evaluation System","select
    'Subscale observation scores (K-12)' AS DataElementName,
    'RecordCount' AS CharacteristicType,
     CAST(COUNT(*) AS NVARCHAR(MAX)) AS Value,
    NULL AS Remarks 
from RDS.FactK12StaffAssessments f
join RDS.DimAssessments d
on f.AssessmentId = d.DimAssessmentId
where d.AssessmentTypeAdministeredDescription like '%observation%' 
    and f.AssessmentResultScoreValueScaleScore is not null;",,,,,,,
"6. Do students have access to quality school environments, including quality curricula and instruction, experienced teachers, effective leaders, and adequate funding?",Academic Progress & Completion,E-W System Conditions,PS,Classroom observations of instructional practice,"Postsecondary: There are currently no widely used standardized rubrics for peer observations of college teaching, though multiple researchers and universities have produced guidance surrounding the peer observation process",Instructor observation results,Likely not available,"PerformanceEvaluationRating.PerformanceEvaluationRatingResult (TPDM), EvaluationRatingRatingResult.Rating (TPDM)",Not Found,N/A,N/A,,Manual,Not Available,,,"
Missing tables in CEDS DWH to store relation between  PS staff and assessment results
","
Missing tables in CEDS DWH to store relation between  PS staff and assessment results
",,,,,,,
"6. Do students have access to quality school environments, including quality curricula and instruction, experienced teachers, effective leaders, and adequate funding?",Academic Progress & Completion,Outcomes & Milestones,K12,Early grades on track,"Percentage of students in grades 1 and 2 meeting grade-level math and reading benchmarks, with an attendance rate of 90 percent or higher, and no in- or out-of-school suspensions",Student grade level,Found,StudentSchoolAssociation.EntryGradeLevel,Found,FactK12Enrollments.EntryGradeId,FactK12Enrollments.EntryGradeId,ALSDE Data Code Manual,Automated,Available,,,"select
        'Number of Students (Grade 1 and 2)' AS DataElementName,
    'RecordCount' AS CharacteristicType,
        CAST(COUNT(*) AS NVARCHAR(MAX)) AS Value,
    NULL AS Remarks
    from
        RDS.FactK12StudentEnrollments f
        join RDS.DimGradeLevels g on f.EntryGradeLevelId = g.DimGradeLevelId
    where
         g.GradeLevelCode in ('01', '02')","select
        'Number of Students (Grade 1 and 2)' AS DataElementName,
    'RecordCount' AS CharacteristicType,
        CAST(COUNT(*) AS NVARCHAR(MAX)) AS Value,
    NULL AS Remarks
    from
        RDS.FactK12StudentEnrollments f
        join RDS.DimGradeLevels g on f.EntryGradeLevelId = g.DimGradeLevelId
    where
         g.GradeLevelCode in ('01', '02')",,,,,,,
"6. Do students have access to quality school environments, including quality curricula and instruction, experienced teachers, effective leaders, and adequate funding?",Academic Progress & Completion,Outcomes & Milestones,K12,Early grades on track,"Percentage of students in grades 1 and 2 meeting grade-level math and reading benchmarks, with an attendance rate of 90 percent or higher, and no in- or out-of-school suspensions",Math proficiency (or math assessment score) (Grades 1 & 2),Found,"

Assessment.AssessmentIdentifier, StudentAssessmentPerformanceLevel.PerfomanceLevelDescriptorId
PerformanceLevelDescriptor.DescriptorId",Found,FactK12StudentAssessments.AssessmentId,FactK12StudentAssessments.AssessmentId,Student Data Application Guide,Automated,Available,p. 88,,"select  
        'Students meet Assessment Benchmark (K-12)' AS DataElementName,
                'RecordCount' AS CharacteristicType,  
                count(1) AS Value,
                NULL AS Remarks
                from rds.FactK12StudentAssessments ase  
                join  RDS.FactK12StudentEnrollments f on f.K12StudentId = ase.K12StudentId
        join RDS.DimAssessments da on da.DimAssessmentId = ase.AssessmentId
                join RDS.DimGradeLevels g on f.EntryGradeLevelId = g.DimGradeLevelId
                where  ase.AssessmentResultScoreValueScaleScore is not null
                        and da.AssessmentTypeCode = 'Benchmark' 
                        and da.AssessmentAcademicSubjectCode in ('01166')","select  
        'Students meet Assessment Benchmark (K-12)' AS DataElementName,
                'RecordCount' AS CharacteristicType,  
                count(1) AS Value,
                NULL AS Remarks
                from rds.FactK12StudentAssessments ase  
                join  RDS.FactK12StudentEnrollments f on f.K12StudentId = ase.K12StudentId
        join RDS.DimAssessments da on da.DimAssessmentId = ase.AssessmentId
                join RDS.DimGradeLevels g on f.EntryGradeLevelId = g.DimGradeLevelId
                where  ase.AssessmentResultScoreValueScaleScore is not null
                        and da.AssessmentTypeCode = 'Benchmark' 
                        and da.AssessmentAcademicSubjectCode in ('01166')",,,,,,,
"6. Do students have access to quality school environments, including quality curricula and instruction, experienced teachers, effective leaders, and adequate funding?",Academic Progress & Completion,Outcomes & Milestones,K12,Early grades on track,"Percentage of students in grades 1 and 2 meeting grade-level math and reading benchmarks, with an attendance rate of 90 percent or higher, and no in- or out-of-school suspensions",Reading proficiency (or reading assessment score) (Grades 1 & 2),Found,"

Assessment.AssessmentIdentifier, StudentAssessmentPerformanceLevel.PerfomanceLevelDescriptorId
PerformanceLevelDescriptor.DescriptorId",Found,FactK12StudentAssessments.AssessmentId,FactK12StudentAssessments.AssessmentId,Student Data Application Guide,Automated,Available,p. 88,,"select  
        'Students meet Assessment Benchmark (K-12)' AS DataElementName,
                'RecordCount' AS CharacteristicType,  
                count(1) AS Value,
                NULL AS Remarks
                from rds.FactK12StudentAssessments ase  
                join  RDS.FactK12StudentEnrollments f on f.K12StudentId = ase.K12StudentId
        join RDS.DimAssessments da on da.DimAssessmentId = ase.AssessmentId
                join RDS.DimGradeLevels g on f.EntryGradeLevelId = g.DimGradeLevelId
                where  ase.AssessmentResultScoreValueScaleScore is not null
                        and da.AssessmentTypeCode = 'Benchmark' 
                        and da.AssessmentAcademicSubjectCode in ('00560')","select  
        'Students meet Assessment Benchmark (K-12)' AS DataElementName,
                'RecordCount' AS CharacteristicType,  
                count(1) AS Value,
                NULL AS Remarks
                from rds.FactK12StudentAssessments ase  
                join  RDS.FactK12StudentEnrollments f on f.K12StudentId = ase.K12StudentId
        join RDS.DimAssessments da on da.DimAssessmentId = ase.AssessmentId
                join RDS.DimGradeLevels g on f.EntryGradeLevelId = g.DimGradeLevelId
                where  ase.AssessmentResultScoreValueScaleScore is not null
                        and da.AssessmentTypeCode = 'Benchmark' 
                        and da.AssessmentAcademicSubjectCode in ('00560')",,,,,,,
"6. Do students have access to quality school environments, including quality curricula and instruction, experienced teachers, effective leaders, and adequate funding?",Academic Progress & Completion,Outcomes & Milestones,K12,Early grades on track,"Percentage of students in grades 1 and 2 meeting grade-level math and reading benchmarks, with an attendance rate of 90 percent or higher, and no in- or out-of-school suspensions",Student attendance rate (Grades 1 & 2),Not Found,N/A,Found,FactK12StudentAttendanceRates.StudentAttendanceRate,FactK12StudentAttendanceRates.StudentAttendanceRate,ALSDE Data Code Manual,Automated,Available,,,"
select
        'Attendance rate (K-12)' AS DataElementName,
    'RecordCount' AS CharacteristicType,
        CAST(COUNT(a.StudentAttendanceRate) AS NVARCHAR(MAX)) AS Value,
    NULL AS Remarks
    from
        RDS.FactK12StudentEnrollments f
        join RDS.DimGradeLevels g on f.EntryGradeLevelId = g.DimGradeLevelId
        join RDS.DimSchoolYears y on f.SchoolYearId = y.DimSchoolYearId
        join RDS.DimDates entry_dt on entry_dt.DimDateId = f.EnrollmentEntryDateId
        join RDS.DimDates exit_dt on exit_dt.DimDateId = f.EnrollmentExitDateId
        join RDS.FactK12StudentAttendanceRates a on f.K12StudentId = a.K12StudentId
        and f.SchoolYearId = a.SchoolYearId
                join RDS.FactK12StudentDisciplines d on f.K12StudentId = d.K12StudentId
        and f.SchoolYearId = d.SchoolYearId
        join RDS.DimDates discp_dt on discp_dt.DimDateId = d.DisciplinaryActionStartDateId
    where
        discp_dt.DateValue between entry_dt.DateValue
        and exit_dt.DateValue;","
select
        'Attendance rate (K-12)' AS DataElementName,
    'RecordCount' AS CharacteristicType,
        CAST(COUNT(a.StudentAttendanceRate) AS NVARCHAR(MAX)) AS Value,
    NULL AS Remarks
    from
        RDS.FactK12StudentEnrollments f
        join RDS.DimGradeLevels g on f.EntryGradeLevelId = g.DimGradeLevelId
        join RDS.DimSchoolYears y on f.SchoolYearId = y.DimSchoolYearId
        join RDS.DimDates entry_dt on entry_dt.DimDateId = f.EnrollmentEntryDateId
        join RDS.DimDates exit_dt on exit_dt.DimDateId = f.EnrollmentExitDateId
        join RDS.FactK12StudentAttendanceRates a on f.K12StudentId = a.K12StudentId
        and f.SchoolYearId = a.SchoolYearId
                join RDS.FactK12StudentDisciplines d on f.K12StudentId = d.K12StudentId
        and f.SchoolYearId = d.SchoolYearId
        join RDS.DimDates discp_dt on discp_dt.DimDateId = d.DisciplinaryActionStartDateId
    where
        discp_dt.DateValue between entry_dt.DateValue
        and exit_dt.DateValue;",,,,,,,
"6. Do students have access to quality school environments, including quality curricula and instruction, experienced teachers, effective leaders, and adequate funding?",Academic Progress & Completion,Outcomes & Milestones,K12,Early grades on track,"Percentage of students in grades 1 and 2 meeting grade-level math and reading benchmarks, with an attendance rate of 90 percent or higher, and no in- or out-of-school suspensions",In school suspension (Grades 1 & 2),Found,DisciplineAction.DisciplineDescriptor,Found,FactK12StudentDisciplines.DisciplineStatusId,FactK12StudentDisciplines.DisciplineStatusId,ALSDE Data Code Manual,Automated,Available,,,"SELECT
    'In School Suspensions (K-12)' AS DataElementName,
    'RecordCount' AS CharacteristicType,
    CAST(COUNT(*) AS NVARCHAR(MAX)) AS Value,
    NULL AS Remarks
FROM RDS.FactK12StudentDisciplines fact
JOIN RDS.DimDisciplineStatuses discStat ON fact.DisciplineStatusId = discStat.DimDisciplineStatusId
WHERE discStat.DisciplinaryActionTakenCode IN 
('03100' -- Suspension, in-school
)","SELECT
    'In School Suspensions (K-12)' AS DataElementName,
    'RecordCount' AS CharacteristicType,
    CAST(COUNT(*) AS NVARCHAR(MAX)) AS Value,
    NULL AS Remarks
FROM RDS.FactK12StudentDisciplines fact
JOIN RDS.DimDisciplineStatuses discStat ON fact.DisciplineStatusId = discStat.DimDisciplineStatusId
WHERE discStat.DisciplinaryActionTakenCode IN 
('03100' -- Suspension, in-school
)",,,,,,,
"6. Do students have access to quality school environments, including quality curricula and instruction, experienced teachers, effective leaders, and adequate funding?",Academic Progress & Completion,Outcomes & Milestones,K12,Early grades on track,"Percentage of students in grades 1 and 2 meeting grade-level math and reading benchmarks, with an attendance rate of 90 percent or higher, and no in- or out-of-school suspensions",Out of school suspension (Grades 1 & 2),Found,DisciplineAction.DisciplineDescriptor,Found,FactK12StudentDisciplines.DisciplineStatusId,FactK12StudentDisciplines.DisciplineStatusId,ALSDE Data Code Manual,Automated,Available,,,"SELECT
    'Out of School Suspensions (K-12)' AS DataElementName,
    'RecordCount' AS CharacteristicType,
    CAST(COUNT(*) AS NVARCHAR(MAX)) AS Value,
    NULL AS Remarks
FROM RDS.FactK12StudentDisciplines fact
JOIN RDS.DimDisciplineStatuses discStat ON fact.DisciplineStatusId = discStat.DimDisciplineStatusId
WHERE discStat.DisciplinaryActionTakenCode IN 
        ('03154' -- Suspension, out-of-school, greater than 10 consecutive days
        ,'03155' -- Suspension, out-of-school, separate days culminating to more than 10 school days
        ,'03101' -- Suspension, out-of-school, with services
        ,'03102' -- Suspension, out-of-school, without services
		)","SELECT
    'Out of School Suspensions (K-12)' AS DataElementName,
    'RecordCount' AS CharacteristicType,
    CAST(COUNT(*) AS NVARCHAR(MAX)) AS Value,
    NULL AS Remarks
FROM RDS.FactK12StudentDisciplines fact
JOIN RDS.DimDisciplineStatuses discStat ON fact.DisciplineStatusId = discStat.DimDisciplineStatusId
WHERE discStat.DisciplinaryActionTakenCode IN 
        ('03154' -- Suspension, out-of-school, greater than 10 consecutive days
        ,'03155' -- Suspension, out-of-school, separate days culminating to more than 10 school days
        ,'03101' -- Suspension, out-of-school, with services
        ,'03102' -- Suspension, out-of-school, without services
		)",,,,,,,
"6. Do students have access to quality school environments, including quality curricula and instruction, experienced teachers, effective leaders, and adequate funding?",Academic Progress & Completion,E-W System Conditions,PK,Educator retention,Teacher retention: Percentage of teachers who return to teaching in the same school from year to year,"Job title or position type (teacher or educator, prior and current year)",Likely not available,StaffEducationOrganizationAssignmentAssociation.PositionTitle (would need data from previous years),,,,ALSDE Data Code Manual,Automated,Available,,,PK Tables not available in CEDS DWH,PK Tables not available in CEDS DWH,,,,,,,
"6. Do students have access to quality school environments, including quality curricula and instruction, experienced teachers, effective leaders, and adequate funding?",Academic Progress & Completion,E-W System Conditions,PK,Educator retention,Teacher retention: Percentage of teachers who return to teaching in the same school from year to year,School or program ID (prior and current year),Likely not available,StaffSchoolAssociaation.School,,,,,Manual,Not Available,,,PK Tables not available in CEDS DWH,PK Tables not available in CEDS DWH,,,,,,,
"6. Do students have access to quality school environments, including quality curricula and instruction, experienced teachers, effective leaders, and adequate funding?",Academic Progress & Completion,E-W System Conditions,PK,Educator retention,"School leader tenure: Percentage of school leaders who have served in their current positions for less than two years, two to three years, and four or more years",Job title or position type (school leader or administrator),Likely not available,"StaffEducationOrganizationAssignmentAssociation.PositionTitle,  StaffEducationOrganizationAssignmentAssociation.StaffClassificationDescriptor",,,,ALSDE Data Code Manual,Automated,Available,,,PK Tables not available in CEDS DWH,PK Tables not available in CEDS DWH,,,,,,,
"6. Do students have access to quality school environments, including quality curricula and instruction, experienced teachers, effective leaders, and adequate funding?",Academic Progress & Completion,E-W System Conditions,PK,Educator retention,"School leader tenure: Percentage of school leaders who have served in their current positions for less than two years, two to three years, and four or more years",Years in current position,Likely not available,StaffEducationOrganizationAssignmentAssociation.BeginDate,,,,,Manual,Not Available,"We could not find a data element for years in current position, but it is likely that the state could calculate this metric using historical data.",,PK Tables not available in CEDS DWH,PK Tables not available in CEDS DWH,,,,,,,
"6. Do students have access to quality school environments, including quality curricula and instruction, experienced teachers, effective leaders, and adequate funding?",Academic Progress & Completion,E-W System Conditions,K12,Educator retention,Teacher retention: Percentage of teachers who return to teaching in the same school from year to year,"Job title or position type (teacher or educator, prior and current year)",Found,"StaffEducationOrganizationAssignmentAssociation.PositionTitle,  StaffEducationOrganizationAssignmentAssociation.StaffClassificationDescriptor (would need data from previous years)",Found,DimPeople.PositionTitle,DimPeople.PositionTitle,ALSDE Data Code Manual,Automated,Available,,,"SELECT
    'Number of Teachers with Position Title Info (K-12)' AS DataElementName,
    'RecordCount' AS CharacteristicType,
    CAST(COUNT(distinct p.PositionTitle) AS NVARCHAR(MAX)) AS Value,
    NULL AS Remarks
 from rds.DimPeople p join staff_ret r
on p.DimPersonId = r.K12StaffId","SELECT
    'Number of Teachers with Position Title Info (K-12)' AS DataElementName,
    'RecordCount' AS CharacteristicType,
    CAST(COUNT(distinct p.PositionTitle) AS NVARCHAR(MAX)) AS Value,
    NULL AS Remarks
 from RDS.DimPeople_Current p join staff_ret r
on p.DimPersonId = r.K12StaffId","With staff_ret as (SELECT 
        f.K12StaffId,f.K12SchoolId
    FROM RDS.FactK12StaffCounts f
    JOIN RDS.DimPeople p on f.K12StaffId = p.K12StaffStaffMemberIdentifierState
   JOIN RDS.DimK12StaffCategories b 
        ON b.DimK12StaffCategoryId = f.K12StaffCategoryId
    WHERE b.K12StaffClassificationCode IN ('KindergartenTeachers', 'SecondaryTeachers', 'Elementary Teachers')
    GROUP BY f.K12StaffId,f.K12SchoolId
    HAVING COUNT(DISTINCT f.SchoolYearId) > 1
) 
SELECT
    'Number of Teachers with Position Title Info greater than 1 year of retention (K-12)' AS DataElementName,
    'RecordCount' AS CharacteristicType,
    CAST(COUNT(distinct p.PositionTitle) AS NVARCHAR(MAX)) AS Value,
    NULL AS Remarks
 from rds.DimPeople p join staff_ret r
on p.DimPersonId = r.K12StaffId",,,,,,
"6. Do students have access to quality school environments, including quality curricula and instruction, experienced teachers, effective leaders, and adequate funding?",Academic Progress & Completion,E-W System Conditions,K12,Educator retention,Teacher retention: Percentage of teachers who return to teaching in the same school from year to year,School assignment or school ID (prior and current year),Found,StaffSchoolAssociation.School,Found,FactK12StaffCounts.K12SchoolId,FactK12StaffCounts.K12SchoolId,ALSDE Data Code Manual,Automated,Available,Must be cross referenced over multiple years,,"
SELECT
    'Number of Schools  (K-12)' AS DataElementName,
    'RecordCount' AS CharacteristicType,
    CAST(COUNT(distinct f.K12SchoolId) AS NVARCHAR(MAX)) AS Value,
    NULL AS Remarks
 from RDS.FactK12StaffCounts f
    JOIN RDS.DimK12StaffCategories b 
        ON b.DimK12StaffCategoryId = f.K12StaffCategoryId
    WHERE b.K12StaffClassificationCode IN ('KindergartenTeachers', 'SecondaryTeachers', 'Elementary Teachers')","
SELECT
    'Number of Schools  (K-12)' AS DataElementName,
    'RecordCount' AS CharacteristicType,
    CAST(COUNT(distinct f.K12SchoolId) AS NVARCHAR(MAX)) AS Value,
    NULL AS Remarks
 from RDS.FactK12StaffCounts f
    JOIN RDS.DimK12StaffCategories b 
        ON b.DimK12StaffCategoryId = f.K12StaffCategoryId
    WHERE b.K12StaffClassificationCode IN ('KindergartenTeachers', 'SecondaryTeachers', 'Elementary Teachers')","With staff_ret as (SELECT 
        f.K12StaffId,f.K12SchoolId
    FROM RDS.FactK12StaffCounts f
    JOIN RDS.DimK12StaffCategories b 
        ON b.DimK12StaffCategoryId = f.K12StaffCategoryId
    WHERE b.K12StaffClassificationCode IN ('KindergartenTeachers', 'SecondaryTeachers', 'Elementary Teachers')
    GROUP BY f.K12StaffId,f.K12SchoolId
    HAVING COUNT(DISTINCT f.SchoolYearId) > 1
) 
SELECT
    'Number of Schools with greater than 1 year Staff retention (K-12)' AS DataElementName,
    'RecordCount' AS CharacteristicType,
    CAST(COUNT(distinct K12SchoolId) AS NVARCHAR(MAX)) AS Value,
    NULL AS Remarks
 from staff_ret",,,,,,
"6. Do students have access to quality school environments, including quality curricula and instruction, experienced teachers, effective leaders, and adequate funding?",Academic Progress & Completion,E-W System Conditions,K12,Educator retention,"School leader tenure: Percentage of school leaders who have served in their current positions for less than two years, two to three years, and four or more years",Position type (school leader or administrator),Found,"StaffEducationOrganizationAssignmentAssociation.PositionTitle,  StaffEducationOrganizationAssignmentAssociation.StaffClassificationDescriptor",Found,DimPeople.PositionTitle,DimPeople.PositionTitle,ALSDE Data Code Manual,Automated,Available,,,"SELECT
    'Number of Administators retained  (K-12)' AS DataElementName,
    'RecordCount' AS CharacteristicType,
    CAST(COUNT(*) AS NVARCHAR(MAX)) AS Value,
    NULL AS Remarks
FROM (
    SELECT 
        f.K12StaffId
    FROM RDS.FactK12StaffCounts f
    JOIN RDS.DimK12StaffCategories b 
        ON b.DimK12StaffCategoryId = f.K12StaffCategoryId
    WHERE b.K12StaffClassificationCode IN ('Administrators', 'School Administrators')
    GROUP BY f.K12StaffId
    HAVING COUNT(DISTINCT f.SchoolYearId) > 1
) a;
","SELECT
    'Number of Administators retained  (K-12)' AS DataElementName,
    'RecordCount' AS CharacteristicType,
    CAST(COUNT(*) AS NVARCHAR(MAX)) AS Value,
    NULL AS Remarks
FROM (
    SELECT 
        f.K12StaffId
    FROM RDS.FactK12StaffCounts f
    JOIN RDS.DimK12StaffCategories b 
        ON b.DimK12StaffCategoryId = f.K12StaffCategoryId
    WHERE b.K12StaffClassificationCode IN ('Administrators', 'School Administrators')
    GROUP BY f.K12StaffId
    HAVING COUNT(DISTINCT f.SchoolYearId) > 1
) a;
",,,,,,,
"6. Do students have access to quality school environments, including quality curricula and instruction, experienced teachers, effective leaders, and adequate funding?",Academic Progress & Completion,E-W System Conditions,K12,Educator retention,"School leader tenure: Percentage of school leaders who have served in their current positions for less than two years, two to three years, and four or more years",Years in current position,Found,StaffEducationOrganizationAssignmentAssociation.BeginDate,Not Found,N/A,N/A,,Manual,Not Available,"We could not find a data element for years in current position, but it is likely that the state could calculate this metric using historical data.",,"Missing elements in CEDS DWH:
Professional Educational Job 
Classification
Years of Prior Teaching Experience","Missing elements in CEDS DWH:
Professional Educational Job 
Classification
Years of Prior Teaching Experience",,,,,,,
"6. Do students have access to quality school environments, including quality curricula and instruction, experienced teachers, effective leaders, and adequate funding?",Academic Progress & Completion,E-W System Conditions,PK,Teacher credentials,Percentage of lead teachers with at least a bachelor’s degree,Position type (lead pre-K teacher status),Likely not available,StaffEducationOrganizationAssignmentAssociation.StaffClassification,,,,ALSDE Data Code Manual,Automated,Available,,,PK Tables not available in CEDS DWH,PK Tables not available in CEDS DWH,,,,,,,
"6. Do students have access to quality school environments, including quality curricula and instruction, experienced teachers, effective leaders, and adequate funding?",Academic Progress & Completion,E-W System Conditions,PK,Teacher credentials,Percentage of lead teachers with at least a bachelor’s degree,Highest level of education completed,Likely not available,Staff.HighestCompletedLevelOfEducation,,,,ALSDE Data Code Manual,Automated,Available,,,PK Tables not available in CEDS DWH,PK Tables not available in CEDS DWH,,,,,,,
"6. Do students have access to quality school environments, including quality curricula and instruction, experienced teachers, effective leaders, and adequate funding?",Academic Progress & Completion,E-W System Conditions,PK,Teacher credentials,Percentage of lead teachers with specialized training in pre-K,Position type (lead pre-K teacher status),Likely not available,StaffEducationOrganizationAssignmentAssociation.StaffClassification,,,,ALSDE Data Code Manual,Automated,Available,,,PK Tables not available in CEDS DWH,PK Tables not available in CEDS DWH,,,,,,,
"6. Do students have access to quality school environments, including quality curricula and instruction, experienced teachers, effective leaders, and adequate funding?",Academic Progress & Completion,E-W System Conditions,PK,Teacher credentials,Percentage of lead teachers with specialized training in pre-K,Credential or certification type,Likely not available,"Credential.CredentialType, Credential.Person",,,,ALSDE Data Code Manual,Automated,Available,,,PK Tables not available in CEDS DWH,PK Tables not available in CEDS DWH,,,,,,,
"6. Do students have access to quality school environments, including quality curricula and instruction, experienced teachers, effective leaders, and adequate funding?",Academic Progress & Completion,E-W System Conditions,K12,Teacher credentials,"Percentage of courses taught by full-time equivalent (FTE) teachers (that is, teachers other than substitutes or those with emergency or provisional licenses)",Course ID or course title,Found,Credential.AcademicSubjectDescriptor,Found,FactK12StudentCourseSections.K12CourseId,FactK12StudentCourseSections.StateK12CourseId,Student Data Application Guide,Automated,Available,p. 57,,"select
        'Number of Courses(K-12)' AS DataElementName,
    'RecordCount' AS CharacteristicType,
        CAST(COUNT(*) AS NVARCHAR(MAX)) AS Value,
    NULL AS Remarks 
from RDS.FactK12StudentCourseSections f
join RDS.DimK12Courses c
on f.K12CourseId = c.DimK12CourseId","select
        'Number of Courses(K-12)' AS DataElementName,
    'RecordCount' AS CharacteristicType,
        CAST(COUNT(*) AS NVARCHAR(MAX)) AS Value,
    NULL AS Remarks 
from RDS.FactK12StudentCourseSections f
join RDS.DimK12Courses c
on f.StateK12CourseId = c.DimK12CourseId",,,,,,,
"6. Do students have access to quality school environments, including quality curricula and instruction, experienced teachers, effective leaders, and adequate funding?",Academic Progress & Completion,E-W System Conditions,K12,Teacher credentials,"Percentage of courses taught by full-time equivalent (FTE) teachers (that is, teachers other than substitutes or those with emergency or provisional licenses)",Staff FTE status,Found,staffEducationOrganizationEmploymentAssociation.FullTimeEquivalency,Found,FactK12StaffCounts.StaffFullTimeEquivalency,FactK12StaffEmployments.FullTimeEquivalency,ALSDE Data Code Manual,Automated,Available,,,"select
	'Number of FTE Staff(K-12)' AS DataElementName,
    'RecordCount' AS CharacteristicType,
	CAST(COUNT(*) AS NVARCHAR(MAX)) AS Value,
    NULL AS Remarks 
from RDS.FactK12StaffCounts f
where f.StaffFullTimeEquivalency = 1.0","select
    'Number of FTE Staff(K-12)' AS DataElementName,
    'RecordCount' AS CharacteristicType,
    CAST(COUNT(*) AS NVARCHAR(MAX)) AS Value,
    NULL AS Remarks 
from RDS.FactK12StaffEmployments f 
join RDS.DimPeople_Current d
    on d.DimPersonId = f.K12Staff_CurrentId
where f.FullTimeEquivalency = 1.0",,,,,,,
"6. Do students have access to quality school environments, including quality curricula and instruction, experienced teachers, effective leaders, and adequate funding?",Academic Progress & Completion,E-W System Conditions,K12,Teacher credentials,"Percentage of courses taught by full-time equivalent (FTE) teachers (that is, teachers other than substitutes or those with emergency or provisional licenses)",Course instructor (or teacher's course assignments),Found,StaffSectionAssociation.Staff,Found,BridgeK12StudentCourseSectionK12Staff.K12StaffId,BridgeK12StudentCourseSectionK12Staff.K12StaffId,ALSDE Data Code Manual,Automated,Available,,,"select
	'Number of CourseSection Staff(K-12)' AS DataElementName,
    'RecordCount' AS CharacteristicType,
	CAST(COUNT(*) AS NVARCHAR(MAX)) AS Value,
    NULL AS Remarks 
from RDS.BridgeK12StudentCourseSectionK12Staff b
join RDS.FactK12StudentCourseSections f 
on b.FactK12StudentCourseSectionId = f.FactK12StudentCourseSectionId","select
	'Number of CourseSection Staff(K-12)' AS DataElementName,
    'RecordCount' AS CharacteristicType,
	CAST(COUNT(*) AS NVARCHAR(MAX)) AS Value,
    NULL AS Remarks 
from RDS.BridgeK12StudentCourseSectionK12Staff b
join RDS.FactK12StudentCourseSections f 
on b.FactK12StudentCourseSectionId = f.FactK12StudentCourseSectionId",,,,,,,
"6. Do students have access to quality school environments, including quality curricula and instruction, experienced teachers, effective leaders, and adequate funding?",Academic Progress & Completion,E-W System Conditions,K12,Teacher credentials,Percentage of courses taught by teachers certified to teach the given subject or grade level,Course ID or course title,Found,"StaffSectionAssociation.Section.CourseOffering.LocalCourseCode, StaffSectionAssociation.Section.CourseOffering.LocalTitle, StaffSectionAssociation.Section.CourseOffering.Course.CourseCode, StaffSectionAssociation.Section.CourseOffering.Course.CourseTitle",Found,FactK12StudentCourseSections.K12CourseId,FactK12StudentCourseSections.StateK12CourseId,Student Data Application Guide,Automated,Available,p. 57,,"select
	'Number of Courses(K-12)' AS DataElementName,
    'RecordCount' AS CharacteristicType,
	CAST(COUNT(*) AS NVARCHAR(MAX)) AS Value,
    NULL AS Remarks 
from RDS.FactK12StudentCourseSections f
join RDS.DimK12Courses c
on f.K12CourseId = c.DimK12CourseId","select
        'Number of Courses(K-12)' AS DataElementName,
    'RecordCount' AS CharacteristicType,
        CAST(COUNT(*) AS NVARCHAR(MAX)) AS Value,
    NULL AS Remarks 
from RDS.FactK12StudentCourseSections f
join RDS.DimK12Courses c
on f.StateK12CourseId = c.DimK12CourseId",,,,,,,
"6. Do students have access to quality school environments, including quality curricula and instruction, experienced teachers, effective leaders, and adequate funding?",Academic Progress & Completion,E-W System Conditions,K12,Teacher credentials,Percentage of courses taught by teachers certified to teach the given subject or grade level,Teacher qualification or certification type,Found,Credential.CertificationTitle,Found,FactK12StaffCounts.K12StaffStatusId,FactK12StaffCounts.K12StaffStatusId,ALSDE Data Code Manual,Automated,Available,,,"select
        'Number of Courses(K-12)' AS DataElementName,
    'RecordCount' AS CharacteristicType,
        CAST(COUNT(*) AS NVARCHAR(MAX)) AS Value,
    NULL AS Remarks 
from RDS.FactK12StudentCourseSections f
join RDS.DimK12Courses c
on f.K12CourseId = c.DimK12CourseId","select
        'Number of Courses(K-12)' AS DataElementName,
    'RecordCount' AS CharacteristicType,
        CAST(COUNT(*) AS NVARCHAR(MAX)) AS Value,
    NULL AS Remarks 
from RDS.FactK12StudentCourseSections f
join RDS.DimK12Courses c
on f.K12CourseId = c.DimK12CourseId",,,,,,,
"6. Do students have access to quality school environments, including quality curricula and instruction, experienced teachers, effective leaders, and adequate funding?",Academic Progress & Completion,E-W System Conditions,K12,Teacher credentials,Percentage of courses taught by teachers certified to teach the given subject or grade level,Teaching assignment (subject and/or grade level taught),Found,"StaffSchoolAssociation.AcademicSubject, StaffSchoolAssociation.GradeLevel",Found,BridgeK12StudentCourseSectionK12Staff.K12StaffId,BridgeK12StaffAssignmentCourseSections.K12CourseId,,Automated,Available,"The Alabama Certification Search website (linked here) allows the public to search the certification status of any teacher in the state. The site includes information about certification status, certifications, endorsments, and grade levels, among other information. The state department of education also has a Youtube training video (https://www.youtube.com/watch?v=QAQLoAuMkMw) with detailed information on certification data collection on the state. The spreadsheet notes that the data come from SIS teacher schedules and educator directorirs.",,"select
        'Number of Teachers assigned to courses(K-12)' AS DataElementName,
    'RecordCount' AS CharacteristicType,
        CAST(COUNT(*) AS NVARCHAR(MAX)) AS Value,
    NULL AS Remarks 
from RDS.BridgeK12StudentCourseSectionK12Staff b
join RDS.FactK12StudentCourseSections f on b.FactK12StudentCourseSectionId = f.FactK12StudentCourseSectionId
join RDS.DimK12Courses c
on f.K12CourseId = c.DimK12CourseId","select
    'Number of Teachers assigned to courses(K-12)' AS DataElementName,
    'RecordCount' AS CharacteristicType,
     CAST(COUNT(*) AS NVARCHAR(MAX)) AS Value,
    NULL AS Remarks 
from RDS.BridgeK12StaffAssignmentCourseSections b
join RDS.FactK12StaffAssignments f
	on b.FactK12StaffAssignmentId = f.FactK12StaffAssignmentId
join RDS.DimK12Courses d
	on b.K12CourseId = d.DimK12CourseId",,,,,,,
"6. Do students have access to quality school environments, including quality curricula and instruction, experienced teachers, effective leaders, and adequate funding?",Academic Progress & Completion,E-W System Conditions,PS,Teachers' contributions to student learning growth,"Percentage of instructors demonstrating above average contributions to student learning, as measured by student growth on state standardized tests or other outcomes (for example, using value-added models or student growth percentiles)","SGP for standardized assessments (subject specific for reading/literacy, math, and science)",Not Found,N/A,,,,,Manual,Not Available,,,CEDS DWH does not contain tables to relate PS students and Assessments,CEDS DWH does not contain tables to relate PS students and Assessments,,,,,,,
"6. Do students have access to quality school environments, including quality curricula and instruction, experienced teachers, effective leaders, and adequate funding?",Academic Progress & Completion,E-W System Conditions,PS,Teachers' contributions to student learning growth,"Percentage of instructors demonstrating above average contributions to student learning, as measured by student growth on state standardized tests or other outcomes (for example, using value-added models or student growth percentiles)",VAM for subject specific assessment,Not Found,N/A,,,,,Manual,Not Available,,,Not sure about VAM in CEDS DWH,Not sure about VAM in CEDS DWH,,,,,,,
7. Are there populations of students that disproportionately experience exclusionary discipline practices that disrupt their educational experience?,Academic Progress & Completion,Outcomes & Milestones,PK,Consistent attendance,"Percentage of students who are present for more than 90 percent of their enrolled days, excluding students enrolled for fewer than 90 days",Student attendance rate,Not Found,N/A,,,,ALSDE Data Code Manual,Automated,Available,,,PK Tables not available in CEDS DWH,PK Tables not available in CEDS DWH,,,,,,,
7. Are there populations of students that disproportionately experience exclusionary discipline practices that disrupt their educational experience?,Academic Progress & Completion,Outcomes & Milestones,K12,Consistent attendance,"Percentage of students who are present for more than 90 percent of their enrolled days, excluding students enrolled for fewer than 90 days",Student attendance rate,Not Found,N/A,Found,FactK12StudentAttendanceRates.StudentAttendanceRate,FactK12StudentAttendanceRates.StudentAttendanceRate,ALSDE Data Code Manual,Automated,Available,,,"
select
        'Attendance rate (K-12)' AS DataElementName,
    'RecordCount' AS CharacteristicType,
        CAST(COUNT(a.StudentAttendanceRate) AS NVARCHAR(MAX)) AS Value,
    NULL AS Remarks
    from
        RDS.FactK12StudentEnrollments f
        join RDS.DimGradeLevels g on f.EntryGradeLevelId = g.DimGradeLevelId
        join RDS.DimSchoolYears y on f.SchoolYearId = y.DimSchoolYearId
        join RDS.DimDates entry_dt on entry_dt.DimDateId = f.EnrollmentEntryDateId
        join RDS.DimDates exit_dt on exit_dt.DimDateId = f.EnrollmentExitDateId
        join RDS.FactK12StudentAttendanceRates a on f.K12StudentId = a.K12StudentId
        and f.SchoolYearId = a.SchoolYearId
                join RDS.FactK12StudentDisciplines d on f.K12StudentId = d.K12StudentId
        and f.SchoolYearId = d.SchoolYearId
        join RDS.DimDates discp_dt on discp_dt.DimDateId = d.DisciplinaryActionStartDateId
    where
        discp_dt.DateValue between entry_dt.DateValue
        and exit_dt.DateValue;","
select
        'Attendance rate (K-12)' AS DataElementName,
    'RecordCount' AS CharacteristicType,
        CAST(COUNT(a.StudentAttendanceRate) AS NVARCHAR(MAX)) AS Value,
    NULL AS Remarks
    from
        RDS.FactK12StudentEnrollments f
        join RDS.DimGradeLevels g on f.EntryGradeLevelId = g.DimGradeLevelId
        join RDS.DimSchoolYears y on f.SchoolYearId = y.DimSchoolYearId
        join RDS.DimDates entry_dt on entry_dt.DimDateId = f.EnrollmentEntryDateId
        join RDS.DimDates exit_dt on exit_dt.DimDateId = f.EnrollmentExitDateId
        join RDS.FactK12StudentAttendanceRates a on f.K12StudentId = a.K12StudentId
        and f.SchoolYearId = a.SchoolYearId
                join RDS.FactK12StudentDisciplines d on f.K12StudentId = d.K12StudentId
        and f.SchoolYearId = d.SchoolYearId
        join RDS.DimDates discp_dt on discp_dt.DimDateId = d.DisciplinaryActionStartDateId
    where
        discp_dt.DateValue between entry_dt.DateValue
        and exit_dt.DateValue;",,,,,,,
7. Are there populations of students that disproportionately experience exclusionary discipline practices that disrupt their educational experience?,Academic Progress & Completion,Outcomes & Milestones,PS,Consistent attendance,"Percentage of students who are present for more than 90 percent of their enrolled days, excluding students enrolled for fewer than 90 days",Student attendance rate,Not Found,N/A,,,,ALSDE Data Code Manual,Automated,Available,,,"
select
        'Attendance rate (K-12)' AS DataElementName,
    'RecordCount' AS CharacteristicType,
        CAST(COUNT(a.StudentAttendanceRate) AS NVARCHAR(MAX)) AS Value,
    NULL AS Remarks
    from
        RDS.FactK12StudentEnrollments f
        join RDS.DimGradeLevels g on f.EntryGradeLevelId = g.DimGradeLevelId
        join RDS.DimSchoolYears y on f.SchoolYearId = y.DimSchoolYearId
        join RDS.DimDates entry_dt on entry_dt.DimDateId = f.EnrollmentEntryDateId
        join RDS.DimDates exit_dt on exit_dt.DimDateId = f.EnrollmentExitDateId
        join RDS.FactK12StudentAttendanceRates a on f.K12StudentId = a.K12StudentId
        and f.SchoolYearId = a.SchoolYearId
                join RDS.FactK12StudentDisciplines d on f.K12StudentId = d.K12StudentId
        and f.SchoolYearId = d.SchoolYearId
        join RDS.DimDates discp_dt on discp_dt.DimDateId = d.DisciplinaryActionStartDateId
    where
        discp_dt.DateValue between entry_dt.DateValue
        and exit_dt.DateValue;","
select
        'Attendance rate (K-12)' AS DataElementName,
    'RecordCount' AS CharacteristicType,
        CAST(COUNT(a.StudentAttendanceRate) AS NVARCHAR(MAX)) AS Value,
    NULL AS Remarks
    from
        RDS.FactK12StudentEnrollments f
        join RDS.DimGradeLevels g on f.EntryGradeLevelId = g.DimGradeLevelId
        join RDS.DimSchoolYears y on f.SchoolYearId = y.DimSchoolYearId
        join RDS.DimDates entry_dt on entry_dt.DimDateId = f.EnrollmentEntryDateId
        join RDS.DimDates exit_dt on exit_dt.DimDateId = f.EnrollmentExitDateId
        join RDS.FactK12StudentAttendanceRates a on f.K12StudentId = a.K12StudentId
        and f.SchoolYearId = a.SchoolYearId
                join RDS.FactK12StudentDisciplines d on f.K12StudentId = d.K12StudentId
        and f.SchoolYearId = d.SchoolYearId
        join RDS.DimDates discp_dt on discp_dt.DimDateId = d.DisciplinaryActionStartDateId
    where
        discp_dt.DateValue between entry_dt.DateValue
        and exit_dt.DateValue;",,,,,,,
7. Are there populations of students that disproportionately experience exclusionary discipline practices that disrupt their educational experience?,Academic Progress & Completion,Outcomes & Milestones,PK,Positive behavior,"Percentage of children who do not experience any of the following: in-school suspensions, out-of-school suspensions, disciplinary use of restraint and seclusion, or expulsions",In school suspension,Likely not available,DisciplineAction.DisciplineDescriptor,,,,ALSDE Data Code Manual,Automated,Available,,,PK Tables not available in CEDS DWH,PK Tables not available in CEDS DWH,,,,,,,
7. Are there populations of students that disproportionately experience exclusionary discipline practices that disrupt their educational experience?,Academic Progress & Completion,Outcomes & Milestones,PK,Positive behavior,"Percentage of children who do not experience any of the following: in-school suspensions, out-of-school suspensions, disciplinary use of restraint and seclusion, or expulsions",Out of school suspension,Likely not available,DisciplineAction.DisciplineDescriptor,,,,ALSDE Data Code Manual,Automated,Available,,,PK Tables not available in CEDS DWH,PK Tables not available in CEDS DWH,,,,,,,
7. Are there populations of students that disproportionately experience exclusionary discipline practices that disrupt their educational experience?,Academic Progress & Completion,Outcomes & Milestones,PK,Positive behavior,"Percentage of children who do not experience any of the following: in-school suspensions, out-of-school suspensions, disciplinary use of restraint and seclusion, or expulsions",Disciplinary use of restraint and seclusion,Likely not available,DisciplineAction.DisciplineDescriptor,,,,,Manual,Not Available,,,PK Tables not available in CEDS DWH,PK Tables not available in CEDS DWH,,,,,,,
7. Are there populations of students that disproportionately experience exclusionary discipline practices that disrupt their educational experience?,Academic Progress & Completion,Outcomes & Milestones,PK,Positive behavior,"Percentage of children who do not experience any of the following: in-school suspensions, out-of-school suspensions, disciplinary use of restraint and seclusion, or expulsions",Expulsion,Likely not available,DisciplineAction.DisciplineDescriptor,,,,ALSDE Data Code Manual,Automated,Available,,,PK Tables not available in CEDS DWH,PK Tables not available in CEDS DWH,,,,,,,
7. Are there populations of students that disproportionately experience exclusionary discipline practices that disrupt their educational experience?,Academic Progress & Completion,Outcomes & Milestones,K12,Positive behavior,"Percentage of children who do not experience any of the following: in-school suspensions, out-of-school suspensions, disciplinary use of restraint and seclusion, or expulsions",In school suspension,Found,DisciplineAction.DisciplineDescriptor,Found,FactK12StudentDisciplines.DisciplineStatusId,FactK12StudentDisciplines.DisciplineStatusId,ALSDE Data Code Manual,Automated,Available,,,"SELECT
    'In School Suspensions (K-12)' AS DataElementName,
    'RecordCount' AS CharacteristicType,
    CAST(COUNT(*) AS NVARCHAR(MAX)) AS Value,
    NULL AS Remarks
FROM RDS.FactK12StudentDisciplines fact
JOIN RDS.DimDisciplineStatuses discStat ON fact.DisciplineStatusId = discStat.DimDisciplineStatusId
WHERE discStat.DisciplinaryActionTakenCode IN 
('03100' -- Suspension, in-school)","SELECT
    'In School Suspensions (K-12)' AS DataElementName,
    'RecordCount' AS CharacteristicType,
    CAST(COUNT(*) AS NVARCHAR(MAX)) AS Value,
    NULL AS Remarks
FROM RDS.FactK12StudentDisciplines fact
JOIN RDS.DimDisciplineStatuses discStat ON fact.DisciplineStatusId = discStat.DimDisciplineStatusId
WHERE discStat.DisciplinaryActionTakenCode IN 
('03100' -- Suspension, in-school)",,,,,,,
7. Are there populations of students that disproportionately experience exclusionary discipline practices that disrupt their educational experience?,Academic Progress & Completion,Outcomes & Milestones,K12,Positive behavior,"Percentage of children who do not experience any of the following: in-school suspensions, out-of-school suspensions, disciplinary use of restraint and seclusion, or expulsions",Out of school suspension,Found,DisciplineAction.DisciplineDescriptor,Found,FactK12StudentDisciplines.DisciplineStatusId,FactK12StudentDisciplines.DisciplineStatusId,ALSDE Data Code Manual,Automated,Available,,,"SELECT
    'Out of School Suspensions (K-12)' AS DataElementName,
    'RecordCount' AS CharacteristicType,
    CAST(COUNT(*) AS NVARCHAR(MAX)) AS Value,
    NULL AS Remarks
FROM RDS.FactK12StudentDisciplines fact
JOIN RDS.DimDisciplineStatuses discStat ON fact.DisciplineStatusId = discStat.DimDisciplineStatusId
WHERE discStat.DisciplinaryActionTakenCode IN 
        ('03154' -- Suspension, out-of-school, greater than 10 consecutive days
        ,'03155' -- Suspension, out-of-school, separate days culminating to more than 10 school days
        ,'03101' -- Suspension, out-of-school, with services
        ,'03102' -- Suspension, out-of-school, without services)","SELECT
    'Out of School Suspensions (K-12)' AS DataElementName,
    'RecordCount' AS CharacteristicType,
    CAST(COUNT(*) AS NVARCHAR(MAX)) AS Value,
    NULL AS Remarks
FROM RDS.FactK12StudentDisciplines fact
JOIN RDS.DimDisciplineStatuses discStat ON fact.DisciplineStatusId = discStat.DimDisciplineStatusId
WHERE discStat.DisciplinaryActionTakenCode IN 
        ('03154' -- Suspension, out-of-school, greater than 10 consecutive days
        ,'03155' -- Suspension, out-of-school, separate days culminating to more than 10 school days
        ,'03101' -- Suspension, out-of-school, with services
        ,'03102' -- Suspension, out-of-school, without services)",,,,,,,
7. Are there populations of students that disproportionately experience exclusionary discipline practices that disrupt their educational experience?,Academic Progress & Completion,Outcomes & Milestones,K12,Positive behavior,"Percentage of children who do not experience any of the following: in-school suspensions, out-of-school suspensions, disciplinary use of restraint and seclusion, or expulsions",Disciplinary use of restraint and seclusion,Found,DisciplineAction.DisciplineDescriptor,Found,FactK12StudentDisciplines.DisciplineStatusId,FactK12StudentDisciplines.DisciplineStatusId,,Manual,Not Available,,,"SELECT
    'Count of students without disciplinary action  (K-12)' AS DataElementName,
    'RecordCount' AS CharacteristicType,
    CAST(COUNT(*) AS NVARCHAR(MAX)) AS Value,
    NULL AS Remarks
FROM RDS.FactK12StudentEnrollments f left join
RDS.FactK12StudentDisciplines fact on f.K12StudentId =  fact.K12StudentId and f.SchoolYearId = fact.SchoolYearId
JOIN RDS.DimDisciplineStatuses discStat ON fact.DisciplineStatusId = discStat.DimDisciplineStatusId
WHERE discStat.DisciplinaryActionTakenCode NOT IN (
'03099',
'03100',
'03154',
'03155',
'03102',
'03101',
'13357',
'13358',
'13359',
'03086',
'03087')","SELECT
    'Count of students without disciplinary action  (K-12)' AS DataElementName,
    'RecordCount' AS CharacteristicType,
    CAST(COUNT(*) AS NVARCHAR(MAX)) AS Value,
    NULL AS Remarks
FROM RDS.FactK12StudentEnrollments f left join
RDS.FactK12StudentDisciplines fact on f.K12StudentId =  fact.K12StudentId and f.SchoolYearId = fact.SchoolYearId
JOIN RDS.DimDisciplineStatuses discStat ON fact.DisciplineStatusId = discStat.DimDisciplineStatusId
WHERE discStat.DisciplinaryActionTakenCode NOT IN (
'03099',
'03100',
'03154',
'03155',
'03102',
'03101',
'13357',
'13358',
'13359',
'03086',
'03087')",,,,,,,
7. Are there populations of students that disproportionately experience exclusionary discipline practices that disrupt their educational experience?,Academic Progress & Completion,Outcomes & Milestones,K12,Positive behavior,"Percentage of children who do not experience any of the following: in-school suspensions, out-of-school suspensions, disciplinary use of restraint and seclusion, or expulsions",Expulsions,Found,DisciplineAction.DisciplineDescriptor,Found,FactK12StudentDisciplines.DisciplineStatusId,FactK12StudentDisciplines.DisciplineStatusId,ALSDE Data Code Manual,Automated,Available,,,"SELECT
    'Count of students without disciplinary action  (K-12)' AS DataElementName,
    'RecordCount' AS CharacteristicType,
    CAST(COUNT(*) AS NVARCHAR(MAX)) AS Value,
    NULL AS Remarks
FROM RDS.FactK12StudentEnrollments f left join
RDS.FactK12StudentDisciplines fact on f.K12StudentId =  fact.K12StudentId and f.SchoolYearId = fact.SchoolYearId
JOIN RDS.DimDisciplineStatuses discStat ON fact.DisciplineStatusId = discStat.DimDisciplineStatusId
WHERE discStat.DisciplinaryActionTakenCode NOT IN (
'03099',
'03100',
'03154',
'03155',
'03102',
'03101',
'13357',
'13358',
'13359',
'03086',
'03087')","SELECT
    'Count of students without disciplinary action  (K-12)' AS DataElementName,
    'RecordCount' AS CharacteristicType,
    CAST(COUNT(*) AS NVARCHAR(MAX)) AS Value,
    NULL AS Remarks
FROM RDS.FactK12StudentEnrollments f left join
RDS.FactK12StudentDisciplines fact on f.K12StudentId =  fact.K12StudentId and f.SchoolYearId = fact.SchoolYearId
JOIN RDS.DimDisciplineStatuses discStat ON fact.DisciplineStatusId = discStat.DimDisciplineStatusId
WHERE discStat.DisciplinaryActionTakenCode NOT IN (
'03099',
'03100',
'03154',
'03155',
'03102',
'03101',
'13357',
'13358',
'13359',
'03086',
'03087')",,,,,,,
7. Are there populations of students that disproportionately experience exclusionary discipline practices that disrupt their educational experience?,"Social, Emotional, & Physical Wellbeing",Outcomes & Milestones,K12,School safety,"Percentage of students reporting high levels of physical, mental, and emotional safety in school climate surveys, such as the U.S. Department of Education ED School Climate Surveys (EDSCLS),  the Sense of Safety subscale within the CORE Districts school culture and climate survey,  or the School Safety subscale within the Panorama Student Survey.",Results on school climate survey (K-12),Found,"SurveyQuestionResponseSurveyQuestionResponseValue.NumericResponse, SurveyQuestionResponseSurveyQuestionResponseValue.TextResponse ",,,,,Manual,Not Available,,,,,,,,,,,
7. Are there populations of students that disproportionately experience exclusionary discipline practices that disrupt their educational experience?,"Social, Emotional, & Physical Wellbeing",E-W System Conditions,PS,School safety,"Percentage of students reporting physical safety and freedom from harassment and discrimination in campus surveys, such as the National Survey of Student Engagement",Results on campus climate survey (Postsecondary),Not Found,N/A,,,,,Manual,Not Available,,,,,,,,,,,
7. Are there populations of students that disproportionately experience exclusionary discipline practices that disrupt their educational experience?,"Social, Emotional, & Physical Wellbeing",E-W System Conditions,PK,Inclusive environments,"Percentage of children reporting positive feelings toward their school, as measured by questionnaires such as the Collaborative for Academic, Social, and Emotional Learning’s (CASEL) How I Feel About My School questionnaire",Results on Pre-K sense of belonging questionnaire,Likely not available,"SurveyQuestionResponseSurveyQuestionResponseValue.NumericResponse, SurveyQuestionResponseSurveyQuestionResponseValue.TextResponse ",,,,,Manual,Not Available,,,PK Tables not available in CEDS DWH,,,,,,,,
7. Are there populations of students that disproportionately experience exclusionary discipline practices that disrupt their educational experience?,"Social, Emotional, & Physical Wellbeing",E-W System Conditions,PK,Inclusive environments,"Percentage of classrooms demonstrating equitable sociocultural interactions, as measured by observational assessments, such as Assessing Classroom Sociocultural Equity Scale (ACSES)",Results on sociocultural observational assessment,Likely not available,"SurveyQuestionResponseSurveyQuestionResponseValue.NumericResponse, SurveyQuestionResponseSurveyQuestionResponseValue.TextResponse ",,,,,Manual,Not Available,,,PK Tables not available in CEDS DWH,,,,,,,,
7. Are there populations of students that disproportionately experience exclusionary discipline practices that disrupt their educational experience?,"Social, Emotional, & Physical Wellbeing",Outcomes & Milestones,K12,Inclusive environments,"Percentage of students reporting belonging in school, as measured by surveys such as the Sense of Belonging subscale of the CORE Districts school culture and climate survey,  the Classroom Belonging subscale of the Panorama Student Survey,  or the Elevate survey’s Affirming Identities and Classroom Community scales",Results on K-12 sense of belonging survey,Found,"SurveyQuestionResponseSurveyQuestionResponseValue.NumericResponse, SurveyQuestionResponseSurveyQuestionResponseValue.TextResponse ",,,,,Manual,Not Available,,,,,,,,,,,
7. Are there populations of students that disproportionately experience exclusionary discipline practices that disrupt their educational experience?,"Social, Emotional, & Physical Wellbeing",Outcomes & Milestones,PS,Inclusive environments,"Percentage of students reporting belonging on campus, as measured by surveys such as the Higher Education Research Institute (HERI) Diverse Learning Environments Survey  or the National Institute for Transformation and Equity (NITE) Culturally Engaging Campus Environments Survey",Results on campus sense of belonging survey,Not Found,N/A,,,,,Manual,Not Available,,,,,,,,,,,
7. Are there populations of students that disproportionately experience exclusionary discipline practices that disrupt their educational experience?,"Social, Emotional, & Physical Wellbeing",Outcomes & Milestones,WF,Inclusive environments,"Percentage of employees reporting belonging at work, as measured by surveys such as the Association of American Medical Colleges (AAMC)  Diversity Engagement Survey",Results on workplace sense of belonging survey,Not Found,N/A,,,,,Manual,Not Available,,,,,,,,,,,
7. Are there populations of students that disproportionately experience exclusionary discipline practices that disrupt their educational experience?,"Social, Emotional, & Physical Wellbeing",E-W System Conditions,PK,Equitable discipline practices,"Differences in the rates at which students from key demographic subgroups ever experience different forms of school discipline (office referrals, suspensions, expulsions, restraint, and exclusion) relative to those students’ representation in their school population as a whole",Office referrals,Likely not available,DisciplineAction.DisciplineDescriptor,,,,,Manual,Not Available,,,PK Tables not available in CEDS DWH,,,,,,,,
7. Are there populations of students that disproportionately experience exclusionary discipline practices that disrupt their educational experience?,"Social, Emotional, & Physical Wellbeing",E-W System Conditions,PK,Equitable discipline practices,"Differences in the rates at which students from key demographic subgroups ever experience different forms of school discipline (office referrals, suspensions, expulsions, restraint, and exclusion) relative to those students’ representation in their school population as a whole",Suspensions,Likely not available,DisciplineAction.DisciplineDescriptor,,,,ALSDE Data Code Manual,Automated,Available,,,PK Tables not available in CEDS DWH,,,,,,,,
7. Are there populations of students that disproportionately experience exclusionary discipline practices that disrupt their educational experience?,"Social, Emotional, & Physical Wellbeing",E-W System Conditions,PK,Equitable discipline practices,"Differences in the rates at which students from key demographic subgroups ever experience different forms of school discipline (office referrals, suspensions, expulsions, restraint, and exclusion) relative to those students’ representation in their school population as a whole",Expulsions,Likely not available,DisciplineAction.DisciplineDescriptor,,,,ALSDE Data Code Manual,Automated,Available,,,PK Tables not available in CEDS DWH,,,,,,,,
7. Are there populations of students that disproportionately experience exclusionary discipline practices that disrupt their educational experience?,"Social, Emotional, & Physical Wellbeing",E-W System Conditions,PK,Equitable discipline practices,"Differences in the rates at which students from key demographic subgroups ever experience different forms of school discipline (office referrals, suspensions, expulsions, restraint, and exclusion) relative to those students’ representation in their school population as a whole",Restraint,Likely not available,DisciplineAction.DisciplineDescriptor,,,,,Manual,Not Available,,,PK Tables not available in CEDS DWH,,,,,,,,
7. Are there populations of students that disproportionately experience exclusionary discipline practices that disrupt their educational experience?,"Social, Emotional, & Physical Wellbeing",E-W System Conditions,PK,Equitable discipline practices,"Differences in the rates at which students from key demographic subgroups ever experience different forms of school discipline (office referrals, suspensions, expulsions, restraint, and exclusion) relative to those students’ representation in their school population as a whole",Seclusion,Likely not available,DisciplineAction.DisciplineDescriptor,,,,,Manual,Not Available,,,PK Tables not available in CEDS DWH,,,,,,,,
7. Are there populations of students that disproportionately experience exclusionary discipline practices that disrupt their educational experience?,"Social, Emotional, & Physical Wellbeing",E-W System Conditions,PK,Equitable discipline practices,"Disproportionalities along the lines of key demographic characteristics in the level of school discipline experienced (for example, number of days suspended).",Number of days suspended,Likely not available,DisciplineAction.DisciplineActionLength,,,,ALSDE Data Code Manual,Automated,Available,Must be cross reference with absence days,,PK Tables not available in CEDS DWH,,,,,,,,
7. Are there populations of students that disproportionately experience exclusionary discipline practices that disrupt their educational experience?,"Social, Emotional, & Physical Wellbeing",E-W System Conditions,K12,Equitable discipline practices,"Differences in the rates at which students from key demographic subgroups ever experience different forms of school discipline (office referrals, suspensions, expulsions, restraint, and exclusion) relative to those students’ representation in their school population as a whole",Office referrals,Found,DisciplineAction.DisciplineDescriptor,,,,,Manual,Not Available,,,,,,,,,,,
7. Are there populations of students that disproportionately experience exclusionary discipline practices that disrupt their educational experience?,"Social, Emotional, & Physical Wellbeing",E-W System Conditions,K12,Equitable discipline practices,"Differences in the rates at which students from key demographic subgroups ever experience different forms of school discipline (office referrals, suspensions, expulsions, restraint, and exclusion) relative to those students’ representation in their school population as a whole",Suspensions,Found,DisciplineAction.DisciplineDescriptor,,,,ALSDE Data Code Manual,Automated,Available,,,,,,,,,,,
7. Are there populations of students that disproportionately experience exclusionary discipline practices that disrupt their educational experience?,"Social, Emotional, & Physical Wellbeing",E-W System Conditions,K12,Equitable discipline practices,"Differences in the rates at which students from key demographic subgroups ever experience different forms of school discipline (office referrals, suspensions, expulsions, restraint, and exclusion) relative to those students’ representation in their school population as a whole",Expulsions,Found,DisciplineAction.DisciplineDescriptor,,,,ALSDE Data Code Manual,Automated,Available,,,,,,,,,,,
7. Are there populations of students that disproportionately experience exclusionary discipline practices that disrupt their educational experience?,"Social, Emotional, & Physical Wellbeing",E-W System Conditions,K12,Equitable discipline practices,"Differences in the rates at which students from key demographic subgroups ever experience different forms of school discipline (office referrals, suspensions, expulsions, restraint, and exclusion) relative to those students’ representation in their school population as a whole",Restraint,Found,DisciplineAction.DisciplineDescriptor,,,,,Manual,Not Available,,,,,,,,,,,
7. Are there populations of students that disproportionately experience exclusionary discipline practices that disrupt their educational experience?,"Social, Emotional, & Physical Wellbeing",E-W System Conditions,K12,Equitable discipline practices,"Differences in the rates at which students from key demographic subgroups ever experience different forms of school discipline (office referrals, suspensions, expulsions, restraint, and exclusion) relative to those students’ representation in their school population as a whole",Seclusion,Found,DisciplineAction.DisciplineDescriptor,,,,,Manual,Not Available,,,,,,,,,,,
7. Are there populations of students that disproportionately experience exclusionary discipline practices that disrupt their educational experience?,"Social, Emotional, & Physical Wellbeing",E-W System Conditions,K12,Equitable discipline practices,"Disproportionalities along the lines of key demographic characteristics in the level of school discipline experienced (for example, number of days suspended).",Number of days suspended,Found,DisciplineAction.DisciplineActionLength,,,,ALSDE Data Code Manual,Automated,Available,Must be cross reference with absence days,,,,,,,,,,
8. Are students meeting reading and math benchmarks in grades 3 and 8?,Academic Progress & Completion,Outcomes & Milestones,K12,Math and reading proficiency in grade 3,Percentage of students in grade 3 who meet grade-level standards in reading/English language arts and math as measured by state standardized tests,Student grade level,Found,StudentSchoolAssociation.EntryGradeLevel,Found,FactK12Enrollments.EntryGradeId,FactK12Enrollments.EntryGradeId,ALSDE Data Code Manual,Automated,Available,,,"select
        'Number of Students (Grade 3)' AS DataElementName,
    'RecordCount' AS CharacteristicType,
        CAST(COUNT(*) AS NVARCHAR(MAX)) AS Value,
    NULL AS Remarks
    from
        RDS.FactK12StudentEnrollments f
        join RDS.DimGradeLevels g on f.EntryGradeLevelId = g.DimGradeLevelId
    where
         g.GradeLevelCode in ('03')","select
        'Number of Students (Grade 3)' AS DataElementName,
    'RecordCount' AS CharacteristicType,
        CAST(COUNT(*) AS NVARCHAR(MAX)) AS Value,
    NULL AS Remarks
    from
        RDS.FactK12StudentEnrollments f
        join RDS.DimGradeLevels g on f.EntryGradeLevelId = g.DimGradeLevelId
    where
         g.GradeLevelCode in ('03')",,,,,,,
8. Are students meeting reading and math benchmarks in grades 3 and 8?,Academic Progress & Completion,Outcomes & Milestones,K12,Math and reading proficiency in grade 3,Percentage of students in grade 3 who meet grade-level standards in reading/English language arts and math as measured by state standardized tests,Math proficiency on state standardized test (Grade 3),Found,"

Assessment.AssessmentIdentifier, StudentAssessmentPerformanceLevel.PerfomanceLevelDescriptorId
PerformanceLevelDescriptor.DescriptorId",Found,FactK12StudentAssessments.AssessmentId,FactK12StudentAssessments.AssessmentId,Student Data Application Guide,Automated,Available,p. 88,,"select  
        'Students meet Assessment Benchmark in Reading (Grade3)' AS DataElementName,
                'RecordCount' AS CharacteristicType,  
                count(1) AS Value,
                NULL AS Remarks
                from rds.FactK12StudentAssessments ase  
                join  RDS.FactK12StudentEnrollments f on f.K12StudentId = ase.K12StudentId
        join RDS.DimAssessments da on da.DimAssessmentId = ase.AssessmentId
                join RDS.DimGradeLevels g on f.EntryGradeLevelId = g.DimGradeLevelId
                where  ase.AssessmentResultScoreValueScaleScore is not null
                        and da.AssessmentTypeCode = 'Benchmark' 
                        and da.AssessmentAcademicSubjectCode in ('01166')
                                                and g.gradelevelcode in ('03')","select  
        'Students meet Assessment Benchmark in Reading (Grade3)' AS DataElementName,
                'RecordCount' AS CharacteristicType,  
                count(1) AS Value,
                NULL AS Remarks
                from rds.FactK12StudentAssessments ase  
                join  RDS.FactK12StudentEnrollments f on f.K12StudentId = ase.K12StudentId
        join RDS.DimAssessments da on da.DimAssessmentId = ase.AssessmentId
                join RDS.DimGradeLevels g on f.EntryGradeLevelId = g.DimGradeLevelId
                where  ase.AssessmentResultScoreValueScaleScore is not null
                        and da.AssessmentTypeCode = 'Benchmark' 
                        and da.AssessmentAcademicSubjectCode in ('01166')
                                                and g.gradelevelcode in ('03')",,,,,,,
8. Are students meeting reading and math benchmarks in grades 3 and 8?,Academic Progress & Completion,Outcomes & Milestones,K12,Math and reading proficiency in grade 3,Percentage of students in grade 3 who meet grade-level standards in reading/English language arts and math as measured by state standardized tests,Reading proficiency on state standardized test (Grade 3),Found,"

Assessment.AssessmentIdentifier, StudentAssessmentPerformanceLevel.PerfomanceLevelDescriptorId
PerformanceLevelDescriptor.DescriptorId",Found,FactK12StudentAssessments.AssessmentId,FactK12StudentAssessments.AssessmentId,Student Data Application Guide,Automated,Available,p. 88,,"select  
        'Students meet Assessment Benchmark in Reading (Grade3)' AS DataElementName,
                'RecordCount' AS CharacteristicType,  
                count(1) AS Value,
                NULL AS Remarks
                from rds.FactK12StudentAssessments ase  
                join  RDS.FactK12StudentEnrollments f on f.K12StudentId = ase.K12StudentId
        join RDS.DimAssessments da on da.DimAssessmentId = ase.AssessmentId
                join RDS.DimGradeLevels g on f.EntryGradeLevelId = g.DimGradeLevelId
                where  ase.AssessmentResultScoreValueScaleScore is not null
                        and da.AssessmentTypeCode = 'Benchmark' 
                        and da.AssessmentAcademicSubjectCode in ('13372', '00560', '13373')
                                                and g.gradelevelcode in ('03')","select  
        'Students meet Assessment Benchmark in Reading (Grade3)' AS DataElementName,
                'RecordCount' AS CharacteristicType,  
                count(1) AS Value,
                NULL AS Remarks
                from rds.FactK12StudentAssessments ase  
                join  RDS.FactK12StudentEnrollments f on f.K12StudentId = ase.K12StudentId
        join RDS.DimAssessments da on da.DimAssessmentId = ase.AssessmentId
                join RDS.DimGradeLevels g on f.EntryGradeLevelId = g.DimGradeLevelId
                where  ase.AssessmentResultScoreValueScaleScore is not null
                        and da.AssessmentTypeCode = 'Benchmark' 
                        and da.AssessmentAcademicSubjectCode in ('13372', '00560', '13373')
                                                and g.gradelevelcode in ('03')",,,,,,,
8. Are students meeting reading and math benchmarks in grades 3 and 8?,Academic Progress & Completion,Outcomes & Milestones,K12,8th grade on track,"Percentage of students in grade 8 with a GPA of 2.5 or higher, no Ds or Fs in English language arts or math, attendance of 96 percent or higher, and no in- or out-of-school suspensions or expulsions.",Student grade level,Found,StudentSchoolAssociation.EntryGradeLevel,Found,FactK12Enrollments.EntryGradeId,FactK12Enrollments.EntryGradeId,ALSDE Data Code Manual,Automated,Available,,,"select
        'Number of Students (Grade 1 and 2)' AS DataElementName,
    'RecordCount' AS CharacteristicType,
        CAST(COUNT(*) AS NVARCHAR(MAX)) AS Value,
    NULL AS Remarks
    from
        RDS.FactK12StudentEnrollments f
        join RDS.DimGradeLevels g on f.EntryGradeLevelId = g.DimGradeLevelId
    where
         g.GradeLevelCode in ('08')","select
        'Number of Students (Grade 1 and 2)' AS DataElementName,
    'RecordCount' AS CharacteristicType,
        CAST(COUNT(*) AS NVARCHAR(MAX)) AS Value,
    NULL AS Remarks
    from
        RDS.FactK12StudentEnrollments f
        join RDS.DimGradeLevels g on f.EntryGradeLevelId = g.DimGradeLevelId
    where
         g.GradeLevelCode in ('08')",,,,,,,
8. Are students meeting reading and math benchmarks in grades 3 and 8?,Academic Progress & Completion,Outcomes & Milestones,K12,8th grade on track,"Percentage of students in grade 8 with a GPA of 2.5 or higher, no Ds or Fs in English language arts or math, attendance of 96 percent or higher, and no in- or out-of-school suspensions or expulsions.",GPA (Grade 8),Found,GradePointAverage.GradePointAverageValue,Not Found,N/A,N/A,Student Data Application Guide,Automated,Available,p. 57,,"Missingelements in CEDS DWH:
Grade Value Qualifier
StudentCourseSectionGradeEarned","Missingelements in CEDS DWH:
Grade Value Qualifier
StudentCourseSectionGradeEarned",,,,,,,
8. Are students meeting reading and math benchmarks in grades 3 and 8?,Academic Progress & Completion,Outcomes & Milestones,K12,8th grade on track,"Percentage of students in grade 8 with a GPA of 2.5 or higher, no Ds or Fs in English language arts or math, attendance of 96 percent or higher, and no in- or out-of-school suspensions or expulsions.",Course performance in English (Grade 8),Found,"CourseTranscript.CourseAttempResultDescriptor, CourseTranscript.StudentAcademicRecord.FinalNumericGradeEarned, CourseTranscript.StudentAcademicRecord.FinalLetterGradeEarned",Not Found,N/A,N/A,Student Data Application Guide,Automated,Available,p. 57,,"Missingelements in CEDS DWH:
Grade Value Qualifier
StudentCourseSectionGradeEarned","Missingelements in CEDS DWH:
Grade Value Qualifier
StudentCourseSectionGradeEarned",,,,,,,
8. Are students meeting reading and math benchmarks in grades 3 and 8?,Academic Progress & Completion,Outcomes & Milestones,K12,8th grade on track,"Percentage of students in grade 8 with a GPA of 2.5 or higher, no Ds or Fs in English language arts or math, attendance of 96 percent or higher, and no in- or out-of-school suspensions or expulsions.",Course performance in Math (Grade 8),Found,"CourseTranscript.CourseAttempResultDescriptor, CourseTranscript.StudentAcademicRecord.FinalNumericGradeEarned, CourseTranscript.StudentAcademicRecord.FinalLetterGradeEarned",Not Found,N/A,N/A,Student Data Application Guide,Automated,Available,p. 57,,"Missingelements in CEDS DWH:
Grade Value Qualifier
StudentCourseSectionGradeEarned","Missingelements in CEDS DWH:
Grade Value Qualifier
StudentCourseSectionGradeEarned",,,,,,,
8. Are students meeting reading and math benchmarks in grades 3 and 8?,Academic Progress & Completion,Outcomes & Milestones,K12,8th grade on track,"Percentage of students in grade 8 with a GPA of 2.5 or higher, no Ds or Fs in English language arts or math, attendance of 96 percent or higher, and no in- or out-of-school suspensions or expulsions.",Student attendance rate (Grade 8),Not Found,N/A,Found,FactK12StudentAttendanceRates.StudentAttendanceRate,FactK12StudentAttendanceRates.StudentAttendanceRate,ALSDE Data Code Manual,Automated,Available,,,"
                select
        'Attendance rate (Grade 8)' AS DataElementName,
    'RecordCount' AS CharacteristicType,
        CAST(COUNT(a.StudentAttendanceRate) AS NVARCHAR(MAX)) AS Value,
    NULL AS Remarks
    from
        RDS.FactK12StudentEnrollments f
        join RDS.DimGradeLevels g on f.EntryGradeLevelId = g.DimGradeLevelId
        join RDS.DimSchoolYears y on f.SchoolYearId = y.DimSchoolYearId
        join RDS.DimDates entry_dt on entry_dt.DimDateId = f.EnrollmentEntryDateId
        join RDS.DimDates exit_dt on exit_dt.DimDateId = f.EnrollmentExitDateId
        join RDS.FactK12StudentAttendanceRates a on f.K12StudentId = a.K12StudentId
        and f.SchoolYearId = a.SchoolYearId
                join RDS.FactK12StudentDisciplines d on f.K12StudentId = d.K12StudentId
        and f.SchoolYearId = d.SchoolYearId
        join RDS.DimDates discp_dt on discp_dt.DimDateId = d.DisciplinaryActionStartDateId
    where
        g.GradeLevelCode in ('08') and
        discp_dt.DateValue between entry_dt.DateValue
        and exit_dt.DateValue;","
                select
        'Attendance rate (Grade 8)' AS DataElementName,
    'RecordCount' AS CharacteristicType,
        CAST(COUNT(a.StudentAttendanceRate) AS NVARCHAR(MAX)) AS Value,
    NULL AS Remarks
    from
        RDS.FactK12StudentEnrollments f
        join RDS.DimGradeLevels g on f.EntryGradeLevelId = g.DimGradeLevelId
        join RDS.DimSchoolYears y on f.SchoolYearId = y.DimSchoolYearId
        join RDS.DimDates entry_dt on entry_dt.DimDateId = f.EnrollmentEntryDateId
        join RDS.DimDates exit_dt on exit_dt.DimDateId = f.EnrollmentExitDateId
        join RDS.FactK12StudentAttendanceRates a on f.K12StudentId = a.K12StudentId
        and f.SchoolYearId = a.SchoolYearId
                join RDS.FactK12StudentDisciplines d on f.K12StudentId = d.K12StudentId
        and f.SchoolYearId = d.SchoolYearId
        join RDS.DimDates discp_dt on discp_dt.DimDateId = d.DisciplinaryActionStartDateId
    where
        g.GradeLevelCode in ('08') and
        discp_dt.DateValue between entry_dt.DateValue
        and exit_dt.DateValue;",,,,,,,
8. Are students meeting reading and math benchmarks in grades 3 and 8?,Academic Progress & Completion,Outcomes & Milestones,K12,8th grade on track,"Percentage of students in grade 8 with a GPA of 2.5 or higher, no Ds or Fs in English language arts or math, attendance of 96 percent or higher, and no in- or out-of-school suspensions or expulsions.",Suspension (Grade 8),Found,DisciplineAction.DisciplineDescriptor,Found,FactK12StudentDisciplines.DisciplineStatusId,FactK12StudentDisciplines.DisciplineStatusId,ALSDE Data Code Manual,Automated,Available,,,"SELECT
    'Number of Suspensions  (Grades 6)' AS DataElementName,
    'RecordCount' AS CharacteristicType,
    CAST(COUNT(*) AS NVARCHAR(MAX)) AS Value,
    NULL AS Remarks
FROM RDS.FactK12StudentDisciplines fact
JOIN RDS.DimDisciplineStatuses discStat ON fact.DisciplineStatusId = discStat.DimDisciplineStatusId
JOIN RDS.DimGradeLevels gradeLevel ON fact.GradeLevelId = gradeLevel.DimGradeLevelId
WHERE g.GradeLevelCode in ('08') and
discStat.DisciplinaryActionTakenCode IN 
        ('03099' -- Suspension after school
        ,'03100' -- Suspension, in-school
        ,'03154' -- Suspension, out-of-school, greater than 10 consecutive days
        ,'03155' -- Suspension, out-of-school, separate days culminating to more than 10 school days
        ,'03101' -- Suspension, out-of-school, with services
        ,'03102' -- Suspension, out-of-school, without services
        )","SELECT
    'Number of Suspensions  (Grades 6)' AS DataElementName,
    'RecordCount' AS CharacteristicType,
    CAST(COUNT(*) AS NVARCHAR(MAX)) AS Value,
    NULL AS Remarks
FROM RDS.FactK12StudentDisciplines fact
JOIN RDS.DimDisciplineStatuses discStat ON fact.DisciplineStatusId = discStat.DimDisciplineStatusId
JOIN RDS.DimGradeLevels gradeLevel ON fact.GradeLevelId = gradeLevel.DimGradeLevelId
WHERE g.GradeLevelCode in ('08') and
discStat.DisciplinaryActionTakenCode IN 
        ('03099' -- Suspension after school
        ,'03100' -- Suspension, in-school
        ,'03154' -- Suspension, out-of-school, greater than 10 consecutive days
        ,'03155' -- Suspension, out-of-school, separate days culminating to more than 10 school days
        ,'03101' -- Suspension, out-of-school, with services
        ,'03102' -- Suspension, out-of-school, without services
        )",,,,,,,
8. Are students meeting reading and math benchmarks in grades 3 and 8?,Academic Progress & Completion,Outcomes & Milestones,K12,8th grade on track,"Percentage of students in grade 8 with a GPA of 2.5 or higher, no Ds or Fs in English language arts or math, attendance of 96 percent or higher, and no in- or out-of-school suspensions or expulsions.",Expulsions (Grade 8),Found,DisciplineAction.DisciplineDescriptor,Found,FactK12StudentDisciplines.DisciplineStatusId,FactK12StudentDisciplines.DisciplineStatusId,ALSDE Data Code Manual,Automated,Available,,,"Missingelements in CEDS DWH:
Grade Value Qualifier
StudentCourseSectionGradeEarned","Missingelements in CEDS DWH:
Grade Value Qualifier
StudentCourseSectionGradeEarned",,,,,,,
8. Are students meeting reading and math benchmarks in grades 3 and 8?,Academic Progress & Completion,Outcomes & Milestones,K12,Math and reading proficiency in grade 8,Percentage of students in grade 8 who meet grade-level standards in reading/English language arts and math as measured by state standardized tests,Student grade level (Grade 8),Found,StudentSchoolAssociation.EntryGradeLevel,Found,FactK12Enrollments.EntryGradeId,FactK12Enrollments.EntryGradeId,ALSDE Data Code Manual,Automated,Available,,,"select
	'Number of Students (Grade 1 and 2)' AS DataElementName,
    'RecordCount' AS CharacteristicType,
	CAST(COUNT(*) AS NVARCHAR(MAX)) AS Value,
    NULL AS Remarks
    from
        RDS.FactK12StudentEnrollments f
        join RDS.DimGradeLevels g on f.EntryGradeLevelId = g.DimGradeLevelId
    where
         g.GradeLevelCode in ('01', '02')","select
	'Number of Students (Grade 1 and 2)' AS DataElementName,
    'RecordCount' AS CharacteristicType,
	CAST(COUNT(*) AS NVARCHAR(MAX)) AS Value,
    NULL AS Remarks
    from
        RDS.FactK12StudentEnrollments f
        join RDS.DimGradeLevels g on f.EntryGradeLevelId = g.DimGradeLevelId
    where
         g.GradeLevelCode in ('01', '02')",,,,,,,
8. Are students meeting reading and math benchmarks in grades 3 and 8?,Academic Progress & Completion,Outcomes & Milestones,K12,Math and reading proficiency in grade 8,Percentage of students in grade 8 who meet grade-level standards in reading/English language arts and math as measured by state standardized tests,Math proficiency on state standardized test (Grade 8),Found,"

Assessment.AssessmentIdentifier, StudentAssessmentPerformanceLevel.PerfomanceLevelDescriptorId
PerformanceLevelDescriptor.DescriptorId",Found,FactK12StudentAssessments.AssessmentId,FactK12StudentAssessments.AssessmentId,Student Data Application Guide,Automated,Available,p. 88,,"select  
        'Students meet Assessment Benchmark in Reading (Grade8)' AS DataElementName,
                'RecordCount' AS CharacteristicType,  
                count(1) AS Value,
                NULL AS Remarks
                from rds.FactK12StudentAssessments ase  
                join  RDS.FactK12StudentEnrollments f on f.K12StudentId = ase.K12StudentId
        join RDS.DimAssessments da on da.DimAssessmentId = ase.AssessmentId
                join RDS.DimGradeLevels g on f.EntryGradeLevelId = g.DimGradeLevelId
                where  ase.AssessmentResultScoreValueScaleScore is not null
                        and da.AssessmentTypeCode = 'Benchmark' 
                        and da.AssessmentAcademicSubjectCode in ('01166')
                                                and g.gradelevelcode in ('08')","select  
        'Students meet Assessment Benchmark in Reading (Grade8)' AS DataElementName,
                'RecordCount' AS CharacteristicType,  
                count(1) AS Value,
                NULL AS Remarks
                from rds.FactK12StudentAssessments ase  
                join  RDS.FactK12StudentEnrollments f on f.K12StudentId = ase.K12StudentId
        join RDS.DimAssessments da on da.DimAssessmentId = ase.AssessmentId
                join RDS.DimGradeLevels g on f.EntryGradeLevelId = g.DimGradeLevelId
                where  ase.AssessmentResultScoreValueScaleScore is not null
                        and da.AssessmentTypeCode = 'Benchmark' 
                        and da.AssessmentAcademicSubjectCode in ('01166')
                                                and g.gradelevelcode in ('08')",,,,,,,
8. Are students meeting reading and math benchmarks in grades 3 and 8?,Academic Progress & Completion,Outcomes & Milestones,K12,Math and reading proficiency in grade 8,Percentage of students in grade 8 who meet grade-level standards in reading/English language arts and math as measured by state standardized tests,Reading proficiency on state standardized test (Grade 8),Found,"

Assessment.AssessmentIdentifier, StudentAssessmentPerformanceLevel.PerfomanceLevelDescriptorId
PerformanceLevelDescriptor.DescriptorId",Found,FactK12StudentAssessments.AssessmentId,FactK12StudentAssessments.AssessmentId,Student Data Application Guide,Automated,Available,p. 88,,"select  
        'Students meet Assessment Benchmark in Reading (Grade8)' AS DataElementName,
                'RecordCount' AS CharacteristicType,  
                count(1) AS Value,
                NULL AS Remarks
                from rds.FactK12StudentAssessments ase  
                join  RDS.FactK12StudentEnrollments f on f.K12StudentId = ase.K12StudentId
        join RDS.DimAssessments da on da.DimAssessmentId = ase.AssessmentId
                join RDS.DimGradeLevels g on f.EntryGradeLevelId = g.DimGradeLevelId
                where  ase.AssessmentResultScoreValueScaleScore is not null
                        and da.AssessmentTypeCode = 'Benchmark' 
                        and da.AssessmentAcademicSubjectCode in ('13372', '00560', '13373')
						and g.gradelevelcode in ('08')","select  
        'Students meet Assessment Benchmark in Reading (Grade8)' AS DataElementName,
                'RecordCount' AS CharacteristicType,  
                count(1) AS Value,
                NULL AS Remarks
                from rds.FactK12StudentAssessments ase  
                join  RDS.FactK12StudentEnrollments f on f.K12StudentId = ase.K12StudentId
        join RDS.DimAssessments da on da.DimAssessmentId = ase.AssessmentId
                join RDS.DimGradeLevels g on f.EntryGradeLevelId = g.DimGradeLevelId
                where  ase.AssessmentResultScoreValueScaleScore is not null
                        and da.AssessmentTypeCode = 'Benchmark' 
                        and da.AssessmentAcademicSubjectCode in ('13372', '00560', '13373')
						and g.gradelevelcode in ('08')",,,,,,,
8. Are students meeting reading and math benchmarks in grades 3 and 8?,Academic Progress & Completion,Outcomes & Milestones,K12,6th grade on track,"Percentage of students in grade 6 with passing grades in English language arts and math, attendance of 90 percent or higher, and no in- or out-of-school suspensions or expulsions",Student grade level (Grade 6),Found,StudentSchoolAssociation.EntryGradeLevel,Found,FactK12Enrollments.EntryGradeId,FactK12Enrollments.EntryGradeId,ALSDE Data Code Manual,Automated,Available,,,"select
        'Number of Students (Grade 6)' AS DataElementName,
    'RecordCount' AS CharacteristicType,
        CAST(COUNT(*) AS NVARCHAR(MAX)) AS Value,
    NULL AS Remarks
    from
        RDS.FactK12StudentEnrollments f
        join RDS.DimGradeLevels g on f.EntryGradeLevelId = g.DimGradeLevelId
    where
         g.GradeLevelCode in ('06')","select
        'Number of Students (Grade 6)' AS DataElementName,
    'RecordCount' AS CharacteristicType,
        CAST(COUNT(*) AS NVARCHAR(MAX)) AS Value,
    NULL AS Remarks
    from
        RDS.FactK12StudentEnrollments f
        join RDS.DimGradeLevels g on f.EntryGradeLevelId = g.DimGradeLevelId
    where
         g.GradeLevelCode in ('06')",,,,,,,
8. Are students meeting reading and math benchmarks in grades 3 and 8?,Academic Progress & Completion,Outcomes & Milestones,K12,6th grade on track,"Percentage of students in grade 6 with passing grades in English language arts and math, attendance of 90 percent or higher, and no in- or out-of-school suspensions or expulsions",Course performance in English (Grade 6),Found,"CourseTranscript.CourseAttempResultDescriptor, CourseTranscript.StudentAcademicRecord.FinalNumericGradeEarned, CourseTranscript.StudentAcademicRecord.FinalLetterGradeEarned",Not Found,N/A,N/A,Student Data Application Guide,Automated,Available,p. 57,,"Missingelements in CEDS DWH:
Grade Value Qualifier
StudentCourseSectionGradeEarned","Missingelements in CEDS DWH:
Grade Value Qualifier
StudentCourseSectionGradeEarned",,,,,,,
8. Are students meeting reading and math benchmarks in grades 3 and 8?,Academic Progress & Completion,Outcomes & Milestones,K12,6th grade on track,"Percentage of students in grade 6 with passing grades in English language arts and math, attendance of 90 percent or higher, and no in- or out-of-school suspensions or expulsions",Course performance in Math (Grade 6),Found,"CourseTranscript.CourseAttempResultDescriptor, CourseTranscript.StudentAcademicRecord.FinalNumericGradeEarned, CourseTranscript.StudentAcademicRecord.FinalLetterGradeEarned",Not Found,N/A,N/A,Student Data Application Guide,Automated,Available,p. 57,,"Missingelements in CEDS DWH:
Grade Value Qualifier
StudentCourseSectionGradeEarned","Missingelements in CEDS DWH:
Grade Value Qualifier
StudentCourseSectionGradeEarned",,,,,,,
8. Are students meeting reading and math benchmarks in grades 3 and 8?,Academic Progress & Completion,Outcomes & Milestones,K12,6th grade on track,"Percentage of students in grade 6 with passing grades in English language arts and math, attendance of 90 percent or higher, and no in- or out-of-school suspensions or expulsions",Student attendance rate (Grade 6),Not Found,N/A,Found,FactK12StudentAttendanceRates.StudentAttendanceRate,FactK12StudentAttendanceRates.StudentAttendanceRate,ALSDE Data Code Manual,Automated,Available,,,"
select
        'Attendance rate (Grade 6)' AS DataElementName,
    'RecordCount' AS CharacteristicType,
        CAST(COUNT(a.StudentAttendanceRate) AS NVARCHAR(MAX)) AS Value,
    NULL AS Remarks
    from
        RDS.FactK12StudentEnrollments f
        join RDS.DimGradeLevels g on f.EntryGradeLevelId = g.DimGradeLevelId
        join RDS.DimSchoolYears y on f.SchoolYearId = y.DimSchoolYearId
        join RDS.DimDates entry_dt on entry_dt.DimDateId = f.EnrollmentEntryDateId
        join RDS.DimDates exit_dt on exit_dt.DimDateId = f.EnrollmentExitDateId
        join RDS.FactK12StudentAttendanceRates a on f.K12StudentId = a.K12StudentId
        and f.SchoolYearId = a.SchoolYearId
                join RDS.FactK12StudentDisciplines d on f.K12StudentId = d.K12StudentId
        and f.SchoolYearId = d.SchoolYearId
        join RDS.DimDates discp_dt on discp_dt.DimDateId = d.DisciplinaryActionStartDateId
    where
        g.GradeLevelCode in ('06') and
        discp_dt.DateValue between entry_dt.DateValue
        and exit_dt.DateValue;","
select
        'Attendance rate (Grade 6)' AS DataElementName,
    'RecordCount' AS CharacteristicType,
        CAST(COUNT(a.StudentAttendanceRate) AS NVARCHAR(MAX)) AS Value,
    NULL AS Remarks
    from
        RDS.FactK12StudentEnrollments f
        join RDS.DimGradeLevels g on f.EntryGradeLevelId = g.DimGradeLevelId
        join RDS.DimSchoolYears y on f.SchoolYearId = y.DimSchoolYearId
        join RDS.DimDates entry_dt on entry_dt.DimDateId = f.EnrollmentEntryDateId
        join RDS.DimDates exit_dt on exit_dt.DimDateId = f.EnrollmentExitDateId
        join RDS.FactK12StudentAttendanceRates a on f.K12StudentId = a.K12StudentId
        and f.SchoolYearId = a.SchoolYearId
                join RDS.FactK12StudentDisciplines d on f.K12StudentId = d.K12StudentId
        and f.SchoolYearId = d.SchoolYearId
        join RDS.DimDates discp_dt on discp_dt.DimDateId = d.DisciplinaryActionStartDateId
    where
        g.GradeLevelCode in ('06') and
        discp_dt.DateValue between entry_dt.DateValue
        and exit_dt.DateValue;",,,,,,,
8. Are students meeting reading and math benchmarks in grades 3 and 8?,Academic Progress & Completion,Outcomes & Milestones,K12,6th grade on track,"Percentage of students in grade 6 with passing grades in English language arts and math, attendance of 90 percent or higher, and no in- or out-of-school suspensions or expulsions",Suspension (Grade 6),Found,DisciplineAction.DisciplineDescriptor,Found,FactK12StudentDisciplines.DisciplineStatusId,FactK12StudentDisciplines.DisciplineStatusId,ALSDE Data Code Manual,Automated,Available,,,"SELECT
    'Number of Suspensions  (Grades 6)' AS DataElementName,
    'RecordCount' AS CharacteristicType,
    CAST(COUNT(*) AS NVARCHAR(MAX)) AS Value,
    NULL AS Remarks
FROM RDS.FactK12StudentDisciplines fact
JOIN RDS.DimDisciplineStatuses discStat ON fact.DisciplineStatusId = discStat.DimDisciplineStatusId
JOIN RDS.DimGradeLevels gradeLevel ON fact.GradeLevelId = gradeLevel.DimGradeLevelId
WHERE g.GradeLevelCode in ('06') and
discStat.DisciplinaryActionTakenCode IN 
        ('03099' -- Suspension after school
        ,'03100' -- Suspension, in-school
        ,'03154' -- Suspension, out-of-school, greater than 10 consecutive days
        ,'03155' -- Suspension, out-of-school, separate days culminating to more than 10 school days
        ,'03101' -- Suspension, out-of-school, with services
        ,'03102' -- Suspension, out-of-school, without services
        )","SELECT
    'Number of Suspensions  (Grades 6)' AS DataElementName,
    'RecordCount' AS CharacteristicType,
    CAST(COUNT(*) AS NVARCHAR(MAX)) AS Value,
    NULL AS Remarks
FROM RDS.FactK12StudentDisciplines fact
JOIN RDS.DimDisciplineStatuses discStat ON fact.DisciplineStatusId = discStat.DimDisciplineStatusId
JOIN RDS.DimGradeLevels gradeLevel ON fact.GradeLevelId = gradeLevel.DimGradeLevelId
WHERE g.GradeLevelCode in ('06') and
discStat.DisciplinaryActionTakenCode IN 
        ('03099' -- Suspension after school
        ,'03100' -- Suspension, in-school
        ,'03154' -- Suspension, out-of-school, greater than 10 consecutive days
        ,'03155' -- Suspension, out-of-school, separate days culminating to more than 10 school days
        ,'03101' -- Suspension, out-of-school, with services
        ,'03102' -- Suspension, out-of-school, without services
        )",,,,,,,
8. Are students meeting reading and math benchmarks in grades 3 and 8?,Academic Progress & Completion,Outcomes & Milestones,K12,6th grade on track,"Percentage of students in grade 6 with passing grades in English language arts and math, attendance of 90 percent or higher, and no in- or out-of-school suspensions or expulsions",Expulsions (Grade 6),Found,DisciplineAction.DisciplineDescriptor,Found,FactK12StudentDisciplines.DisciplineStatusId,FactK12StudentDisciplines.DisciplineStatusId,ALSDE Data Code Manual,Automated,Available,,,"SELECT
    'Number of Expulsions  (Grades 6)' AS DataElementName,
    'RecordCount' AS CharacteristicType,
    CAST(COUNT(*) AS NVARCHAR(MAX)) AS Value,
    NULL AS Remarks
FROM RDS.FactK12StudentDisciplines fact
JOIN RDS.DimDisciplineStatuses discStat ON fact.DisciplineStatusId = discStat.DimDisciplineStatusId
JOIN RDS.DimGradeLevels gradeLevel ON fact.GradeLevelId = gradeLevel.DimGradeLevelId
WHERE g.GradeLevelCode in ('06') and
discStat.DisciplinaryActionTakenCode IN 
        ('03086' -- Expulsion with services
        ,'03087' -- Expulsion without services
        )","SELECT
    'Number of Expulsions  (Grades 6)' AS DataElementName,
    'RecordCount' AS CharacteristicType,
    CAST(COUNT(*) AS NVARCHAR(MAX)) AS Value,
    NULL AS Remarks
FROM RDS.FactK12StudentDisciplines fact
JOIN RDS.DimDisciplineStatuses discStat ON fact.DisciplineStatusId = discStat.DimDisciplineStatusId
JOIN RDS.DimGradeLevels gradeLevel ON fact.GradeLevelId = gradeLevel.DimGradeLevelId
WHERE g.GradeLevelCode in ('06') and
discStat.DisciplinaryActionTakenCode IN 
        ('03086' -- Expulsion with services
        ,'03087' -- Expulsion without services
        )",,,,,,,
8. Are students meeting reading and math benchmarks in grades 3 and 8?,Academic Progress & Completion,Outcomes & Milestones,PK,Classroom observations of instructional practice,"Scores on measures of teacher–child interactions, such as the Classroom Assessment Scoring System (CLASS),  the Early Childhood Environment Rating Scale (ECERS) Interactions subscale,  or the Assessing Classroom Sociocultural Equity Scale (ACSES)  (which assesses equitable classroom interactions)",Results on teacher-child interaction measure (PK),Likely not available,"PerformanceEvaluationRating.PerformanceEvaluationRatingResult (TPDM), EvaluationRatingRatingResult.Rating (TPDM)",Not Found,N/A,N/A,,Manual,Not Available,,,PK Tables not available in CEDS DWH,PK Tables not available in CEDS DWH,,,,,,,
8. Are students meeting reading and math benchmarks in grades 3 and 8?,Academic Progress & Completion,Outcomes & Milestones,K12,Classroom observations of instructional practice,"Teachers’ overall and subscale scores on an observation rubric associated with an educator observation system; examples of common frameworks include the Danielson’s Framework for Teaching ,   and the Marzano Causal Teacher Evaluation Model",Overall teacher observation score ,Found,"PerformanceEvaluationRating.PerformanceEvaluationRatingResult (TPDM), EvaluationRatingRatingResult.Rating (TPDM)","Not Found in V11 
Found in V13",N/A,FactK12StaffAssessments.AssessmentResultScoreValueScaleScore,Alabama Teacher Growth Program,Automated,Available,Data not publicly available,,"Available fields:
                AssessmentResultScoreValueScaleScore is not null
                AssessmentTypeCode = 'Observation' 
               AssessmentIdentifier =subscale assessment code'

Missing tables in CEDS DWH to store relation between staff and assessment results
Missing column in CEDS DWH :Staff Evaluation System","select
    'Overall teacher observation score (K-12)' AS DataElementName,
    'RecordCount' AS CharacteristicType,
     CAST(COUNT(*) AS NVARCHAR(MAX)) AS Value,
    NULL AS Remarks 
from RDS.FactK12StaffAssessments f
join RDS.DimAssessments d
on f.AssessmentId = d.DimAssessmentId
where d.AssessmentTypeAdministeredDescription like '%observation%' 
    and f.AssessmentResultScoreValueScaleScore is not null;",,,,,,,
8. Are students meeting reading and math benchmarks in grades 3 and 8?,Academic Progress & Completion,Outcomes & Milestones,K12,Classroom observations of instructional practice,"Teachers’ overall and subscale scores on an observation rubric associated with an educator observation system; examples of common frameworks include the Danielson’s Framework for Teaching ,   and the Marzano Causal Teacher Evaluation Model",Subscale observation scores,Found,"PerformanceEvaluationRating.PerformanceEvaluationRatingResult (TPDM), EvaluationRatingRatingResult.Rating (TPDM)","Not Found in V11 
Found in V13",N/A,FactK12StaffAssessments.AssessmentResultScoreValueScaleScore,Alabama Teacher Growth Program,Automated,Available,Data not publicly available,,"Available fields:
                AssessmentResultScoreValueScaleScore is not null
                AssessmentTypeCode = 'Observation' 
               AssessmentIdentifier =subscale assessment code'

Missing tables in CEDS DWH to store relation between staff and assessment results
Missing column in CEDS DWH :Staff Evaluation System","select
    'Subscale observation scores (K-12)' AS DataElementName,
    'RecordCount' AS CharacteristicType,
     CAST(COUNT(*) AS NVARCHAR(MAX)) AS Value,
    NULL AS Remarks 
from RDS.FactK12StaffAssessments f
join RDS.DimAssessments d
on f.AssessmentId = d.DimAssessmentId
where d.AssessmentTypeAdministeredDescription like '%observation%' 
    and f.AssessmentResultScoreValueScaleScore is not null;",,,,,,,
8. Are students meeting reading and math benchmarks in grades 3 and 8?,Academic Progress & Completion,Outcomes & Milestones,PS,Classroom observations of instructional practice,"Postsecondary: There are currently no widely used standardized rubrics for peer observations of college teaching, though multiple researchers and universities have produced guidance surrounding the peer observation process",Instructor observation results,Likely not available,"PerformanceEvaluationRating.PerformanceEvaluationRatingResult (TPDM), EvaluationRatingRatingResult.Rating (TPDM)",Not Found,N/A,N/A,,Manual,Not Available,,,"
Missing tables in CEDS DWH to store relation between  PS staff and assessment results
","
Missing tables in CEDS DWH to store relation between  PS staff and assessment results
",,,,,,,
8. Are students meeting reading and math benchmarks in grades 3 and 8?,Academic Progress & Completion,Outcomes & Milestones,K12,Early grades on track,"Percentage of students in grades 1 and 2 meeting grade-level math and reading benchmarks, with an attendance rate of 90 percent or higher, and no in- or out-of-school suspensions",Student grade level (Grades 1 & 2),Found,StudentSchoolAssociation.EntryGradeLevel,Found,FactK12Enrollments.EntryGradeId,FactK12Enrollments.EntryGradeId,ALSDE Data Code Manual,Automated,Available,,,"select
	'Number of Students (Grade 1 and 2)' AS DataElementName,
    'RecordCount' AS CharacteristicType,
	CAST(COUNT(*) AS NVARCHAR(MAX)) AS Value,
    NULL AS Remarks
    from
        RDS.FactK12StudentEnrollments f
        join RDS.DimGradeLevels g on f.EntryGradeLevelId = g.DimGradeLevelId
    where
         g.GradeLevelCode in ('01', '02')","select
	'Number of Students (Grade 1 and 2)' AS DataElementName,
    'RecordCount' AS CharacteristicType,
	CAST(COUNT(*) AS NVARCHAR(MAX)) AS Value,
    NULL AS Remarks
    from
        RDS.FactK12StudentEnrollments f
        join RDS.DimGradeLevels g on f.EntryGradeLevelId = g.DimGradeLevelId
    where
         g.GradeLevelCode in ('01', '02')",,,,,,,
8. Are students meeting reading and math benchmarks in grades 3 and 8?,Academic Progress & Completion,Outcomes & Milestones,K12,Early grades on track,"Percentage of students in grades 1 and 2 meeting grade-level math and reading benchmarks, with an attendance rate of 90 percent or higher, and no in- or out-of-school suspensions",Math proficiency (or math assessment score) (Grades 1 & 2),Found,"

Assessment.AssessmentIdentifier, StudentAssessmentPerformanceLevel.PerfomanceLevelDescriptorId
PerformanceLevelDescriptor.DescriptorId",Found,FactK12StudentAssessments.AssessmentId,FactK12StudentAssessments.AssessmentId,Student Data Application Guide,Automated,Available,p. 88,,"select  
        'Students meet Assessment Benchmark (K-12)' AS DataElementName,
                'RecordCount' AS CharacteristicType,  
                count(1) AS Value,
                NULL AS Remarks
                from rds.FactK12StudentAssessments ase  
                join  RDS.FactK12StudentEnrollments f on f.K12StudentId = ase.K12StudentId
        join RDS.DimAssessments da on da.DimAssessmentId = ase.AssessmentId
                join RDS.DimGradeLevels g on f.EntryGradeLevelId = g.DimGradeLevelId
                where  ase.AssessmentResultScoreValueScaleScore is not null
                        and da.AssessmentTypeCode = 'Benchmark' 
                        and da.AssessmentAcademicSubjectCode in ('01166')","select  
        'Students meet Assessment Benchmark (K-12)' AS DataElementName,
                'RecordCount' AS CharacteristicType,  
                count(1) AS Value,
                NULL AS Remarks
                from rds.FactK12StudentAssessments ase  
                join  RDS.FactK12StudentEnrollments f on f.K12StudentId = ase.K12StudentId
        join RDS.DimAssessments da on da.DimAssessmentId = ase.AssessmentId
                join RDS.DimGradeLevels g on f.EntryGradeLevelId = g.DimGradeLevelId
                where  ase.AssessmentResultScoreValueScaleScore is not null
                        and da.AssessmentTypeCode = 'Benchmark' 
                        and da.AssessmentAcademicSubjectCode in ('01166')",,,,,,,
8. Are students meeting reading and math benchmarks in grades 3 and 8?,Academic Progress & Completion,Outcomes & Milestones,K12,Early grades on track,"Percentage of students in grades 1 and 2 meeting grade-level math and reading benchmarks, with an attendance rate of 90 percent or higher, and no in- or out-of-school suspensions",Reading proficiency (or reading assessment score) (Grades 1 & 2),Found,"

Assessment.AssessmentIdentifier, StudentAssessmentPerformanceLevel.PerfomanceLevelDescriptorId
PerformanceLevelDescriptor.DescriptorId",Found,FactK12StudentAssessments.AssessmentId,FactK12StudentAssessments.AssessmentId,Student Data Application Guide,Automated,Available,p. 88,,"select  
        'Students meet Assessment Benchmark (K-12)' AS DataElementName,
                'RecordCount' AS CharacteristicType,  
                count(1) AS Value,
                NULL AS Remarks
                from rds.FactK12StudentAssessments ase  
                join  RDS.FactK12StudentEnrollments f on f.K12StudentId = ase.K12StudentId
        join RDS.DimAssessments da on da.DimAssessmentId = ase.AssessmentId
                join RDS.DimGradeLevels g on f.EntryGradeLevelId = g.DimGradeLevelId
                where  ase.AssessmentResultScoreValueScaleScore is not null
                        and da.AssessmentTypeCode = 'Benchmark' 
                        and da.AssessmentAcademicSubjectCode in ('00560')","select  
        'Students meet Assessment Benchmark (K-12)' AS DataElementName,
                'RecordCount' AS CharacteristicType,  
                count(1) AS Value,
                NULL AS Remarks
                from rds.FactK12StudentAssessments ase  
                join  RDS.FactK12StudentEnrollments f on f.K12StudentId = ase.K12StudentId
        join RDS.DimAssessments da on da.DimAssessmentId = ase.AssessmentId
                join RDS.DimGradeLevels g on f.EntryGradeLevelId = g.DimGradeLevelId
                where  ase.AssessmentResultScoreValueScaleScore is not null
                        and da.AssessmentTypeCode = 'Benchmark' 
                        and da.AssessmentAcademicSubjectCode in ('00560')",,,,,,,
8. Are students meeting reading and math benchmarks in grades 3 and 8?,Academic Progress & Completion,Outcomes & Milestones,K12,Early grades on track,"Percentage of students in grades 1 and 2 meeting grade-level math and reading benchmarks, with an attendance rate of 90 percent or higher, and no in- or out-of-school suspensions",Student attendance rate (Grades 1 & 2),Not Found,N/A,Found,FactK12StudentAttendanceRates.StudentAttendanceRate,FactK12StudentAttendanceRates.StudentAttendanceRate,ALSDE Data Code Manual,Automated,Available,,,"
select
        'Attendance rate(K-12)' AS DataElementName,
    'RecordCount' AS CharacteristicType,
        CAST(COUNT(a.StudentAttendanceRate) AS NVARCHAR(MAX)) AS Value,
    NULL AS Remarks
    from
        RDS.FactK12StudentEnrollments f
        join RDS.DimGradeLevels g on f.EntryGradeLevelId = g.DimGradeLevelId
        join RDS.DimSchoolYears y on f.SchoolYearId = y.DimSchoolYearId
        join RDS.DimDates entry_dt on entry_dt.DimDateId = f.EnrollmentEntryDateId
        join RDS.DimDates exit_dt on exit_dt.DimDateId = f.EnrollmentExitDateId
        join RDS.FactK12StudentAttendanceRates a on f.K12StudentId = a.K12StudentId
        and f.SchoolYearId = a.SchoolYearId
                join RDS.FactK12StudentDisciplines d on f.K12StudentId = d.K12StudentId
        and f.SchoolYearId = d.SchoolYearId
        join RDS.DimDates discp_dt on discp_dt.DimDateId = d.DisciplinaryActionStartDateId
    where
        discp_dt.DateValue between entry_dt.DateValue
        and exit_dt.DateValue;","
select
        'Attendance rate(K-12)' AS DataElementName,
    'RecordCount' AS CharacteristicType,
        CAST(COUNT(a.StudentAttendanceRate) AS NVARCHAR(MAX)) AS Value,
    NULL AS Remarks
    from
        RDS.FactK12StudentEnrollments f
        join RDS.DimGradeLevels g on f.EntryGradeLevelId = g.DimGradeLevelId
        join RDS.DimSchoolYears y on f.SchoolYearId = y.DimSchoolYearId
        join RDS.DimDates entry_dt on entry_dt.DimDateId = f.EnrollmentEntryDateId
        join RDS.DimDates exit_dt on exit_dt.DimDateId = f.EnrollmentExitDateId
        join RDS.FactK12StudentAttendanceRates a on f.K12StudentId = a.K12StudentId
        and f.SchoolYearId = a.SchoolYearId
                join RDS.FactK12StudentDisciplines d on f.K12StudentId = d.K12StudentId
        and f.SchoolYearId = d.SchoolYearId
        join RDS.DimDates discp_dt on discp_dt.DimDateId = d.DisciplinaryActionStartDateId
    where
        discp_dt.DateValue between entry_dt.DateValue
        and exit_dt.DateValue;",,,,,,,
8. Are students meeting reading and math benchmarks in grades 3 and 8?,Academic Progress & Completion,Outcomes & Milestones,K12,Early grades on track,"Percentage of students in grades 1 and 2 meeting grade-level math and reading benchmarks, with an attendance rate of 90 percent or higher, and no in- or out-of-school suspensions",In school suspension (Grades 1 & 2),Found,DisciplineAction.DisciplineDescriptor,Found,FactK12StudentDisciplines.DisciplineStatusId,FactK12StudentDisciplines.DisciplineStatusId,ALSDE Data Code Manual,Automated,Available,,,"SELECT
    'In School Suspensions (K-12)' AS DataElementName,
    'RecordCount' AS CharacteristicType,
    CAST(COUNT(*) AS NVARCHAR(MAX)) AS Value,
    NULL AS Remarks
FROM RDS.FactK12StudentDisciplines fact
JOIN RDS.DimDisciplineStatuses discStat ON fact.DisciplineStatusId = discStat.DimDisciplineStatusId
WHERE discStat.DisciplinaryActionTakenCode IN 
('03100' -- Suspension, in-school)","SELECT
    'In School Suspensions (K-12)' AS DataElementName,
    'RecordCount' AS CharacteristicType,
    CAST(COUNT(*) AS NVARCHAR(MAX)) AS Value,
    NULL AS Remarks
FROM RDS.FactK12StudentDisciplines fact
JOIN RDS.DimDisciplineStatuses discStat ON fact.DisciplineStatusId = discStat.DimDisciplineStatusId
WHERE discStat.DisciplinaryActionTakenCode IN 
('03100' -- Suspension, in-school)",,,,,,,
8. Are students meeting reading and math benchmarks in grades 3 and 8?,Academic Progress & Completion,Outcomes & Milestones,K12,Early grades on track,"Percentage of students in grades 1 and 2 meeting grade-level math and reading benchmarks, with an attendance rate of 90 percent or higher, and no in- or out-of-school suspensions",Out of school suspension (Grades 1 & 2),Found,DisciplineAction.DisciplineDescriptor,Found,FactK12StudentDisciplines.DisciplineStatusId,FactK12StudentDisciplines.DisciplineStatusId,ALSDE Data Code Manual,Automated,Available,,,"SELECT
    'Out of School Suspensions (K-12)' AS DataElementName,
    'RecordCount' AS CharacteristicType,
    CAST(COUNT(*) AS NVARCHAR(MAX)) AS Value,
    NULL AS Remarks
FROM RDS.FactK12StudentDisciplines fact
JOIN RDS.DimDisciplineStatuses discStat ON fact.DisciplineStatusId = discStat.DimDisciplineStatusId
WHERE g.GradeLevelCode in ('01', '02') and discStat.DisciplinaryActionTakenCode IN 
        ('03154' -- Suspension, out-of-school, greater than 10 consecutive days
        ,'03155' -- Suspension, out-of-school, separate days culminating to more than 10 school days
        ,'03101' -- Suspension, out-of-school, with services
        ,'03102' -- Suspension, out-of-school, without services)","SELECT
    'Out of School Suspensions (K-12)' AS DataElementName,
    'RecordCount' AS CharacteristicType,
    CAST(COUNT(*) AS NVARCHAR(MAX)) AS Value,
    NULL AS Remarks
FROM RDS.FactK12StudentDisciplines fact
JOIN RDS.DimDisciplineStatuses discStat ON fact.DisciplineStatusId = discStat.DimDisciplineStatusId
WHERE g.GradeLevelCode in ('01', '02') and discStat.DisciplinaryActionTakenCode IN 
        ('03154' -- Suspension, out-of-school, greater than 10 consecutive days
        ,'03155' -- Suspension, out-of-school, separate days culminating to more than 10 school days
        ,'03101' -- Suspension, out-of-school, with services
        ,'03102' -- Suspension, out-of-school, without services)",,,,,,,
8. Are students meeting reading and math benchmarks in grades 3 and 8?,Academic Progress & Completion,E-W System Conditions,PK,Educator retention,Teacher retention: Percentage of teachers who return to teaching in the same school from year to year,"Job title or position type (teacher or educator, prior and current year)",Likely not available,StaffEducationOrganizationAssignmentAssociation.PositionTitle (would need data from previous years),,,,ALSDE Data Code Manual,Automated,Available,,,PK Tables not available in CEDS DWH,PK Tables not available in CEDS DWH,,,,,,,
8. Are students meeting reading and math benchmarks in grades 3 and 8?,Academic Progress & Completion,E-W System Conditions,PK,Educator retention,Teacher retention: Percentage of teachers who return to teaching in the same school from year to year,School or program ID (prior and current year),Likely not available,StaffSchoolAssociaation.School,,,,,Manual,Not Available,,,PK Tables not available in CEDS DWH,PK Tables not available in CEDS DWH,,,,,,,
8. Are students meeting reading and math benchmarks in grades 3 and 8?,Academic Progress & Completion,E-W System Conditions,PK,Educator retention,"School leader tenure: Percentage of school leaders who have served in their current positions for less than two years, two to three years, and four or more years",Job title or position type (school leader or administrator),Likely not available,"StaffEducationOrganizationAssignmentAssociation.PositionTitle,  StaffEducationOrganizationAssignmentAssociation.StaffClassificationDescriptor",,,,ALSDE Data Code Manual,Automated,Available,,,PK Tables not available in CEDS DWH,PK Tables not available in CEDS DWH,,,,,,,
8. Are students meeting reading and math benchmarks in grades 3 and 8?,Academic Progress & Completion,E-W System Conditions,PK,Educator retention,"School leader tenure: Percentage of school leaders who have served in their current positions for less than two years, two to three years, and four or more years",Years in current position,Partial,StaffEducationOrganizationAssignmentAssociation.BeginDate,,,,,Manual,Not Available,"We could not find a data element for years in current position, but it is likely that the state could calculate this metric using historical data.",,PK Tables not available in CEDS DWH,PK Tables not available in CEDS DWH,,,,,,,
8. Are students meeting reading and math benchmarks in grades 3 and 8?,Academic Progress & Completion,E-W System Conditions,K12,Educator retention,Teacher retention: Percentage of teachers who return to teaching in the same school from year to year,"Job title or position type (teacher or educator, prior and current year)",Found,"StaffEducationOrganizationAssignmentAssociation.PositionTitle,  StaffEducationOrganizationAssignmentAssociation.StaffClassificationDescriptor (would need data from previous years)",Found,DimPeople.PositionTitle,DimPeople.PositionTitle,ALSDE Data Code Manual,Automated,Available,,,"SELECT
    'Number of Teachers with Position Title Info (K-12)' AS DataElementName,
    'RecordCount' AS CharacteristicType,
    CAST(COUNT(distinct p.PositionTitle) AS NVARCHAR(MAX)) AS Value,
    NULL AS Remarks
 from rds.DimPeople p join staff_ret r
on p.DimPersonId = r.K12StaffId","SELECT
    'Number of Teachers with Position Title Info (K-12)' AS DataElementName,
    'RecordCount' AS CharacteristicType,
    CAST(COUNT(distinct p.PositionTitle) AS NVARCHAR(MAX)) AS Value,
    NULL AS Remarks
 from RDS.DimPeople_Current p join staff_ret r
on p.DimPersonId = r.K12StaffId",,,,,,,
8. Are students meeting reading and math benchmarks in grades 3 and 8?,Academic Progress & Completion,E-W System Conditions,K12,Educator retention,Teacher retention: Percentage of teachers who return to teaching in the same school from year to year,School assignment or school ID (prior and current year),Found,StaffSchoolAssociation.School,Found,FactK12StaffCounts.K12SchoolId,FactK12StaffCounts.K12SchoolId,ALSDE Data Code Manual,Automated,Available,Must be cross referenced over multiple years,,"
SELECT
    'Number of Schools  (K-12)' AS DataElementName,
    'RecordCount' AS CharacteristicType,
    CAST(COUNT(distinct f.K12SchoolId) AS NVARCHAR(MAX)) AS Value,
    NULL AS Remarks
 from RDS.FactK12StaffCounts f
    JOIN RDS.DimK12StaffCategories b 
        ON b.DimK12StaffCategoryId = f.K12StaffCategoryId
    WHERE b.K12StaffClassificationCode IN ('KindergartenTeachers', 'SecondaryTeachers', 'Elementary Teachers')","
SELECT
    'Number of Schools  (K-12)' AS DataElementName,
    'RecordCount' AS CharacteristicType,
    CAST(COUNT(distinct f.K12SchoolId) AS NVARCHAR(MAX)) AS Value,
    NULL AS Remarks
 from RDS.FactK12StaffCounts f
    JOIN RDS.DimK12StaffCategories b 
        ON b.DimK12StaffCategoryId = f.K12StaffCategoryId
    WHERE b.K12StaffClassificationCode IN ('KindergartenTeachers', 'SecondaryTeachers', 'Elementary Teachers')",,,,,,,
8. Are students meeting reading and math benchmarks in grades 3 and 8?,Academic Progress & Completion,E-W System Conditions,K12,Educator retention,"School leader tenure: Percentage of school leaders who have served in their current positions for less than two years, two to three years, and four or more years",Position type (school leader or administrator),Found,"StaffEducationOrganizationAssignmentAssociation.PositionTitle,  StaffEducationOrganizationAssignmentAssociation.StaffClassificationDescriptor",Found,DimPeople.PositionTitle,DimPeople.PositionTitle,ALSDE Data Code Manual,Automated,Available,,,"SELECT
    'Number of Administators retained  (K-12)' AS DataElementName,
    'RecordCount' AS CharacteristicType,
    CAST(COUNT(*) AS NVARCHAR(MAX)) AS Value,
    NULL AS Remarks
FROM (
    SELECT 
        f.K12StaffId
    FROM RDS.FactK12StaffCounts f
    JOIN RDS.DimK12Categories b 
        ON b.DimK12StaffCategoryId = f.K12StaffCategoryId
    WHERE b.K12StaffClassificationCode IN ('Administrators', 'School Administrators')
    GROUP BY f.K12StaffId
    HAVING COUNT(DISTINCT f.SchoolYearId) > 1
) a;
","SELECT
    'Number of Administators retained  (K-12)' AS DataElementName,
    'RecordCount' AS CharacteristicType,
    CAST(COUNT(*) AS NVARCHAR(MAX)) AS Value,
    NULL AS Remarks
FROM (
    SELECT 
        f.K12StaffId
    FROM RDS.FactK12StaffCounts f
    JOIN RDS.DimK12Categories b 
        ON b.DimK12StaffCategoryId = f.K12StaffCategoryId
    WHERE b.K12StaffClassificationCode IN ('Administrators', 'School Administrators')
    GROUP BY f.K12StaffId
    HAVING COUNT(DISTINCT f.SchoolYearId) > 1
) a;
",,,,,,,
8. Are students meeting reading and math benchmarks in grades 3 and 8?,Academic Progress & Completion,E-W System Conditions,K12,Educator retention,"School leader tenure: Percentage of school leaders who have served in their current positions for less than two years, two to three years, and four or more years",Years in current position,Found,StaffEducationOrganizationAssignmentAssociation.BeginDate,Not Found,N/A,N/A,,Manual,Not Available,"We could not find a data element for years in current position, but it is likely that the state could calculate this metric using historical data.",,"Missing elements in CEDS DWH:
Professional Educational Job 
Classification
Years of Prior Teaching Experience","Missing elements in CEDS DWH:
Professional Educational Job 
Classification
Years of Prior Teaching Experience",,,,,,,
8. Are students meeting reading and math benchmarks in grades 3 and 8?,Academic Progress & Completion,E-W System Conditions,PK,Effective program and school leadership,"Percentage of school leaders rated as effective, using an evaluation system that includes multiple measures, such as the Administrator Evaluation component of the Tennessee Educator Acceleration Model (TEAM)",Results on leader effectiveness assessment,Not Found ,N/A,,,,,Manual,Not Available,,,PK Tables not available in CEDS DWH,PK Tables not available in CEDS DWH,,,,,,,
8. Are students meeting reading and math benchmarks in grades 3 and 8?,Academic Progress & Completion,E-W System Conditions,K12,Effective program and school leadership,"Percentage of school leaders rated as effective, using an evaluation system that includes multiple measures, such as the Administrator Evaluation component of the Tennessee Educator Acceleration Model (TEAM)",Results on leader effectiveness assessment,Not Found ,N/A,,,,,Manual,Not Available,,,"Missing Elements in CEDS DWH:
Staff Evaluation Outcome 
Staff Evaluation System","Missing Elements in CEDS DWH:
Staff Evaluation Outcome 
Staff Evaluation System",,,,,,,
8. Are students meeting reading and math benchmarks in grades 3 and 8?,Academic Progress & Completion,E-W System Conditions,K12,Institutions' contributions to student outcomes,"Schools’ contributions to student outcomes, including achievement, attendance, social-emotional learning, college enrollment, and earnings, using value-added models",School value-added,Not Found ,N/A,,,,,Manual,Not Available,,,CEDS DWH does not contain elements ,CEDS DWH does not contain elements ,,,,,,,
8. Are students meeting reading and math benchmarks in grades 3 and 8?,Academic Progress & Completion,E-W System Conditions,PS,Institutions' contributions to student outcomes,"Colleges’ contributions to student outcomes, including graduation rates, earnings, and student loan repayment, using value-added models",College value-added,Not Found,N/A,,,,,Manual,Not Available,,,CEDS DWH does not contain elements ,CEDS DWH does not contain elements ,,,,,,,
8. Are students meeting reading and math benchmarks in grades 3 and 8?,Academic Progress & Completion,E-W System Conditions,PK,Teacher credentials,Percentage of lead teachers with at least a bachelor’s degree,Position type (lead pre-K teacher status),Likely not available,StaffEducationOrganizationAssignmentAssociation.StaffClassification,,,,ALSDE Data Code Manual,Automated,Available,,,PK Tables not available in CEDS DWH,PK Tables not available in CEDS DWH,,,,,,,
8. Are students meeting reading and math benchmarks in grades 3 and 8?,Academic Progress & Completion,E-W System Conditions,PK,Teacher credentials,Percentage of lead teachers with at least a bachelor’s degree,Highest level of education completed,Likely not available,Staff.HighestCompletedLevelOfEducation,,,,ALSDE Data Code Manual,Automated,Available,,,PK Tables not available in CEDS DWH,PK Tables not available in CEDS DWH,,,,,,,
8. Are students meeting reading and math benchmarks in grades 3 and 8?,Academic Progress & Completion,E-W System Conditions,PK,Teacher credentials,Percentage of lead teachers with specialized training in pre-K,Position type (lead pre-K teacher status),Likely not available,StaffEducationOrganizationAssignmentAssociation.StaffClassification,,,,ALSDE Data Code Manual,Automated,Available,,,PK Tables not available in CEDS DWH,PK Tables not available in CEDS DWH,,,,,,,
8. Are students meeting reading and math benchmarks in grades 3 and 8?,Academic Progress & Completion,E-W System Conditions,PK,Teacher credentials,Percentage of lead teachers with specialized training in pre-K,Credential or certification type,Likely not available,"Credential.CredentialType, Credential.Person",,,,ALSDE Data Code Manual,Automated,Available,,,PK Tables not available in CEDS DWH,PK Tables not available in CEDS DWH,,,,,,,
8. Are students meeting reading and math benchmarks in grades 3 and 8?,Academic Progress & Completion,E-W System Conditions,K12,Teacher credentials,"Percentage of courses taught by full-time equivalent (FTE) teachers (that is, teachers other than substitutes or those with emergency or provisional licenses)",Course ID or course title,Partial,Credential.AcademicSubjectDescriptor,Found,FactK12StudentCourseSections.K12CourseId,FactK12StudentCourseSections.StateK12CourseId,Student Data Application Guide,Automated,Available,p. 57,,"select
	'Number of Courses(K-12)' AS DataElementName,
    'RecordCount' AS CharacteristicType,
	CAST(COUNT(*) AS NVARCHAR(MAX)) AS Value,
    NULL AS Remarks 
from RDS.FactK12StudentCourseSections f
join RDS.DimK12Courses c
on f.K12CourseId = c.DimK12CourseId","select
        'Number of Courses(K-12)' AS DataElementName,
    'RecordCount' AS CharacteristicType,
        CAST(COUNT(*) AS NVARCHAR(MAX)) AS Value,
    NULL AS Remarks 
from RDS.FactK12StudentCourseSections f
join RDS.DimK12Courses c
on f.StateK12CourseId = c.DimK12CourseId",,,,,,,
8. Are students meeting reading and math benchmarks in grades 3 and 8?,Academic Progress & Completion,E-W System Conditions,K12,Teacher credentials,"Percentage of courses taught by full-time equivalent (FTE) teachers (that is, teachers other than substitutes or those with emergency or provisional licenses)",Staff FTE status,Found,staffEducationOrganizationEmploymentAssociation.FullTimeEquivalency,Found,FactK12StaffCounts.StaffFullTimeEquivalency,FactK12StaffEmployments.FullTimeEquivalency,ALSDE Data Code Manual,Automated,Available,,,"select
	'Number of FTE Staff(K-12)' AS DataElementName,
    'RecordCount' AS CharacteristicType,
	CAST(COUNT(*) AS NVARCHAR(MAX)) AS Value,
    NULL AS Remarks 
from RDS.FactK12StaffCounts f
where f.StaffFullTimeEquivalency = 1.0","select
    'Number of FTE Staff(K-12)' AS DataElementName,
    'RecordCount' AS CharacteristicType,
    CAST(COUNT(*) AS NVARCHAR(MAX)) AS Value,
    NULL AS Remarks 
from RDS.FactK12StaffEmployments f 
join RDS.DimPeople_Current d
    on d.DimPersonId = f.K12Staff_CurrentId
where f.FullTimeEquivalency = 1.0",,,,,,,
8. Are students meeting reading and math benchmarks in grades 3 and 8?,Academic Progress & Completion,E-W System Conditions,K12,Teacher credentials,"Percentage of courses taught by full-time equivalent (FTE) teachers (that is, teachers other than substitutes or those with emergency or provisional licenses)",Course instructor (or teacher's course assignments),Found,StaffSectionAssociation.Staff,Found,BridgeK12StudentCourseSectionK12Staff.K12StaffId,BridgeK12StudentCourseSectionK12Staff.K12StaffId,ALSDE Data Code Manual,Automated,Available,,,"select
	'Number of CourseSection Staff(K-12)' AS DataElementName,
    'RecordCount' AS CharacteristicType,
	CAST(COUNT(*) AS NVARCHAR(MAX)) AS Value,
    NULL AS Remarks 
from RDS.BridgeK12StudentCourseSectionK12Staff b
join RDS.FactK12StudentCourseSections f 
on b.FactK12StudentCourseSectionId = f.FactK12StudentCourseSectionId","select
	'Number of CourseSection Staff(K-12)' AS DataElementName,
    'RecordCount' AS CharacteristicType,
	CAST(COUNT(*) AS NVARCHAR(MAX)) AS Value,
    NULL AS Remarks 
from RDS.BridgeK12StudentCourseSectionK12Staff b
join RDS.FactK12StudentCourseSections f 
on b.FactK12StudentCourseSectionId = f.FactK12StudentCourseSectionId",,,,,,,
8. Are students meeting reading and math benchmarks in grades 3 and 8?,Academic Progress & Completion,E-W System Conditions,K12,Teacher credentials,Percentage of courses taught by teachers certified to teach the given subject or grade level,Course ID or course title,Found,"StaffSectionAssociation.Section.CourseOffering.LocalCourseCode, StaffSectionAssociation.Section.CourseOffering.LocalTitle, StaffSectionAssociation.Section.CourseOffering.Course.CourseCode, StaffSectionAssociation.Section.CourseOffering.Course.CourseTitle",Found,FactK12StudentCourseSections.K12CourseId,FactK12StudentCourseSections.StateK12CourseId,Student Data Application Guide,Automated,Available,p. 57,,"select
	'Number of Courses(K-12)' AS DataElementName,
    'RecordCount' AS CharacteristicType,
	CAST(COUNT(*) AS NVARCHAR(MAX)) AS Value,
    NULL AS Remarks 
from RDS.FactK12StudentCourseSections f
join RDS.DimK12Courses c
on f.K12CourseId = c.DimK12CourseId","select
        'Number of Courses(K-12)' AS DataElementName,
    'RecordCount' AS CharacteristicType,
        CAST(COUNT(*) AS NVARCHAR(MAX)) AS Value,
    NULL AS Remarks 
from RDS.FactK12StudentCourseSections f
join RDS.DimK12Courses c
on f.StateK12CourseId = c.DimK12CourseId",,,,,,,
8. Are students meeting reading and math benchmarks in grades 3 and 8?,Academic Progress & Completion,E-W System Conditions,K12,Teacher credentials,Percentage of courses taught by teachers certified to teach the given subject or grade level,Teacher qualification or certification type,Found,Credential.CertificationTitle,Found,FactK12StaffCounts.K12StaffStatusId,FactK12StaffCounts.K12StaffStatusId,ALSDE Data Code Manual,Automated,Available,,,"select
        'Number of Courses(K-12)' AS DataElementName,
    'RecordCount' AS CharacteristicType,
        CAST(COUNT(*) AS NVARCHAR(MAX)) AS Value,
    NULL AS Remarks 
from RDS.FactK12StudentCourseSections f
join RDS.DimK12Courses c
on f.K12CourseId = c.DimK12CourseId","select
        'Number of Courses(K-12)' AS DataElementName,
    'RecordCount' AS CharacteristicType,
        CAST(COUNT(*) AS NVARCHAR(MAX)) AS Value,
    NULL AS Remarks 
from RDS.FactK12StudentCourseSections f
join RDS.DimK12Courses c
on f.K12CourseId = c.DimK12CourseId",,,,,,,
8. Are students meeting reading and math benchmarks in grades 3 and 8?,Academic Progress & Completion,E-W System Conditions,K12,Teacher credentials,Percentage of courses taught by teachers certified to teach the given subject or grade level,Teaching assignment (subject and/or grade level taught),Found,"StaffSchoolAssociation.AcademicSubject, StaffSchoolAssociation.GradeLevel",Found,BridgeK12StudentCourseSectionK12Staff.K12StaffId,BridgeK12StaffAssignmentCourseSections.K12CourseId,,Automated,Available,"The Alabama Certification Search website (linked here) allows the public to search the certification status of any teacher in the state. The site includes information about certification status, certifications, endorsments, and grade levels, among other information. The state department of education also has a Youtube training video (https://www.youtube.com/watch?v=QAQLoAuMkMw) with detailed information on certification data collection on the state. The spreadsheet notes that the data come from SIS teacher schedules and educator directorirs.",,"select
        'Number of Teachers assigned to courses(K-12)' AS DataElementName,
    'RecordCount' AS CharacteristicType,
        CAST(COUNT(*) AS NVARCHAR(MAX)) AS Value,
    NULL AS Remarks 
from RDS.BridgeK12StudentCourseSectionK12Staff b
join RDS.FactK12StudentCourseSections f on b.FactK12StudentCourseSectionId = f.FactK12StudentCourseSectionId
join RDS.DimK12Courses c
on f.K12CourseId = c.DimK12CourseId","select
    'Number of Teachers assigned to courses(K-12)' AS DataElementName,
    'RecordCount' AS CharacteristicType,
     CAST(COUNT(*) AS NVARCHAR(MAX)) AS Value,
    NULL AS Remarks 
from RDS.BridgeK12StaffAssignmentCourseSections b
join RDS.FactK12StaffAssignments f
	on b.FactK12StaffAssignmentId = f.FactK12StaffAssignmentId
join RDS.DimK12Courses d
	on b.K12CourseId = d.DimK12CourseId",,,,,,,
8. Are students meeting reading and math benchmarks in grades 3 and 8?,Academic Progress & Completion,E-W System Conditions,K12,Teachers' contributions to student learning growth,"Percentage of instructors demonstrating above average contributions to student learning, as measured by student growth on state standardized tests or other outcomes (for example, using value-added models or student growth percentiles)","SGP for standardized assessments (subject specific for reading/literacy, math, and science)",Found,"

Assessment.AssessmentIdentifier, StudentAssessmentPerformanceLevel.PerfomanceLevelDescriptorId
PerformanceLevelDescriptor.DescriptorId",,,,,Manual,Not Available,,,"select  'Instructors demonstrating above average contributions(K-12)' AS DataElementName,
                'RecordCount' AS CharacteristicType,  
                count(1) AS Value,
                NULL AS Remarks
                from rds.FactK12StudentAssessments ase  
                join  RDS.FactK12StudentEnrollments f on f.K12StudentId = ase.K12StudentId
        join RDS.DimAssessments da on da.DimAssessmentId = ase.AssessmentId
                join RDS.DimGradeLevels g on f.EntryGradeLevelId = g.DimGradeLevelId
                                join RDS.DimAssessmentSubtests s on ase.AssessmentSubtestId = s.DimAssessmentSubtestId
                                --join RDS.DimAssessmentResults ar on ar.DimAssessmentResultId = ase.AssessmentResultId        
                where  ase.AssessmentResultScoreValueScaleScore is not null
                        and da.AssessmentTypeCode = 'GrowthMeasure' 
                        and da.AssessmentAcademicSubjectCode in ('01166', '13373', '00562', '13374')
                                                and s.AssessmentPurpose = 'Assessment of student''s progress'
                                                --and ar.AssessmentScoreMetricTypeCode in  ('03474', '03478', '03479')","select  'Instructors demonstrating above average contributions(K-12)' AS DataElementName,
                'RecordCount' AS CharacteristicType,  
                count(1) AS Value,
                NULL AS Remarks
                from rds.FactK12StudentAssessments ase  
                join  RDS.FactK12StudentEnrollments f on f.K12StudentId = ase.K12StudentId
        join RDS.DimAssessments da on da.DimAssessmentId = ase.AssessmentId
                join RDS.DimGradeLevels g on f.EntryGradeLevelId = g.DimGradeLevelId
                                join RDS.DimAssessmentSubtests s on ase.AssessmentSubtestId = s.DimAssessmentSubtestId     
                where  ase.AssessmentResultScoreValueScaleScore is not null
                        and da.AssessmentTypeCode = 'GrowthMeasure' 
                        and da.AssessmentAcademicSubjectCode in ('01166', '13373', '00562', '13374')
                                                and s.AssessmentPurpose = 'Assessment of student''s progress'",,,,,,,
8. Are students meeting reading and math benchmarks in grades 3 and 8?,Academic Progress & Completion,E-W System Conditions,K12,Teachers' contributions to student learning growth,"Percentage of instructors demonstrating above average contributions to student learning, as measured by student growth on state standardized tests or other outcomes (for example, using value-added models or student growth percentiles)",VAM for subject specific assessment,Not Found,N/A,,,,,Manual,Not Available,,,CEDS DWH does not contain tables to relate PS students and Assessments,CEDS DWH does not contain tables to relate PS students and Assessments,,,,,,,
8. Are students meeting reading and math benchmarks in grades 3 and 8?,Academic Progress & Completion,E-W System Conditions,PS,Teachers' contributions to student learning growth,"Percentage of instructors demonstrating above average contributions to student learning, as measured by student growth on state standardized tests or other outcomes (for example, using value-added models or student growth percentiles)","SGP for standardized assessments (subject specific for reading/literacy, math, and science)",Not Found,N/A,,,,,Manual,Not Available,,,"select  'Instructors demonstrating above average contributions(K-12)' AS DataElementName,
                'RecordCount' AS CharacteristicType,  
                count(1) AS Value,
                NULL AS Remarks
                from rds.FactK12StudentAssessments ase  
                join  RDS.FactK12StudentEnrollments f on f.K12StudentId = ase.K12StudentId
        join RDS.DimAssessments da on da.DimAssessmentId = ase.AssessmentId
                join RDS.DimGradeLevels g on f.EntryGradeLevelId = g.DimGradeLevelId
                                join RDS.DimAssessmentSubtests s on ase.AssessmentSubtestId = s.DimAssessmentSubtestId
                                --join RDS.DimAssessmentResults ar on ar.DimAssessmentResultId = ase.AssessmentResultId        
                where  ase.AssessmentResultScoreValueScaleScore is not null
                        and da.AssessmentTypeCode = 'GrowthMeasure' 
                        and da.AssessmentAcademicSubjectCode in ('01166', '13373', '00562', '13374')
                                                and s.AssessmentPurpose = 'Assessment of student''s progress'
                                                --and ar.AssessmentScoreMetricTypeCode in  ('03474', '03478', '03479')","select  'Instructors demonstrating above average contributions(K-12)' AS DataElementName,
                'RecordCount' AS CharacteristicType,  
                count(1) AS Value,
                NULL AS Remarks
                from rds.FactK12StudentAssessments ase  
                join  RDS.FactK12StudentEnrollments f on f.K12StudentId = ase.K12StudentId
        join RDS.DimAssessments da on da.DimAssessmentId = ase.AssessmentId
                join RDS.DimGradeLevels g on f.EntryGradeLevelId = g.DimGradeLevelId
                                join RDS.DimAssessmentSubtests s on ase.AssessmentSubtestId = s.DimAssessmentSubtestId     
                where  ase.AssessmentResultScoreValueScaleScore is not null
                        and da.AssessmentTypeCode = 'GrowthMeasure' 
                        and da.AssessmentAcademicSubjectCode in ('01166', '13373', '00562', '13374')
                                                and s.AssessmentPurpose = 'Assessment of student''s progress'",,,,,,,
8. Are students meeting reading and math benchmarks in grades 3 and 8?,Academic Progress & Completion,E-W System Conditions,PS,Teachers' contributions to student learning growth,"Percentage of instructors demonstrating above average contributions to student learning, as measured by student growth on state standardized tests or other outcomes (for example, using value-added models or student growth percentiles)",VAM for subject specific assessment,Not Found,N/A,,,,,Manual,Not Available,,,Not sure about VAM in CEDS DWH,Not sure about VAM in CEDS DWH,,,,,,,
9. Are teachers and schools making sufficient contributions to academic growth for students?,Academic Progress & Completion,Outcomes & Milestones,K12,Grade point average (MS+HS),Percentage of students in grades 6–8 with a GPA of 3.0 or higher,Student grade level (Grade 6-8),Found,StudentSchoolAssociation.EntryGradeLevel,Found,FactK12Enrollments.EntryGradeId,FactK12Enrollments.EntryGradeId,ALSDE Data Code Manual,Automated,Available,,,"select
	'Number of Students (Grade 1 and 2)' AS DataElementName,
    'RecordCount' AS CharacteristicType,
	CAST(COUNT(*) AS NVARCHAR(MAX)) AS Value,
    NULL AS Remarks
    from
        RDS.FactK12StudentEnrollments f
        join RDS.DimGradeLevels g on f.EntryGradeLevelId = g.DimGradeLevelId
    where
         g.GradeLevelCode in ('01', '02')","select
	'Number of Students (Grade 1 and 2)' AS DataElementName,
    'RecordCount' AS CharacteristicType,
	CAST(COUNT(*) AS NVARCHAR(MAX)) AS Value,
    NULL AS Remarks
    from
        RDS.FactK12StudentEnrollments f
        join RDS.DimGradeLevels g on f.EntryGradeLevelId = g.DimGradeLevelId
    where
         g.GradeLevelCode in ('01', '02')",,,,,,,
9. Are teachers and schools making sufficient contributions to academic growth for students?,Academic Progress & Completion,Outcomes & Milestones,K12,Grade point average (MS+HS),Percentage of students in grades 6–8 with a GPA of 3.0 or higher,Grade point average (Grade 6-8),Found,GradePointAverage.GradePointAverageValue,Not Found,N/A,N/A,Student Data Application Guide,Automated,Available,p. 57,,GPA element missing in CEDS DWH,GPA element missing in CEDS DWH,,,,,,,
9. Are teachers and schools making sufficient contributions to academic growth for students?,Academic Progress & Completion,Outcomes & Milestones,K12,Grade point average (MS+HS),Percentage of students in grades 9–12 with a GPA of 3.0 or higher,Student grade level (Grade 6-8),Found,StudentSchoolAssociation.EntryGradeLevel,Found,FactK12Enrollments.EntryGradeId,FactK12Enrollments.EntryGradeId,ALSDE Data Code Manual,Automated,Available,,,"select
        'Number of Students (Grade 6 to 8)' AS DataElementName,
    'RecordCount' AS CharacteristicType,
        CAST(COUNT(*) AS NVARCHAR(MAX)) AS Value,
    NULL AS Remarks
    from
        RDS.FactK12StudentEnrollments f
        join RDS.DimGradeLevels g on f.EntryGradeLevelId = g.DimGradeLevelId
    where
         g.GradeLevelCode in ('06', '07', '08')","select
        'Number of Students (Grade 6 to 8)' AS DataElementName,
    'RecordCount' AS CharacteristicType,
        CAST(COUNT(*) AS NVARCHAR(MAX)) AS Value,
    NULL AS Remarks
    from
        RDS.FactK12StudentEnrollments f
        join RDS.DimGradeLevels g on f.EntryGradeLevelId = g.DimGradeLevelId
    where
         g.GradeLevelCode in ('06', '07', '08')",,,,,,,
9. Are teachers and schools making sufficient contributions to academic growth for students?,Academic Progress & Completion,Outcomes & Milestones,K12,Grade point average (MS+HS),Percentage of students in grades 9–12 with a GPA of 3.0 or higher,Grade point average (Grade 9-12),Found,GradePointAverage.GradePointAverageValue,Not Found,N/A,N/A,Student Data Application Guide,Automated,Available,p. 57,,GPA element missing in CEDS DWH,GPA element missing in CEDS DWH,,,,,,,
9. Are teachers and schools making sufficient contributions to academic growth for students?,Academic Progress & Completion,Outcomes & Milestones,PS,Grade point average (MS+HS),Percent of college students with a GPA of 3.0 or higher,Grade point average,Not Found,N/A,Not Found,N/A,N/A,Student Data Application Guide,Automated,Available,p. 57,,GPA element missing in CEDS DWH,GPA element missing in CEDS DWH,,,,,,,
9. Are teachers and schools making sufficient contributions to academic growth for students?,Academic Progress & Completion,Outcomes & Milestones,K12,Math and reading proficiency in high school,"Percentage of tested students who meet grade-level standards in reading/English language arts and math, as measured by state standardized tests",Student grade level,Found,StudentSchoolAssociation.EntryGradeLevel,Found,FactK12Enrollments.EntryGradeId,FactK12Enrollments.EntryGradeId,ALSDE Data Code Manual,Automated,Available,,,"select
        'Number of Students (High School)' AS DataElementName,
    'RecordCount' AS CharacteristicType,
        CAST(COUNT(*) AS NVARCHAR(MAX)) AS Value,
    NULL AS Remarks
    from
        RDS.FactK12StudentEnrollments f
        join RDS.DimGradeLevels g on f.EntryGradeLevelId = g.DimGradeLevelId
    where
         g.GradeLevelCode in ('09', '10', '11','12')","select
        'Number of Students (High School)' AS DataElementName,
    'RecordCount' AS CharacteristicType,
        CAST(COUNT(*) AS NVARCHAR(MAX)) AS Value,
    NULL AS Remarks
    from
        RDS.FactK12StudentEnrollments f
        join RDS.DimGradeLevels g on f.EntryGradeLevelId = g.DimGradeLevelId
    where
         g.GradeLevelCode in ('09', '10', '11','12')",,,,,,,
9. Are teachers and schools making sufficient contributions to academic growth for students?,Academic Progress & Completion,Outcomes & Milestones,K12,Math and reading proficiency in high school,"Percentage of tested students who meet grade-level standards in reading/English language arts and math, as measured by state standardized tests",Math proficiency on state standardized test (Grades 9-12),Found,"

Assessment.AssessmentIdentifier, StudentAssessmentPerformanceLevel.PerfomanceLevelDescriptorId
PerformanceLevelDescriptor.DescriptorId",Found,FactK12StudentAssessments.AssessmentId,FactK12StudentAssessments.AssessmentId,Student Data Application Guide,Automated,Available,p. 88,,"select  
        'Students meet Assessment Benchmark in Math (Grade 9-12)' AS DataElementName,
                'RecordCount' AS CharacteristicType,  
                count(1) AS Value,
                NULL AS Remarks
                from rds.FactK12StudentAssessments ase  
                join  RDS.FactK12StudentEnrollments f on f.K12StudentId = ase.K12StudentId
        join RDS.DimAssessments da on da.DimAssessmentId = ase.AssessmentId
                join RDS.DimGradeLevels g on f.EntryGradeLevelId = g.DimGradeLevelId
                                join RDS.DimAssessmentSubtests s on ase.AssessmentSubtestId = s.DimAssessmentSubtestId    
                where  ase.AssessmentResultScoreValueScaleScore is not null
                        and da.AssessmentTypeCode = 'Benchmark' 
                        and da.AssessmentAcademicSubjectCode in ('01166')
                                                and g.gradelevelcode in ('09', '10', '11', '12')
                                                and s.AssessmentLevelForWhichDesigned in ('09', '10', '11', '12')","select  
        'Students meet Assessment Benchmark in Math (Grade 9-12)' AS DataElementName,
                'RecordCount' AS CharacteristicType,  
                count(1) AS Value,
                NULL AS Remarks
                from rds.FactK12StudentAssessments ase  
                join  RDS.FactK12StudentEnrollments f on f.K12StudentId = ase.K12StudentId
        join RDS.DimAssessments da on da.DimAssessmentId = ase.AssessmentId
                join RDS.DimGradeLevels g on f.EntryGradeLevelId = g.DimGradeLevelId
                                join RDS.DimAssessmentSubtests s on ase.AssessmentSubtestId = s.DimAssessmentSubtestId    
                where  ase.AssessmentResultScoreValueScaleScore is not null
                        and da.AssessmentTypeCode = 'Benchmark' 
                        and da.AssessmentAcademicSubjectCode in ('01166')
                                                and g.gradelevelcode in ('09', '10', '11', '12')
                                                and s.AssessmentLevelForWhichDesigned in ('09', '10', '11', '12')",,,,,,,
9. Are teachers and schools making sufficient contributions to academic growth for students?,Academic Progress & Completion,Outcomes & Milestones,K12,Math and reading proficiency in high school,"Percentage of tested students who meet grade-level standards in reading/English language arts and math, as measured by state standardized tests",Reading proficiency on state standardized test (Grades 9-12),Found,"

Assessment.AssessmentIdentifier, StudentAssessmentPerformanceLevel.PerfomanceLevelDescriptorId
PerformanceLevelDescriptor.DescriptorId",Found,FactK12StudentAssessments.AssessmentId,FactK12StudentAssessments.AssessmentId,Student Data Application Guide,Automated,Available,p. 88,,"select  
        'Students meet Assessment Benchmark in Reading (Grade 9-12)' AS DataElementName,
                'RecordCount' AS CharacteristicType,  
                count(1) AS Value,
                NULL AS Remarks
                from rds.FactK12StudentAssessments ase  
                join  RDS.FactK12StudentEnrollments f on f.K12StudentId = ase.K12StudentId
        join RDS.DimAssessments da on da.DimAssessmentId = ase.AssessmentId
                join RDS.DimGradeLevels g on f.EntryGradeLevelId = g.DimGradeLevelId
                join RDS.DimAssessmentSubtests s on ase.AssessmentSubtestId = s.DimAssessmentSubtestId    
                where  ase.AssessmentResultScoreValueScaleScore is not null
                        and da.AssessmentTypeCode = 'Benchmark' 
                        and da.AssessmentAcademicSubjectCode in ('13372', '00560', '13373')
                        and s.AssessmentLevelForWhichDesigned in ('09', '10', '11', '12')","select  
        'Students meet Assessment Benchmark in Reading (Grade 9-12)' AS DataElementName,
                'RecordCount' AS CharacteristicType,  
                count(1) AS Value,
                NULL AS Remarks
                from rds.FactK12StudentAssessments ase  
                join  RDS.FactK12StudentEnrollments f on f.K12StudentId = ase.K12StudentId
        join RDS.DimAssessments da on da.DimAssessmentId = ase.AssessmentId
                join RDS.DimGradeLevels g on f.EntryGradeLevelId = g.DimGradeLevelId
                join RDS.DimAssessmentSubtests s on ase.AssessmentSubtestId = s.DimAssessmentSubtestId    
                where  ase.AssessmentResultScoreValueScaleScore is not null
                        and da.AssessmentTypeCode = 'Benchmark' 
                        and da.AssessmentAcademicSubjectCode in ('13372', '00560', '13373')
                        and s.AssessmentLevelForWhichDesigned in ('09', '10', '11', '12')",,,,,,,
9. Are teachers and schools making sufficient contributions to academic growth for students?,Academic Progress & Completion,Outcomes & Milestones,PS,Gateway course completion,Percentage of first-year college students who complete college-level introductory math and English courses within their first year of college,Postsecondary enrollment date OR first-year indicator,Partial,StudentSchoolAssociation.EntryDate,Not Found,N/A,N/A,ACHE Data Dictionary,Automated,Available,,,Missing element in CEDS DWH: DimPsCourseStatuses.DimPsCourseStatusId not being refernced in any Fact table,Missing element in CEDS DWH: DimPsCourseStatuses.DimPsCourseStatusId not being refernced in any Fact table,,,,,,,
9. Are teachers and schools making sufficient contributions to academic growth for students?,Academic Progress & Completion,Outcomes & Milestones,PS,Gateway course completion,Percentage of first-year college students who complete college-level introductory math and English courses within their first year of college,Course ID  - CIP code,Not Found,N/A,Not Found,N/A,N/A,,Manual,Not Available,"Major/minor field CIP codes are collected, but not for individual courses",,Missing element in CEDS DWH: DimPsCourseStatuses.DimPsCourseStatusId not being refernced in any Fact table,Missing element in CEDS DWH: DimPsCourseStatuses.DimPsCourseStatusId not being refernced in any Fact table,,,,,,,
9. Are teachers and schools making sufficient contributions to academic growth for students?,Academic Progress & Completion,Outcomes & Milestones,PS,Gateway course completion,Percentage of first-year college students who complete college-level introductory math and English courses within their first year of college,Number of credits earned,Not Found,N/A,Not Found,N/A,N/A,ACHE Data Dictionary,Automated,Available,,,Missing element in CEDS DWH: DimPsCourseStatuses.DimPsCourseStatusId not being refernced in any Fact table,Missing element in CEDS DWH: DimPsCourseStatuses.DimPsCourseStatusId not being refernced in any Fact table,,,,,,,
9. Are teachers and schools making sufficient contributions to academic growth for students?,Academic Progress & Completion,Outcomes & Milestones,K12,English learner progress,"Percentage of English learner students who are reclassified in five years or less, based on local reclassification criteria",English learner status,Found,"StudentLanguageInstructionProgramAssociationEnglishLanguageProficiencyAssessment.ProficiencyDescriptor, StudentLanguageInstructionProgramAssociationEnglishLanguageProficiencyAssessment.ParticipationDescriptor",Found,FactK12StudentEnrollments.EnglishLearnerStatusId,FactK12StudentEnrollments.EnglishLearnerStatusId,ALSDE Data Code Manual,Automated,Available,,,"select  
        'Count of English Learner (K-12)' AS DataElementName,
                'RecordCount' AS CharacteristicType,  
                count(1) AS Value,
                NULL AS Remarks
                from   RDS.FactK12StudentEnrollments f 
                 join RDS.DimEnglishLearnerStatuses e
                  on f.EnglishLearnerStatusId = e.DimEnglishLearnerStatusId
                where   e.EnglishLearnerStatusCode = 'Yes'","select  
        'Count of English Learner (K-12)' AS DataElementName,
                'RecordCount' AS CharacteristicType,  
                count(1) AS Value,
                NULL AS Remarks
                from   RDS.FactK12StudentEnrollments f 
                 join RDS.DimEnglishLearnerStatuses e
                  on f.EnglishLearnerStatusId = e.DimEnglishLearnerStatusId
                where   e.EnglishLearnerStatusCode = 'Yes'",,,,,,,
9. Are teachers and schools making sufficient contributions to academic growth for students?,Academic Progress & Completion,Outcomes & Milestones,K12,English learner progress,"Percentage of English learner students who are reclassified in five years or less, based on local reclassification criteria",English learner classification date,Partial,StudentLanguageInstructionProgramAssociationLanguageInstructionProgramService.ServiceBeginDate,Not Found,N/A,N/A,ALSDE Data Code Manual,Automated,Available,,,Not sure about classification date in CEDS DWH,Not sure about classification date in CEDS DWH,,,,,,,
9. Are teachers and schools making sufficient contributions to academic growth for students?,Academic Progress & Completion,Outcomes & Milestones,K12,English learner progress,"Percentage of English learner students who are reclassified in five years or less, based on local reclassification criteria",English learner reclassification date,Not Found,N/A,Not Found,N/A,N/A,ALSDE Data Code Manual,Automated,Available,,,Not sure about reclassification date in CEDS DWH,Not sure about reclassification date in CEDS DWH,,,,,,,
9. Are teachers and schools making sufficient contributions to academic growth for students?,Academic Progress & Completion,Outcomes & Milestones,K12,6th grade on track,"Percentage of students in grade 6 with passing grades in English language arts and math, attendance of 90 percent or higher, and no in- or out-of-school suspensions or expulsions",Student grade level,Found,StudentSchoolAssociation.EntryGradeLevel,Found,FactK12Enrollments.EntryGradeId,FactK12Enrollments.EntryGradeId,ALSDE Data Code Manual,Automated,Available,,,"select
        'Number of Students (Grade 6)' AS DataElementName,
    'RecordCount' AS CharacteristicType,
        CAST(COUNT(*) AS NVARCHAR(MAX)) AS Value,
    NULL AS Remarks
    from
        RDS.FactK12StudentEnrollments f
        join RDS.DimGradeLevels g on f.EntryGradeLevelId = g.DimGradeLevelId
    where
         g.GradeLevelCode in ('06')","select
        'Number of Students (Grade 6)' AS DataElementName,
    'RecordCount' AS CharacteristicType,
        CAST(COUNT(*) AS NVARCHAR(MAX)) AS Value,
    NULL AS Remarks
    from
        RDS.FactK12StudentEnrollments f
        join RDS.DimGradeLevels g on f.EntryGradeLevelId = g.DimGradeLevelId
    where
         g.GradeLevelCode in ('06')",,,,,,,
9. Are teachers and schools making sufficient contributions to academic growth for students?,Academic Progress & Completion,Outcomes & Milestones,K12,6th grade on track,"Percentage of students in grade 6 with passing grades in English language arts and math, attendance of 90 percent or higher, and no in- or out-of-school suspensions or expulsions",Course performance in English (Grade 6),Found,CourseTranscript.CourseAttempResultDescriptor,Not Found,N/A,N/A,Student Data Application Guide,Automated,Available,p. 57,,"Missingelements in CEDS DWH:
Grade Value Qualifier
StudentCourseSectionGradeEarned","Missingelements in CEDS DWH:
Grade Value Qualifier
StudentCourseSectionGradeEarned",,,,,,,
9. Are teachers and schools making sufficient contributions to academic growth for students?,Academic Progress & Completion,Outcomes & Milestones,K12,6th grade on track,"Percentage of students in grade 6 with passing grades in English language arts and math, attendance of 90 percent or higher, and no in- or out-of-school suspensions or expulsions",Course performance in Math (Grade 6),Found,CourseTranscript.CourseAttempResultDescriptor,Not Found,N/A,N/A,Student Data Application Guide,Automated,Available,p. 57,,"Missingelements in CEDS DWH:
Grade Value Qualifier
StudentCourseSectionGradeEarned","Missingelements in CEDS DWH:
Grade Value Qualifier
StudentCourseSectionGradeEarned",,,,,,,
9. Are teachers and schools making sufficient contributions to academic growth for students?,Academic Progress & Completion,Outcomes & Milestones,K12,6th grade on track,"Percentage of students in grade 6 with passing grades in English language arts and math, attendance of 90 percent or higher, and no in- or out-of-school suspensions or expulsions",Student attendance rate (Grade 6),Not Found,N/A,Found,FactK12StudentAttendanceRates.StudentAttendanceRate,FactK12StudentAttendanceRates.StudentAttendanceRate,ALSDE Data Code Manual,Automated,Available,,,"
select
        'Attendance rate (Grade 6)' AS DataElementName,
    'RecordCount' AS CharacteristicType,
        CAST(COUNT(a.StudentAttendanceRate) AS NVARCHAR(MAX)) AS Value,
    NULL AS Remarks
    from
        RDS.FactK12StudentEnrollments f
        join RDS.DimGradeLevels g on f.EntryGradeLevelId = g.DimGradeLevelId
        join RDS.DimSchoolYears y on f.SchoolYearId = y.DimSchoolYearId
        join RDS.DimDates entry_dt on entry_dt.DimDateId = f.EnrollmentEntryDateId
        join RDS.DimDates exit_dt on exit_dt.DimDateId = f.EnrollmentExitDateId
        join RDS.FactK12StudentAttendanceRates a on f.K12StudentId = a.K12StudentId
        and f.SchoolYearId = a.SchoolYearId
                join RDS.FactK12StudentDisciplines d on f.K12StudentId = d.K12StudentId
        and f.SchoolYearId = d.SchoolYearId
        join RDS.DimDates discp_dt on discp_dt.DimDateId = d.DisciplinaryActionStartDateId
    where
        g.GradeLevelCode in ('06') and
        discp_dt.DateValue between entry_dt.DateValue
        and exit_dt.DateValue;","
select
        'Attendance rate (Grade 6)' AS DataElementName,
    'RecordCount' AS CharacteristicType,
        CAST(COUNT(a.StudentAttendanceRate) AS NVARCHAR(MAX)) AS Value,
    NULL AS Remarks
    from
        RDS.FactK12StudentEnrollments f
        join RDS.DimGradeLevels g on f.EntryGradeLevelId = g.DimGradeLevelId
        join RDS.DimSchoolYears y on f.SchoolYearId = y.DimSchoolYearId
        join RDS.DimDates entry_dt on entry_dt.DimDateId = f.EnrollmentEntryDateId
        join RDS.DimDates exit_dt on exit_dt.DimDateId = f.EnrollmentExitDateId
        join RDS.FactK12StudentAttendanceRates a on f.K12StudentId = a.K12StudentId
        and f.SchoolYearId = a.SchoolYearId
                join RDS.FactK12StudentDisciplines d on f.K12StudentId = d.K12StudentId
        and f.SchoolYearId = d.SchoolYearId
        join RDS.DimDates discp_dt on discp_dt.DimDateId = d.DisciplinaryActionStartDateId
    where
        g.GradeLevelCode in ('06') and
        discp_dt.DateValue between entry_dt.DateValue
        and exit_dt.DateValue;",,,,,,,
9. Are teachers and schools making sufficient contributions to academic growth for students?,Academic Progress & Completion,Outcomes & Milestones,K12,6th grade on track,"Percentage of students in grade 6 with passing grades in English language arts and math, attendance of 90 percent or higher, and no in- or out-of-school suspensions or expulsions",Suspension (Grade 6),Found,"DisciplineAction.DisciplineDescriptor, DisciplineAction.Student, StudentEducationOrganizationAssociation.Race, StudentEducationOrganizationAssociation.Sex, StudentEducationOrganizationAssociation.StudentCharacteristic",Found,FactK12StudentDisciplines.DisciplineStatusId,FactK12StudentDisciplines.DisciplineStatusId,ALSDE Data Code Manual,Automated,Available,,,"SELECT
    'Number of Suspensions  (Grades 6)' AS DataElementName,
    'RecordCount' AS CharacteristicType,
    CAST(COUNT(*) AS NVARCHAR(MAX)) AS Value,
    NULL AS Remarks
FROM RDS.FactK12StudentDisciplines fact
JOIN RDS.DimDisciplineStatuses discStat ON fact.DisciplineStatusId = discStat.DimDisciplineStatusId
JOIN RDS.DimGradeLevels g ON fact.GradeLevelId = g.DimGradeLevelId
WHERE g.GradeLevelCode in ('06') and
discStat.DisciplinaryActionTakenCode IN 
        ('03099' -- Suspension after school
        ,'03100' -- Suspension, in-school
        ,'03154' -- Suspension, out-of-school, greater than 10 consecutive days
        ,'03155' -- Suspension, out-of-school, separate days culminating to more than 10 school days
        ,'03101' -- Suspension, out-of-school, with services
        ,'03102' -- Suspension, out-of-school, without services
        )","SELECT
    'Number of Suspensions  (Grades 6)' AS DataElementName,
    'RecordCount' AS CharacteristicType,
    CAST(COUNT(*) AS NVARCHAR(MAX)) AS Value,
    NULL AS Remarks
FROM RDS.FactK12StudentDisciplines fact
JOIN RDS.DimDisciplineStatuses discStat ON fact.DisciplineStatusId = discStat.DimDisciplineStatusId
JOIN RDS.DimGradeLevels g ON fact.GradeLevelId = g.DimGradeLevelId
WHERE g.GradeLevelCode in ('06') and
discStat.DisciplinaryActionTakenCode IN 
        ('03099' -- Suspension after school
        ,'03100' -- Suspension, in-school
        ,'03154' -- Suspension, out-of-school, greater than 10 consecutive days
        ,'03155' -- Suspension, out-of-school, separate days culminating to more than 10 school days
        ,'03101' -- Suspension, out-of-school, with services
        ,'03102' -- Suspension, out-of-school, without services
        )",,,,,,,
9. Are teachers and schools making sufficient contributions to academic growth for students?,Academic Progress & Completion,Outcomes & Milestones,K12,6th grade on track,"Percentage of students in grade 6 with passing grades in English language arts and math, attendance of 90 percent or higher, and no in- or out-of-school suspensions or expulsions",Expulsions (Grade 6),Found,"DisciplineAction.DisciplineDescriptor, DisciplineAction.Student, StudentEducationOrganizationAssociation.Race, StudentEducationOrganizationAssociation.Sex, StudentEducationOrganizationAssociation.StudentCharacteristic",Found,FactK12StudentDisciplines.DisciplineStatusId,FactK12StudentDisciplines.DisciplineStatusId,ALSDE Data Code Manual,Automated,Available,,,"SELECT
    'Number of Expulsions  (Grades 6)' AS DataElementName,
    'RecordCount' AS CharacteristicType,
    CAST(COUNT(*) AS NVARCHAR(MAX)) AS Value,
    NULL AS Remarks
FROM RDS.FactK12StudentDisciplines fact
JOIN RDS.DimDisciplineStatuses discStat ON fact.DisciplineStatusId = discStat.DimDisciplineStatusId
JOIN RDS.DimGradeLevels g ON fact.GradeLevelId = g.DimGradeLevelId
WHERE g.GradeLevelCode in ('06') and
discStat.DisciplinaryActionTakenCode IN 
        ('03086' -- Expulsion with services
        ,'03087' -- Expulsion without services
        )","SELECT
    'Number of Expulsions  (Grades 6)' AS DataElementName,
    'RecordCount' AS CharacteristicType,
    CAST(COUNT(*) AS NVARCHAR(MAX)) AS Value,
    NULL AS Remarks
FROM RDS.FactK12StudentDisciplines fact
JOIN RDS.DimDisciplineStatuses discStat ON fact.DisciplineStatusId = discStat.DimDisciplineStatusId
JOIN RDS.DimGradeLevels g ON fact.GradeLevelId = g.DimGradeLevelId
WHERE g.GradeLevelCode in ('06') and
discStat.DisciplinaryActionTakenCode IN 
        ('03086' -- Expulsion with services
        ,'03087' -- Expulsion without services
        )",,,,,,,
9. Are teachers and schools making sufficient contributions to academic growth for students?,Academic Progress & Completion,Outcomes & Milestones,K12,8th grade on track,"Percentage of students in grade 8 with a GPA of 2.5 or higher, no Ds or Fs in English language arts or math, attendance of 96 percent or higher, and no in- or out-of-school suspensions or expulsions.",Student grade level,Found,StudentSchoolAssociation.EntryGradeLevel,Found,FactK12Enrollments.EntryGradeId,FactK12Enrollments.EntryGradeId,ALSDE Data Code Manual,Automated,Available,,,"select
        'Number of Students' AS DataElementName,
    'RecordCount' AS CharacteristicType,
        CAST(COUNT(*) AS NVARCHAR(MAX)) AS Value,
    NULL AS Remarks
    from
        RDS.FactK12StudentEnrollments f
        join RDS.DimGradeLevels g on f.EntryGradeLevelId = g.DimGradeLevelId
    where
         g.GradeLevelCode in ('08')","select
        'Number of Students' AS DataElementName,
    'RecordCount' AS CharacteristicType,
        CAST(COUNT(*) AS NVARCHAR(MAX)) AS Value,
    NULL AS Remarks
    from
        RDS.FactK12StudentEnrollments f
        join RDS.DimGradeLevels g on f.EntryGradeLevelId = g.DimGradeLevelId
    where
         g.GradeLevelCode in ('08')",,,,,,,
9. Are teachers and schools making sufficient contributions to academic growth for students?,Academic Progress & Completion,Outcomes & Milestones,K12,8th grade on track,"Percentage of students in grade 8 with a GPA of 2.5 or higher, no Ds or Fs in English language arts or math, attendance of 96 percent or higher, and no in- or out-of-school suspensions or expulsions.",GPA (Grade 8),Found,GradePointAverage.GradePointAverageValue,,,,Student Data Application Guide,Automated,Available,p. 57,,"Missingelements in CEDS DWH:
Grade Value Qualifier
StudentCourseSectionGradeEarned","Missingelements in CEDS DWH:
Grade Value Qualifier
StudentCourseSectionGradeEarned",,,,,,,
9. Are teachers and schools making sufficient contributions to academic growth for students?,Academic Progress & Completion,Outcomes & Milestones,K12,8th grade on track,"Percentage of students in grade 8 with a GPA of 2.5 or higher, no Ds or Fs in English language arts or math, attendance of 96 percent or higher, and no in- or out-of-school suspensions or expulsions.",Course performance in English (Grade 8),Found,"CourseTranscript.CourseAttempResultDescriptor, CourseTranscript.StudentAcademicRecord.FinalNumericGradeEarned, CourseTranscript.StudentAcademicRecord.FinalLetterGradeEarned",,,,Student Data Application Guide,Automated,Available,p. 57,,"Missingelements in CEDS DWH:
Grade Value Qualifier
StudentCourseSectionGradeEarned","Missingelements in CEDS DWH:
Grade Value Qualifier
StudentCourseSectionGradeEarned",,,,,,,
9. Are teachers and schools making sufficient contributions to academic growth for students?,Academic Progress & Completion,Outcomes & Milestones,K12,8th grade on track,"Percentage of students in grade 8 with a GPA of 2.5 or higher, no Ds or Fs in English language arts or math, attendance of 96 percent or higher, and no in- or out-of-school suspensions or expulsions.",Course performance in Math (Grade 8),Found,"CourseTranscript.CourseAttempResultDescriptor, CourseTranscript.StudentAcademicRecord.FinalNumericGradeEarned, CourseTranscript.StudentAcademicRecord.FinalLetterGradeEarned",,,,Student Data Application Guide,Automated,Available,p. 57,,"Missingelements in CEDS DWH:
Grade Value Qualifier
StudentCourseSectionGradeEarned","Missingelements in CEDS DWH:
Grade Value Qualifier
StudentCourseSectionGradeEarned",,,,,,,
9. Are teachers and schools making sufficient contributions to academic growth for students?,Academic Progress & Completion,Outcomes & Milestones,K12,8th grade on track,"Percentage of students in grade 8 with a GPA of 2.5 or higher, no Ds or Fs in English language arts or math, attendance of 96 percent or higher, and no in- or out-of-school suspensions or expulsions.",Student attendance rate (Grade 8),Not Found,N/A,Found,FactK12StudentAttendanceRates.StudentAttendanceRate,FactK12StudentAttendanceRates.StudentAttendanceRate,ALSDE Data Code Manual,Automated,Available,,,"
select
        'Attendance rate (Grade 8)' AS DataElementName,
    'RecordCount' AS CharacteristicType,
        CAST(COUNT(a.StudentAttendanceRate) AS NVARCHAR(MAX)) AS Value,
    NULL AS Remarks
    from
        RDS.FactK12StudentEnrollments f
        join RDS.DimGradeLevels g on f.EntryGradeLevelId = g.DimGradeLevelId
        join RDS.DimSchoolYears y on f.SchoolYearId = y.DimSchoolYearId
        join RDS.DimDates entry_dt on entry_dt.DimDateId = f.EnrollmentEntryDateId
        join RDS.DimDates exit_dt on exit_dt.DimDateId = f.EnrollmentExitDateId
        join RDS.FactK12StudentAttendanceRates a on f.K12StudentId = a.K12StudentId
        and f.SchoolYearId = a.SchoolYearId
                join RDS.FactK12StudentDisciplines d on f.K12StudentId = d.K12StudentId
        and f.SchoolYearId = d.SchoolYearId
        join RDS.DimDates discp_dt on discp_dt.DimDateId = d.DisciplinaryActionStartDateId
    where
        g.GradeLevelCode in ('08') and
        discp_dt.DateValue between entry_dt.DateValue
        and exit_dt.DateValue;","
select
        'Attendance rate (Grade 8)' AS DataElementName,
    'RecordCount' AS CharacteristicType,
        CAST(COUNT(a.StudentAttendanceRate) AS NVARCHAR(MAX)) AS Value,
    NULL AS Remarks
    from
        RDS.FactK12StudentEnrollments f
        join RDS.DimGradeLevels g on f.EntryGradeLevelId = g.DimGradeLevelId
        join RDS.DimSchoolYears y on f.SchoolYearId = y.DimSchoolYearId
        join RDS.DimDates entry_dt on entry_dt.DimDateId = f.EnrollmentEntryDateId
        join RDS.DimDates exit_dt on exit_dt.DimDateId = f.EnrollmentExitDateId
        join RDS.FactK12StudentAttendanceRates a on f.K12StudentId = a.K12StudentId
        and f.SchoolYearId = a.SchoolYearId
                join RDS.FactK12StudentDisciplines d on f.K12StudentId = d.K12StudentId
        and f.SchoolYearId = d.SchoolYearId
        join RDS.DimDates discp_dt on discp_dt.DimDateId = d.DisciplinaryActionStartDateId
    where
        g.GradeLevelCode in ('08') and
        discp_dt.DateValue between entry_dt.DateValue
        and exit_dt.DateValue;",,,,,,,
9. Are teachers and schools making sufficient contributions to academic growth for students?,Academic Progress & Completion,Outcomes & Milestones,K12,8th grade on track,"Percentage of students in grade 8 with a GPA of 2.5 or higher, no Ds or Fs in English language arts or math, attendance of 96 percent or higher, and no in- or out-of-school suspensions or expulsions.",Suspension (Grade 8),Found,DisciplineAction.DisciplineDescriptor,Found,FactK12StudentDisciplines.DisciplineStatusId,FactK12StudentDisciplines.DisciplineStatusId,ALSDE Data Code Manual,Automated,Available,,,"SELECT
    'Number of Suspensions  (Grades 8)' AS DataElementName,
    'RecordCount' AS CharacteristicType,
    CAST(COUNT(*) AS NVARCHAR(MAX)) AS Value,
    NULL AS Remarks
FROM RDS.FactK12StudentDisciplines fact
JOIN RDS.DimDisciplineStatuses discStat ON fact.DisciplineStatusId = discStat.DimDisciplineStatusId
JOIN RDS.DimGradeLevels gradeLevel ON fact.GradeLevelId = gradeLevel.DimGradeLevelId
WHERE g.GradeLevelCode in ('08') and
discStat.DisciplinaryActionTakenCode IN 
        ('03099' -- Suspension after school
        ,'03100' -- Suspension, in-school
        ,'03154' -- Suspension, out-of-school, greater than 10 consecutive days
        ,'03155' -- Suspension, out-of-school, separate days culminating to more than 10 school days
        ,'03101' -- Suspension, out-of-school, with services
        ,'03102' -- Suspension, out-of-school, without services
        )","SELECT
    'Number of Suspensions  (Grades 8)' AS DataElementName,
    'RecordCount' AS CharacteristicType,
    CAST(COUNT(*) AS NVARCHAR(MAX)) AS Value,
    NULL AS Remarks
FROM RDS.FactK12StudentDisciplines fact
JOIN RDS.DimDisciplineStatuses discStat ON fact.DisciplineStatusId = discStat.DimDisciplineStatusId
JOIN RDS.DimGradeLevels gradeLevel ON fact.GradeLevelId = gradeLevel.DimGradeLevelId
WHERE g.GradeLevelCode in ('08') and
discStat.DisciplinaryActionTakenCode IN 
        ('03099' -- Suspension after school
        ,'03100' -- Suspension, in-school
        ,'03154' -- Suspension, out-of-school, greater than 10 consecutive days
        ,'03155' -- Suspension, out-of-school, separate days culminating to more than 10 school days
        ,'03101' -- Suspension, out-of-school, with services
        ,'03102' -- Suspension, out-of-school, without services
        )",,,,,,,
9. Are teachers and schools making sufficient contributions to academic growth for students?,Academic Progress & Completion,Outcomes & Milestones,K12,8th grade on track,"Percentage of students in grade 8 with a GPA of 2.5 or higher, no Ds or Fs in English language arts or math, attendance of 96 percent or higher, and no in- or out-of-school suspensions or expulsions.",Expulsions (Grade 8),Found,DisciplineAction.DisciplineDescriptor,Found,FactK12StudentDisciplines.DisciplineStatusId,FactK12StudentDisciplines.DisciplineStatusId,ALSDE Data Code Manual,Automated,Available,,,"SELECT
    'Number of Expulsions' AS DataElementName,
    'RecordCount' AS CharacteristicType,
    CAST(COUNT(*) AS NVARCHAR(MAX)) AS Value,
    NULL AS Remarks
FROM RDS.FactK12StudentDisciplines fact
JOIN RDS.DimDisciplineStatuses discStat ON fact.DisciplineStatusId = discStat.DimDisciplineStatusId
JOIN RDS.DimGradeLevels gradeLevel ON fact.GradeLevelId = gradeLevel.DimGradeLevelId
WHERE g.GradeLevelCode in ('08') and
discStat.DisciplinaryActionTakenCode IN 
        ('03086' -- Expulsion with services
        ,'03087' -- Expulsion without services
        )","SELECT
    'Number of Expulsions' AS DataElementName,
    'RecordCount' AS CharacteristicType,
    CAST(COUNT(*) AS NVARCHAR(MAX)) AS Value,
    NULL AS Remarks
FROM RDS.FactK12StudentDisciplines fact
JOIN RDS.DimDisciplineStatuses discStat ON fact.DisciplineStatusId = discStat.DimDisciplineStatusId
JOIN RDS.DimGradeLevels gradeLevel ON fact.GradeLevelId = gradeLevel.DimGradeLevelId
WHERE g.GradeLevelCode in ('08') and
discStat.DisciplinaryActionTakenCode IN 
        ('03086' -- Expulsion with services
        ,'03087' -- Expulsion without services
        )",,,,,,,
9. Are teachers and schools making sufficient contributions to academic growth for students?,Academic Progress & Completion,Outcomes & Milestones,K12,9th grade on track,"Percentage of grade 9 students with attendance of 96 percent or higher, no more than one in- or out-of-school suspensions, and no more than one semester course failure in any subject",Student grade level,Found,StudentSchoolAssociation.EntryGradeLevel,Found,FactK12Enrollments.EntryGradeId,FactK12Enrollments.EntryGradeId,ALSDE Data Code Manual,Automated,Available,,,"select
        'Number of Students (Grade 9)' AS DataElementName,
    'RecordCount' AS CharacteristicType,
        CAST(COUNT(*) AS NVARCHAR(MAX)) AS Value,
    NULL AS Remarks
    from
        RDS.FactK12StudentEnrollments f
        join RDS.DimGradeLevels g on f.EntryGradeLevelId = g.DimGradeLevelId
    where
         g.GradeLevelCode in ('09')","select
        'Number of Students (Grade 9)' AS DataElementName,
    'RecordCount' AS CharacteristicType,
        CAST(COUNT(*) AS NVARCHAR(MAX)) AS Value,
    NULL AS Remarks
    from
        RDS.FactK12StudentEnrollments f
        join RDS.DimGradeLevels g on f.EntryGradeLevelId = g.DimGradeLevelId
    where
         g.GradeLevelCode in ('09')",,,,,,,
9. Are teachers and schools making sufficient contributions to academic growth for students?,Academic Progress & Completion,Outcomes & Milestones,K12,9th grade on track,"Percentage of grade 9 students with attendance of 96 percent or higher, no more than one in- or out-of-school suspensions, and no more than one semester course failure in any subject",Student attendance rate (Grade 9),Not Found,N/A,Found,FactK12StudentAttendanceRates.StudentAttendanceRate,FactK12StudentAttendanceRates.StudentAttendanceRate,ALSDE Data Code Manual,Automated,Available,,,"
        select
        'Attendance rate  (Grade 9)' AS DataElementName,
    'RecordCount' AS CharacteristicType,
        CAST(COUNT(a.StudentAttendanceRate) AS NVARCHAR(MAX)) AS Value,
    NULL AS Remarks
    from
        RDS.FactK12StudentEnrollments f
        join RDS.DimGradeLevels g on f.EntryGradeLevelId = g.DimGradeLevelId
        join RDS.DimSchoolYears y on f.SchoolYearId = y.DimSchoolYearId
        join RDS.DimDates entry_dt on entry_dt.DimDateId = f.EnrollmentEntryDateId
        join RDS.DimDates exit_dt on exit_dt.DimDateId = f.EnrollmentExitDateId
        join RDS.FactK12StudentAttendanceRates a on f.K12StudentId = a.K12StudentId
        and f.SchoolYearId = a.SchoolYearId
                join RDS.FactK12StudentDisciplines d on f.K12StudentId = d.K12StudentId
        and f.SchoolYearId = d.SchoolYearId
        join RDS.DimDates discp_dt on discp_dt.DimDateId = d.DisciplinaryActionStartDateId
    where
        g.GradeLevelCode in ('09') and
        discp_dt.DateValue between entry_dt.DateValue
        and exit_dt.DateValue;","
        select
        'Attendance rate  (Grade 9)' AS DataElementName,
    'RecordCount' AS CharacteristicType,
        CAST(COUNT(a.StudentAttendanceRate) AS NVARCHAR(MAX)) AS Value,
    NULL AS Remarks
    from
        RDS.FactK12StudentEnrollments f
        join RDS.DimGradeLevels g on f.EntryGradeLevelId = g.DimGradeLevelId
        join RDS.DimSchoolYears y on f.SchoolYearId = y.DimSchoolYearId
        join RDS.DimDates entry_dt on entry_dt.DimDateId = f.EnrollmentEntryDateId
        join RDS.DimDates exit_dt on exit_dt.DimDateId = f.EnrollmentExitDateId
        join RDS.FactK12StudentAttendanceRates a on f.K12StudentId = a.K12StudentId
        and f.SchoolYearId = a.SchoolYearId
                join RDS.FactK12StudentDisciplines d on f.K12StudentId = d.K12StudentId
        and f.SchoolYearId = d.SchoolYearId
        join RDS.DimDates discp_dt on discp_dt.DimDateId = d.DisciplinaryActionStartDateId
    where
        g.GradeLevelCode in ('09') and
        discp_dt.DateValue between entry_dt.DateValue
        and exit_dt.DateValue;",,,,,,,
9. Are teachers and schools making sufficient contributions to academic growth for students?,Academic Progress & Completion,Outcomes & Milestones,K12,9th grade on track,"Percentage of grade 9 students with attendance of 96 percent or higher, no more than one in- or out-of-school suspensions, and no more than one semester course failure in any subject",Suspension (Grade 9),Found,"DisciplineAction.DisciplineDescriptor, DisciplineAction.Student, StudentEducationOrganizationAssociation.Race, StudentEducationOrganizationAssociation.Sex, StudentEducationOrganizationAssociation.StudentCharacteristic",Found,FactK12StudentDisciplines.DisciplineStatusId,FactK12StudentDisciplines.DisciplineStatusId,ALSDE Data Code Manual,Automated,Available,,,"Missingelements in CEDS DWH:
Grade Value Qualifier
StudentCourseSectionGradeEarned","Missingelements in CEDS DWH:
Grade Value Qualifier
StudentCourseSectionGradeEarned",,,,,,,
9. Are teachers and schools making sufficient contributions to academic growth for students?,Academic Progress & Completion,Outcomes & Milestones,K12,9th grade on track,"Percentage of grade 9 students with attendance of 96 percent or higher, no more than one in- or out-of-school suspensions, and no more than one semester course failure in any subject",Course passage or completion (Grade 9),Found,CourseTranscript.CourseAttempResultDescriptor,,,,Student Data Application Guide,Automated,Available,p. 57,,"Missingelements in CEDS DWH:
Grade Value Qualifier
StudentCourseSectionGradeEarned","Missingelements in CEDS DWH:
Grade Value Qualifier
StudentCourseSectionGradeEarned",,,,,,,
9. Are teachers and schools making sufficient contributions to academic growth for students?,Academic Progress & Completion,Outcomes & Milestones,K12,9th grade on track,"Percentage of grade 9 students with attendance of 96 percent or higher, no more than one in- or out-of-school suspensions, and no more than one semester course failure in any subject",Course failure (Grade 9),Found,CourseTranscript.CourseAttempResultDescriptor,,,,Student Data Application Guide,Automated,Available,p. 57,,"Missingelements in CEDS DWH:
Grade Value Qualifier
StudentCourseSectionGradeEarned","Missingelements in CEDS DWH:
Grade Value Qualifier
StudentCourseSectionGradeEarned",,,,,,,
9. Are teachers and schools making sufficient contributions to academic growth for students?,Academic Progress & Completion,Outcomes & Milestones,K12,Early grades on track,"Percentage of students in grades 1 and 2 meeting grade-level math and reading benchmarks, with an attendance rate of 90 percent or higher, and no in- or out-of-school suspensions",Student grade level,Found,StudentSchoolAssociation.EntryGradeLevel,Found,FactK12Enrollments.EntryGradeId,FactK12Enrollments.EntryGradeId,ALSDE Data Code Manual,Automated,Available,,,"select
	'Number of Students (Grade 1 and 2)' AS DataElementName,
    'RecordCount' AS CharacteristicType,
	CAST(COUNT(*) AS NVARCHAR(MAX)) AS Value,
    NULL AS Remarks
    from
        RDS.FactK12StudentEnrollments f
        join RDS.DimGradeLevels g on f.EntryGradeLevelId = g.DimGradeLevelId
    where
         g.GradeLevelCode in ('01', '02')","select
	'Number of Students (Grade 1 and 2)' AS DataElementName,
    'RecordCount' AS CharacteristicType,
	CAST(COUNT(*) AS NVARCHAR(MAX)) AS Value,
    NULL AS Remarks
    from
        RDS.FactK12StudentEnrollments f
        join RDS.DimGradeLevels g on f.EntryGradeLevelId = g.DimGradeLevelId
    where
         g.GradeLevelCode in ('01', '02')",,,,,,,
9. Are teachers and schools making sufficient contributions to academic growth for students?,Academic Progress & Completion,Outcomes & Milestones,K12,Early grades on track,"Percentage of students in grades 1 and 2 meeting grade-level math and reading benchmarks, with an attendance rate of 90 percent or higher, and no in- or out-of-school suspensions",Math proficiency (or math assessment score) (Grades 1 & 2),Found,"

Assessment.AssessmentIdentifier, StudentAssessmentPerformanceLevel.PerfomanceLevelDescriptorId
PerformanceLevelDescriptor.DescriptorId",Found,FactK12StudentAssessments.AssessmentId,FactK12StudentAssessments.AssessmentId,Student Data Application Guide,Automated,Available,p. 88,,"select  
        'Students meet Assessment Benchmark (K-12)' AS DataElementName,
                'RecordCount' AS CharacteristicType,  
                count(1) AS Value,
                NULL AS Remarks
                from rds.FactK12StudentAssessments ase  
                join  RDS.FactK12StudentEnrollments f on f.K12StudentId = ase.K12StudentId
        join RDS.DimAssessments da on da.DimAssessmentId = ase.AssessmentId
                join RDS.DimGradeLevels g on f.EntryGradeLevelId = g.DimGradeLevelId
                where  ase.AssessmentResultScoreValueScaleScore is not null
                        and da.AssessmentTypeCode = 'Benchmark' 
                        and da.AssessmentAcademicSubjectCode in ('01166')","select  
        'Students meet Assessment Benchmark (K-12)' AS DataElementName,
                'RecordCount' AS CharacteristicType,  
                count(1) AS Value,
                NULL AS Remarks
                from rds.FactK12StudentAssessments ase  
                join  RDS.FactK12StudentEnrollments f on f.K12StudentId = ase.K12StudentId
        join RDS.DimAssessments da on da.DimAssessmentId = ase.AssessmentId
                join RDS.DimGradeLevels g on f.EntryGradeLevelId = g.DimGradeLevelId
                where  ase.AssessmentResultScoreValueScaleScore is not null
                        and da.AssessmentTypeCode = 'Benchmark' 
                        and da.AssessmentAcademicSubjectCode in ('01166')",,,,,,,
9. Are teachers and schools making sufficient contributions to academic growth for students?,Academic Progress & Completion,Outcomes & Milestones,K12,Early grades on track,"Percentage of students in grades 1 and 2 meeting grade-level math and reading benchmarks, with an attendance rate of 90 percent or higher, and no in- or out-of-school suspensions",Reading proficiency (or reading assessment score) (Grades 1 & 2),Found,"

Assessment.AssessmentIdentifier, StudentAssessmentPerformanceLevel.PerfomanceLevelDescriptorId
PerformanceLevelDescriptor.DescriptorId",Found,FactK12StudentAssessments.AssessmentId,FactK12StudentAssessments.AssessmentId,Student Data Application Guide,Automated,Available,p. 88,,"select  
        'Students meet Assessment Benchmark (K-12)' AS DataElementName,
                'RecordCount' AS CharacteristicType,  
                count(1) AS Value,
                NULL AS Remarks
                from rds.FactK12StudentAssessments ase  
                join  RDS.FactK12StudentEnrollments f on f.K12StudentId = ase.K12StudentId
        join RDS.DimAssessments da on da.DimAssessmentId = ase.AssessmentId
                join RDS.DimGradeLevels g on f.EntryGradeLevelId = g.DimGradeLevelId
                where  ase.AssessmentResultScoreValueScaleScore is not null
                        and da.AssessmentTypeCode = 'Benchmark' 
                        and da.AssessmentAcademicSubjectCode in ('00560')","select  
        'Students meet Assessment Benchmark (K-12)' AS DataElementName,
                'RecordCount' AS CharacteristicType,  
                count(1) AS Value,
                NULL AS Remarks
                from rds.FactK12StudentAssessments ase  
                join  RDS.FactK12StudentEnrollments f on f.K12StudentId = ase.K12StudentId
        join RDS.DimAssessments da on da.DimAssessmentId = ase.AssessmentId
                join RDS.DimGradeLevels g on f.EntryGradeLevelId = g.DimGradeLevelId
                where  ase.AssessmentResultScoreValueScaleScore is not null
                        and da.AssessmentTypeCode = 'Benchmark' 
                        and da.AssessmentAcademicSubjectCode in ('00560')",,,,,,,
9. Are teachers and schools making sufficient contributions to academic growth for students?,Academic Progress & Completion,Outcomes & Milestones,K12,Early grades on track,"Percentage of students in grades 1 and 2 meeting grade-level math and reading benchmarks, with an attendance rate of 90 percent or higher, and no in- or out-of-school suspensions",Student attendance rate (Grades 1 & 2),Not Found,N/A,Found,FactK12StudentAttendanceRates.StudentAttendanceRate,FactK12StudentAttendanceRates.StudentAttendanceRate,ALSDE Data Code Manual,Automated,Available,,,"
        select
        'Attendance rate  (K-12)' AS DataElementName,
    'RecordCount' AS CharacteristicType,
        CAST(COUNT(a.StudentAttendanceRate) AS NVARCHAR(MAX)) AS Value,
    NULL AS Remarks
    from
        RDS.FactK12StudentEnrollments f
        join RDS.DimGradeLevels g on f.EntryGradeLevelId = g.DimGradeLevelId
        join RDS.DimSchoolYears y on f.SchoolYearId = y.DimSchoolYearId
        join RDS.DimDates entry_dt on entry_dt.DimDateId = f.EnrollmentEntryDateId
        join RDS.DimDates exit_dt on exit_dt.DimDateId = f.EnrollmentExitDateId
        join RDS.FactK12StudentAttendanceRates a on f.K12StudentId = a.K12StudentId
        and f.SchoolYearId = a.SchoolYearId
                join RDS.FactK12StudentDisciplines d on f.K12StudentId = d.K12StudentId
        and f.SchoolYearId = d.SchoolYearId
        join RDS.DimDates discp_dt on discp_dt.DimDateId = d.DisciplinaryActionStartDateId
    where
        discp_dt.DateValue between entry_dt.DateValue
        and exit_dt.DateValue;","
        select
        'Attendance rate  (K-12)' AS DataElementName,
    'RecordCount' AS CharacteristicType,
        CAST(COUNT(a.StudentAttendanceRate) AS NVARCHAR(MAX)) AS Value,
    NULL AS Remarks
    from
        RDS.FactK12StudentEnrollments f
        join RDS.DimGradeLevels g on f.EntryGradeLevelId = g.DimGradeLevelId
        join RDS.DimSchoolYears y on f.SchoolYearId = y.DimSchoolYearId
        join RDS.DimDates entry_dt on entry_dt.DimDateId = f.EnrollmentEntryDateId
        join RDS.DimDates exit_dt on exit_dt.DimDateId = f.EnrollmentExitDateId
        join RDS.FactK12StudentAttendanceRates a on f.K12StudentId = a.K12StudentId
        and f.SchoolYearId = a.SchoolYearId
                join RDS.FactK12StudentDisciplines d on f.K12StudentId = d.K12StudentId
        and f.SchoolYearId = d.SchoolYearId
        join RDS.DimDates discp_dt on discp_dt.DimDateId = d.DisciplinaryActionStartDateId
    where
        discp_dt.DateValue between entry_dt.DateValue
        and exit_dt.DateValue;",,,,,,,
9. Are teachers and schools making sufficient contributions to academic growth for students?,Academic Progress & Completion,Outcomes & Milestones,K12,Early grades on track,"Percentage of students in grades 1 and 2 meeting grade-level math and reading benchmarks, with an attendance rate of 90 percent or higher, and no in- or out-of-school suspensions",In school suspension (Grades 1 & 2),Found,DisciplineAction.DisciplineDescriptor,Found,FactK12StudentDisciplines.DisciplineStatusId,FactK12StudentDisciplines.DisciplineStatusId,ALSDE Data Code Manual,Automated,Available,,,"SELECT
    'In School Suspensions (Grades 1 and 2)' AS DataElementName,
    'RecordCount' AS CharacteristicType,
    CAST(COUNT(*) AS NVARCHAR(MAX)) AS Value,
    NULL AS Remarks
FROM RDS.FactK12StudentDisciplines fact
JOIN RDS.DimDisciplineStatuses discStat ON fact.DisciplineStatusId = discStat.DimDisciplineStatusId
WHERE discStat.DisciplinaryActionTakenCode IN 
('03100' -- Suspension, in-school
)","SELECT
    'In School Suspensions (Grades 1 and 2)' AS DataElementName,
    'RecordCount' AS CharacteristicType,
    CAST(COUNT(*) AS NVARCHAR(MAX)) AS Value,
    NULL AS Remarks
FROM RDS.FactK12StudentDisciplines fact
JOIN RDS.DimDisciplineStatuses discStat ON fact.DisciplineStatusId = discStat.DimDisciplineStatusId
WHERE discStat.DisciplinaryActionTakenCode IN 
('03100' -- Suspension, in-school
)",,,,,,,
9. Are teachers and schools making sufficient contributions to academic growth for students?,Academic Progress & Completion,Outcomes & Milestones,K12,Early grades on track,"Percentage of students in grades 1 and 2 meeting grade-level math and reading benchmarks, with an attendance rate of 90 percent or higher, and no in- or out-of-school suspensions",Out of school suspension (Grades 1 & 2),Found,DisciplineAction.DisciplineDescriptor,Found,FactK12StudentDisciplines.DisciplineStatusId,FactK12StudentDisciplines.DisciplineStatusId,ALSDE Data Code Manual,Automated,Available,,,"SELECT
    'Out of School Suspensions (Grades 1 and 2)' AS DataElementName,
    'RecordCount' AS CharacteristicType,
    CAST(COUNT(*) AS NVARCHAR(MAX)) AS Value,
    NULL AS Remarks
FROM RDS.FactK12StudentDisciplines fact
JOIN RDS.DimDisciplineStatuses discStat ON fact.DisciplineStatusId = discStat.DimDisciplineStatusId
WHERE discStat.DisciplinaryActionTakenCode IN 
        ('03154' -- Suspension, out-of-school, greater than 10 consecutive days
        ,'03155' -- Suspension, out-of-school, separate days culminating to more than 10 school days
        ,'03101' -- Suspension, out-of-school, with services
        ,'03102' -- Suspension, out-of-school, without services
                )","SELECT
    'Out of School Suspensions (Grades 1 and 2)' AS DataElementName,
    'RecordCount' AS CharacteristicType,
    CAST(COUNT(*) AS NVARCHAR(MAX)) AS Value,
    NULL AS Remarks
FROM RDS.FactK12StudentDisciplines fact
JOIN RDS.DimDisciplineStatuses discStat ON fact.DisciplineStatusId = discStat.DimDisciplineStatusId
WHERE discStat.DisciplinaryActionTakenCode IN 
        ('03154' -- Suspension, out-of-school, greater than 10 consecutive days
        ,'03155' -- Suspension, out-of-school, separate days culminating to more than 10 school days
        ,'03101' -- Suspension, out-of-school, with services
        ,'03102' -- Suspension, out-of-school, without services
                )",,,,,,,
9. Are teachers and schools making sufficient contributions to academic growth for students?,Academic Progress & Completion,E-W System Conditions,K12,Institutions' contributions to student outcomes,"Schools’ contributions to student outcomes, including achievement, attendance, social-emotional learning, college enrollment, and earnings, using value-added models",School value-added,Not Found,N/A,Not Found,N/A,N/A,,Manual,Not Available,,,Not available,Not available,,,,,,,
9. Are teachers and schools making sufficient contributions to academic growth for students?,Academic Progress & Completion,E-W System Conditions,PS,Institutions' contributions to student outcomes,"Colleges’ contributions to student outcomes, including graduation rates, earnings, and student loan repayment, using value-added models",College value-added,Not Found,N/A,Not Found,N/A,N/A,,Manual,Not Available,,,Not available,Not available,,,,,,,
9. Are teachers and schools making sufficient contributions to academic growth for students?,Academic Progress & Completion,Outcomes & Milestones,K12,Math and reading proficiency in grade 3,Percentage of students in grade 3 who meet grade-level standards in reading/English language arts and math as measured by state standardized tests,Student grade level,Found,StudentSchoolAssociation.EntryGradeLevel,Found,FactK12Enrollments.EntryGradeId,FactK12Enrollments.EntryGradeId,ALSDE Data Code Manual,Automated,Available,,,"select
        'Number of Students (Grade 3)' AS DataElementName,
    'RecordCount' AS CharacteristicType,
        CAST(COUNT(*) AS NVARCHAR(MAX)) AS Value,
    NULL AS Remarks
    from
        RDS.FactK12StudentEnrollments f
        join RDS.DimGradeLevels g on f.EntryGradeLevelId = g.DimGradeLevelId
    where
         g.GradeLevelCode in ('03')","select
        'Number of Students (Grade 3)' AS DataElementName,
    'RecordCount' AS CharacteristicType,
        CAST(COUNT(*) AS NVARCHAR(MAX)) AS Value,
    NULL AS Remarks
    from
        RDS.FactK12StudentEnrollments f
        join RDS.DimGradeLevels g on f.EntryGradeLevelId = g.DimGradeLevelId
    where
         g.GradeLevelCode in ('03')",,,,,,,
9. Are teachers and schools making sufficient contributions to academic growth for students?,Academic Progress & Completion,Outcomes & Milestones,K12,Math and reading proficiency in grade 3,Percentage of students in grade 3 who meet grade-level standards in reading/English language arts and math as measured by state standardized tests,Math proficiency on state standardized test (Grade 3),Found,"

Assessment.AssessmentIdentifier, StudentAssessmentPerformanceLevel.PerfomanceLevelDescriptorId
PerformanceLevelDescriptor.DescriptorId",Found,FactK12StudentAssessments.AssessmentId,FactK12StudentAssessments.AssessmentId,Student Data Application Guide,Automated,Available,p. 88,,"select  
        'Students meet Assessment Benchmark in Reading (Grade 3)' AS DataElementName,
                'RecordCount' AS CharacteristicType,  
                count(1) AS Value,
                NULL AS Remarks
                from rds.FactK12StudentAssessments ase  
                join  RDS.FactK12StudentEnrollments f on f.K12StudentId = ase.K12StudentId
        join RDS.DimAssessments da on da.DimAssessmentId = ase.AssessmentId
                join RDS.DimGradeLevels g on f.EntryGradeLevelId = g.DimGradeLevelId
                where  ase.AssessmentResultScoreValueScaleScore is not null
                        and da.AssessmentTypeCode = 'Benchmark' 
                        and da.AssessmentAcademicSubjectCode in ('01166')
                                                and g.gradelevelcode in ('03')","select  
        'Students meet Assessment Benchmark in Reading (Grade 3)' AS DataElementName,
                'RecordCount' AS CharacteristicType,  
                count(1) AS Value,
                NULL AS Remarks
                from rds.FactK12StudentAssessments ase  
                join  RDS.FactK12StudentEnrollments f on f.K12StudentId = ase.K12StudentId
        join RDS.DimAssessments da on da.DimAssessmentId = ase.AssessmentId
                join RDS.DimGradeLevels g on f.EntryGradeLevelId = g.DimGradeLevelId
                where  ase.AssessmentResultScoreValueScaleScore is not null
                        and da.AssessmentTypeCode = 'Benchmark' 
                        and da.AssessmentAcademicSubjectCode in ('01166')
                                                and g.gradelevelcode in ('03')",,,,,,,
9. Are teachers and schools making sufficient contributions to academic growth for students?,Academic Progress & Completion,Outcomes & Milestones,K12,Math and reading proficiency in grade 3,Percentage of students in grade 3 who meet grade-level standards in reading/English language arts and math as measured by state standardized tests,Reading proficiency on state standardized test (Grade 3),Found,"

Assessment.AssessmentIdentifier, StudentAssessmentPerformanceLevel.PerfomanceLevelDescriptorId
PerformanceLevelDescriptor.DescriptorId",Found,FactK12StudentAssessments.AssessmentId,FactK12StudentAssessments.AssessmentId,Student Data Application Guide,Automated,Available,p. 88,,"select  
        'Students meet Assessment Benchmark in Reading (Grade 3)' AS DataElementName,
                'RecordCount' AS CharacteristicType,  
                count(1) AS Value,
                NULL AS Remarks
                from rds.FactK12StudentAssessments ase  
                join  RDS.FactK12StudentEnrollments f on f.K12StudentId = ase.K12StudentId
        join RDS.DimAssessments da on da.DimAssessmentId = ase.AssessmentId
                join RDS.DimGradeLevels g on f.EntryGradeLevelId = g.DimGradeLevelId
                where  ase.AssessmentResultScoreValueScaleScore is not null
                        and da.AssessmentTypeCode = 'Benchmark' 
                        and da.AssessmentAcademicSubjectCode in ('13372', '00560', '13373')
                                                and g.gradelevelcode in ('03')","select  
        'Students meet Assessment Benchmark in Reading (Grade 3)' AS DataElementName,
                'RecordCount' AS CharacteristicType,  
                count(1) AS Value,
                NULL AS Remarks
                from rds.FactK12StudentAssessments ase  
                join  RDS.FactK12StudentEnrollments f on f.K12StudentId = ase.K12StudentId
        join RDS.DimAssessments da on da.DimAssessmentId = ase.AssessmentId
                join RDS.DimGradeLevels g on f.EntryGradeLevelId = g.DimGradeLevelId
                where  ase.AssessmentResultScoreValueScaleScore is not null
                        and da.AssessmentTypeCode = 'Benchmark' 
                        and da.AssessmentAcademicSubjectCode in ('13372', '00560', '13373')
                                                and g.gradelevelcode in ('03')",,,,,,,
9. Are teachers and schools making sufficient contributions to academic growth for students?,Academic Progress & Completion,Outcomes & Milestones,K12,Math and reading proficiency in grade 8,Percentage of students in grade 8 who meet grade-level standards in reading/English language arts and math as measured by state standardized tests,Student grade level,Found,StudentSchoolAssociation.EntryGradeLevel,Found,FactK12Enrollments.EntryGradeId,FactK12Enrollments.EntryGradeId,ALSDE Data Code Manual,Automated,Available,,,"select
        'Number of Students (Grade 8)' AS DataElementName,
    'RecordCount' AS CharacteristicType,
        CAST(COUNT(*) AS NVARCHAR(MAX)) AS Value,
    NULL AS Remarks
    from
        RDS.FactK12StudentEnrollments f
        join RDS.DimGradeLevels g on f.EntryGradeLevelId = g.DimGradeLevelId
    where
         g.GradeLevelCode in ('08')","select
        'Number of Students (Grade 8)' AS DataElementName,
    'RecordCount' AS CharacteristicType,
        CAST(COUNT(*) AS NVARCHAR(MAX)) AS Value,
    NULL AS Remarks
    from
        RDS.FactK12StudentEnrollments f
        join RDS.DimGradeLevels g on f.EntryGradeLevelId = g.DimGradeLevelId
    where
         g.GradeLevelCode in ('08')",,,,,,,
9. Are teachers and schools making sufficient contributions to academic growth for students?,Academic Progress & Completion,Outcomes & Milestones,K12,Math and reading proficiency in grade 8,Percentage of students in grade 8 who meet grade-level standards in reading/English language arts and math as measured by state standardized tests,Math proficiency on state standardized test (Grade 8),Found,"

Assessment.AssessmentIdentifier, StudentAssessmentPerformanceLevel.PerfomanceLevelDescriptorId
PerformanceLevelDescriptor.DescriptorId",Found,"

Assessment.AssessmentIdentifier, StudentAssessmentPerformanceLevel.PerfomanceLevelDescriptorId
PerformanceLevelDescriptor.DescriptorId","

Assessment.AssessmentIdentifier, StudentAssessmentPerformanceLevel.PerfomanceLevelDescriptorId
PerformanceLevelDescriptor.DescriptorId",Found,FactK12StudentAssessments.AssessmentId,Available,p. 88,,"select  
        'Students meet Assessment Benchmark in Reading (Grade3)' AS DataElementName,
                'RecordCount' AS CharacteristicType,  
                count(1) AS Value,
                NULL AS Remarks
                from rds.FactK12StudentAssessments ase  
                join  RDS.FactK12StudentEnrollments f on f.K12StudentId = ase.K12StudentId
        join RDS.DimAssessments da on da.DimAssessmentId = ase.AssessmentId
                join RDS.DimGradeLevels g on f.EntryGradeLevelId = g.DimGradeLevelId
                where  ase.AssessmentResultScoreValueScaleScore is not null
                        and da.AssessmentTypeCode = 'Benchmark' 
                        and da.AssessmentAcademicSubjectCode in ('01166')
                                                and g.gradelevelcode in ('03')","select  
        'Students meet Assessment Benchmark in Reading (Grade3)' AS DataElementName,
                'RecordCount' AS CharacteristicType,  
                count(1) AS Value,
                NULL AS Remarks
                from rds.FactK12StudentAssessments ase  
                join  RDS.FactK12StudentEnrollments f on f.K12StudentId = ase.K12StudentId
        join RDS.DimAssessments da on da.DimAssessmentId = ase.AssessmentId
                join RDS.DimGradeLevels g on f.EntryGradeLevelId = g.DimGradeLevelId
                where  ase.AssessmentResultScoreValueScaleScore is not null
                        and da.AssessmentTypeCode = 'Benchmark' 
                        and da.AssessmentAcademicSubjectCode in ('01166')
                                                and g.gradelevelcode in ('03')",,,,,,,
9. Are teachers and schools making sufficient contributions to academic growth for students?,Academic Progress & Completion,Outcomes & Milestones,K12,Math and reading proficiency in grade 8,Percentage of students in grade 8 who meet grade-level standards in reading/English language arts and math as measured by state standardized tests,Reading proficiency on state standardized test (Grade 8),Found,"

Assessment.AssessmentIdentifier, StudentAssessmentPerformanceLevel.PerfomanceLevelDescriptorId
PerformanceLevelDescriptor.DescriptorId",Found,"

Assessment.AssessmentIdentifier, StudentAssessmentPerformanceLevel.PerfomanceLevelDescriptorId
PerformanceLevelDescriptor.DescriptorId","

Assessment.AssessmentIdentifier, StudentAssessmentPerformanceLevel.PerfomanceLevelDescriptorId
PerformanceLevelDescriptor.DescriptorId",Found,FactK12StudentAssessments.AssessmentId,Available,p. 88,,"select  
        'Students meet Assessment Benchmark in Reading (Grade3)' AS DataElementName,
                'RecordCount' AS CharacteristicType,  
                count(1) AS Value,
                NULL AS Remarks
                from rds.FactK12StudentAssessments ase  
                join  RDS.FactK12StudentEnrollments f on f.K12StudentId = ase.K12StudentId
        join RDS.DimAssessments da on da.DimAssessmentId = ase.AssessmentId
                join RDS.DimGradeLevels g on f.EntryGradeLevelId = g.DimGradeLevelId
                where  ase.AssessmentResultScoreValueScaleScore is not null
                        and da.AssessmentTypeCode = 'Benchmark' 
                        and da.AssessmentAcademicSubjectCode in ('13372', '00560', '13373')
                                                and g.gradelevelcode in ('03')","select  
        'Students meet Assessment Benchmark in Reading (Grade3)' AS DataElementName,
                'RecordCount' AS CharacteristicType,  
                count(1) AS Value,
                NULL AS Remarks
                from rds.FactK12StudentAssessments ase  
                join  RDS.FactK12StudentEnrollments f on f.K12StudentId = ase.K12StudentId
        join RDS.DimAssessments da on da.DimAssessmentId = ase.AssessmentId
                join RDS.DimGradeLevels g on f.EntryGradeLevelId = g.DimGradeLevelId
                where  ase.AssessmentResultScoreValueScaleScore is not null
                        and da.AssessmentTypeCode = 'Benchmark' 
                        and da.AssessmentAcademicSubjectCode in ('13372', '00560', '13373')
                                                and g.gradelevelcode in ('03')",,,,,,,
9. Are teachers and schools making sufficient contributions to academic growth for students?,Academic Progress & Completion,E-W System Conditions,K12,Teachers' contributions to student learning growth,"Percentage of instructors ' above average contributions to student learning, as measured by student growth on state standardized tests or other outcomes (for example, using value-added models or student growth percentiles)","SGP for standardized assessments (subject specific for reading/literacy, math, and science)",Found,"

Assessment.AssessmentIdentifier, StudentAssessmentPerformanceLevel.PerfomanceLevelDescriptorId
PerformanceLevelDescriptor.DescriptorId",,,,,Manual,Not Available,,,"select  'Instructors demonstrating above average contributions (K-12)' AS DataElementName,
                'RecordCount' AS CharacteristicType,  
                count(1) AS Value,
                NULL AS Remarks
                from rds.FactK12StudentAssessments ase  
                join  RDS.FactK12StudentEnrollments f on f.K12StudentId = ase.K12StudentId
        join RDS.DimAssessments da on da.DimAssessmentId = ase.AssessmentId
                join RDS.DimGradeLevels g on f.EntryGradeLevelId = g.DimGradeLevelId
                                join RDS.DimAssessmentSubtests s on ase.AssessmentSubtestId = s.DimAssessmentSubtestId
                                --join RDS.DimAssessmentResults ar on ar.DimAssessmentResultId = ase.AssessmentResultId        
                where  ase.AssessmentResultScoreValueScaleScore is not null
                        and da.AssessmentTypeCode = 'GrowthMeasure' 
                        and da.AssessmentAcademicSubjectCode in ('01166', '13373', '00562', '13374')
                                                and s.AssessmentPurpose = 'Assessment of student''s progress'
                                                --and ar.AssessmentScoreMetricTypeCode in  ('03474', '03478', '03479')","select  'Instructors demonstrating above average contributions (K-12)' AS DataElementName,
                'RecordCount' AS CharacteristicType,  
                count(1) AS Value,
                NULL AS Remarks
                from rds.FactK12StudentAssessments ase  
                join  RDS.FactK12StudentEnrollments f on f.K12StudentId = ase.K12StudentId
        join RDS.DimAssessments da on da.DimAssessmentId = ase.AssessmentId
                join RDS.DimGradeLevels g on f.EntryGradeLevelId = g.DimGradeLevelId
                                join RDS.DimAssessmentSubtests s on ase.AssessmentSubtestId = s.DimAssessmentSubtestId      
                where  ase.AssessmentResultScoreValueScaleScore is not null
                        and da.AssessmentTypeCode = 'GrowthMeasure' 
                        and da.AssessmentAcademicSubjectCode in ('01166', '13373', '00562', '13374')
                                                and s.AssessmentPurpose = 'Assessment of student''s progress'",,,,,,,
9. Are teachers and schools making sufficient contributions to academic growth for students?,Academic Progress & Completion,E-W System Conditions,K12,Teachers' contributions to student learning growth,"Percentage of instructors ' above average contributions to student learning, as measured by student growth on state standardized tests or other outcomes (for example, using value-added models or student growth percentiles)",VAM for subject specific assessment,Not Found,N/A,,,,,Manual,Not Available,,,Not sure about VAM in CEDS DWH,Not sure about VAM in CEDS DWH,,,,,,,
9. Are teachers and schools making sufficient contributions to academic growth for students?,Academic Progress & Completion,E-W System Conditions,PS,Teachers' contributions to student learning growth,"Percentage of instructors demonstrating above average contributions to student learning, as measured by student growth on state standardized tests or other outcomes (for example, using value-added models or student growth percentiles)","SGP for standardized assessments (subject specific for reading/literacy, math, and science)",Not Found,N/A,,,,,Manual,Not Available,,,"select  'Instructors demonstrating above average contributions (K-12)' AS DataElementName,
                'RecordCount' AS CharacteristicType,  
                count(1) AS Value,
                NULL AS Remarks
                from rds.FactK12StudentAssessments ase  
                join  RDS.FactK12StudentEnrollments f on f.K12StudentId = ase.K12StudentId
        join RDS.DimAssessments da on da.DimAssessmentId = ase.AssessmentId
                join RDS.DimGradeLevels g on f.EntryGradeLevelId = g.DimGradeLevelId
                                join RDS.DimAssessmentSubtests s on ase.AssessmentSubtestId = s.DimAssessmentSubtestId
                                --join RDS.DimAssessmentResults ar on ar.DimAssessmentResultId = ase.AssessmentResultId        
                where  ase.AssessmentResultScoreValueScaleScore is not null
                        and da.AssessmentTypeCode = 'GrowthMeasure' 
                        and da.AssessmentAcademicSubjectCode in ('01166', '13373', '00562', '13374')
                                                and s.AssessmentPurpose = 'Assessment of student''s progress'
                                                --and ar.AssessmentScoreMetricTypeCode in  ('03474', '03478', '03479')","select  'Instructors demonstrating above average contributions (K-12)' AS DataElementName,
                'RecordCount' AS CharacteristicType,  
                count(1) AS Value,
                NULL AS Remarks
                from rds.FactK12StudentAssessments ase  
                join  RDS.FactK12StudentEnrollments f on f.K12StudentId = ase.K12StudentId
        join RDS.DimAssessments da on da.DimAssessmentId = ase.AssessmentId
                join RDS.DimGradeLevels g on f.EntryGradeLevelId = g.DimGradeLevelId
                                join RDS.DimAssessmentSubtests s on ase.AssessmentSubtestId = s.DimAssessmentSubtestId       
                where  ase.AssessmentResultScoreValueScaleScore is not null
                        and da.AssessmentTypeCode = 'GrowthMeasure' 
                        and da.AssessmentAcademicSubjectCode in ('01166', '13373', '00562', '13374')
                                                and s.AssessmentPurpose = 'Assessment of student''s progress'",,,,,,,
9. Are teachers and schools making sufficient contributions to academic growth for students?,Academic Progress & Completion,E-W System Conditions,PS,Teachers' contributions to student learning growth,"Percentage of instructors demonstrating above average contributions to student learning, as measured by student growth on state standardized tests or other outcomes (for example, using value-added models or student growth percentiles)",VAM for subject specific assessment,Not Found,N/A,,,,,Manual,Not Available,,,Not sure about VAM in CEDS DWH,Not sure about VAM in CEDS DWH,,,,,,,
"10. Do students attend schools with safe, inclusive, and supportive environments that support their social, emotional, mental, and physical development and well-being?","Social, Emotional, & Physical Wellbeing",Outcomes & Milestones,K12,Self-management,Percentage of students reporting a high level of self-management on surveys such as the CORE Districts SEL Survey self-management scale (grades 5–12)  or Shift and Persist scale for children,Results on self-management survey (K-12),Found,"SurveyQuestionResponseSurveyQuestionResponseValue.NumericResponse, SurveyQuestionResponseSurveyQuestionResponseValue.TextResponse ",,,,,Manual,Not Available,,,,,,,,,,,
"10. Do students attend schools with safe, inclusive, and supportive environments that support their social, emotional, mental, and physical development and well-being?","Social, Emotional, & Physical Wellbeing",Outcomes & Milestones,PS,Self-management,Percentage of individuals reporting a high level of self-management on surveys such as the Shift and Persist scale for teens and adults,Self-management survey results (Postsecondary),Not Found,N/A,,,,,Manual,Not Available,,,,,,,,,,,
"10. Do students attend schools with safe, inclusive, and supportive environments that support their social, emotional, mental, and physical development and well-being?","Social, Emotional, & Physical Wellbeing",Outcomes & Milestones,WF,Self-management,Percentage of individuals reporting a high level of self-management on surveys such as the Shift and Persist scale for teens and adults,Self-management survey results (Workforce),Not Found,N/A,,,,,Manual,Not Available,,,,,,,,,,,
"10. Do students attend schools with safe, inclusive, and supportive environments that support their social, emotional, mental, and physical development and well-being?","Social, Emotional, & Physical Wellbeing",Outcomes & Milestones,K12,Growth mindset,"Percentage of students reporting a high level of growth mindset on surveys such as the CORE Districts SEL Survey Growth Mindset Scale (grades 5–12)  or the Growth Mindset Scale developed by Carol Dweck,  which may be used with children, teens, and adults",Growth mindset survey results (K-12),Found,"SurveyQuestionResponseSurveyQuestionResponseValue.NumericResponse, SurveyQuestionResponseSurveyQuestionResponseValue.TextResponse ",,,,,Manual,Not Available,,,,,,,,,,,
"10. Do students attend schools with safe, inclusive, and supportive environments that support their social, emotional, mental, and physical development and well-being?","Social, Emotional, & Physical Wellbeing",Outcomes & Milestones,PS,Growth mindset,Percentage of individuals reporting a high level of growth mindset on surveys such as the Growth Mindset Scale developed by Carol Dweck,Growth mindset survey results (Postsecondary),Not Found,N/A,,,,,Manual,Not Available,,,,,,,,,,,
"10. Do students attend schools with safe, inclusive, and supportive environments that support their social, emotional, mental, and physical development and well-being?","Social, Emotional, & Physical Wellbeing",Outcomes & Milestones,WF,Growth mindset,Percentage of individuals reporting a high level of growth mindset on surveys such as the Growth Mindset Scale developed by Carol Dweck,Growth mindset survey results (Workforce),Not Found,N/A,,,,,Manual,Not Available,,,,,,,,,,,
"10. Do students attend schools with safe, inclusive, and supportive environments that support their social, emotional, mental, and physical development and well-being?","Social, Emotional, & Physical Wellbeing",Outcomes & Milestones,K12,Self-efficacy,Percentage of students reporting a high level of self-efficacy on surveys such as the CORE Districts Social-Emotional Learning (SEL) Survey self-efficacy scale,Self-efficacy survey results (K-12),Found,"SurveyQuestionResponseSurveyQuestionResponseValue.NumericResponse, SurveyQuestionResponseSurveyQuestionResponseValue.TextResponse ",,,,,Manual,Not Available,,,,,,,,,,,
"10. Do students attend schools with safe, inclusive, and supportive environments that support their social, emotional, mental, and physical development and well-being?","Social, Emotional, & Physical Wellbeing",Outcomes & Milestones,PS,Self-efficacy,Percentage of individuals reporting a high level of self-efficacy on surveys such as the New General Self-Efficacy Scale  or Ascend survey’s Self-Efficacy Scale,Self-efficacy survey results (Postsecondary),Not Found,N/A,,,,,Manual,Not Available,,,,,,,,,,,
"10. Do students attend schools with safe, inclusive, and supportive environments that support their social, emotional, mental, and physical development and well-being?","Social, Emotional, & Physical Wellbeing",Outcomes & Milestones,WF,Self-efficacy,Percentage of individuals reporting a high level of self-efficacy on surveys such as the New General Self-Efficacy Scale  or Ascend survey’s Self-Efficacy Scale,Self-efficacy survey results (Workforce),Not Found,N/A,,,,,Manual,Not Available,,,,,,,,,,,
"10. Do students attend schools with safe, inclusive, and supportive environments that support their social, emotional, mental, and physical development and well-being?","Social, Emotional, & Physical Wellbeing",Outcomes & Milestones,K12,Social awareness,Percentage of students reporting a high level of social awareness on surveys such as the CORE Districts SEL Survey  social awareness scale,Social awareness survey results (K-12),Found,"SurveyQuestionResponseSurveyQuestionResponseValue.NumericResponse, SurveyQuestionResponseSurveyQuestionResponseValue.TextResponse ",,,,,Manual,Not Available,,,,,,,,,,,
"10. Do students attend schools with safe, inclusive, and supportive environments that support their social, emotional, mental, and physical development and well-being?","Social, Emotional, & Physical Wellbeing",Outcomes & Milestones,K12,Social awareness,Percentage of students meeting benchmarks on teacher ratings of social skills drawn from Elliott and Gresham’s Social Skills Rating Scale,Results on social awareness teacher rating,Found,"SurveyQuestionResponseSurveyQuestionResponseValue.NumericResponse, SurveyQuestionResponseSurveyQuestionResponseValue.TextResponse ",,,,,Manual,Not Available,,,,,,,,,,,
"10. Do students attend schools with safe, inclusive, and supportive environments that support their social, emotional, mental, and physical development and well-being?","Social, Emotional, & Physical Wellbeing",Outcomes & Milestones,PS,Social awareness,"Percentage of individuals demonstrating social proficiency on a performance assessment, such as the National Work Readiness Credential Essential Soft Skills assessment",Social proficiency performance assessment results (Postsecondary),Not Found,N/A,,,,,Manual,Not Available,,,,,,,,,,,
"10. Do students attend schools with safe, inclusive, and supportive environments that support their social, emotional, mental, and physical development and well-being?","Social, Emotional, & Physical Wellbeing",Outcomes & Milestones,WF,Social awareness,"Percentage of individuals demonstrating social proficiency on a performance assessment, such as the National Work Readiness Credential Essential Soft Skills assessment",Social proficiency performance assessment results (Workforce),Not Found,N/A,,,,,Manual,Not Available,,,,,,,,,,,
"10. Do students attend schools with safe, inclusive, and supportive environments that support their social, emotional, mental, and physical development and well-being?","Social, Emotional, & Physical Wellbeing",Outcomes & Milestones,K12,Cultural competency,"Reflecting the lack of developed tools in the field, we are unable to recommend a specific measurement tool. In some contexts, it might be possible to adapt an existing measure for adults for use with youth. For examples, we refer to the tools recommended for postsecondary and workforce contexts (HEIghten Outcomes Assessment for Intercultural Competency & Diversity or The Intercultural Development Inventory)",Cultural competency assessment results (K-12),Not Found,N/A,,,,,Manual,Not Available,,,,,,,,,,,
"10. Do students attend schools with safe, inclusive, and supportive environments that support their social, emotional, mental, and physical development and well-being?","Social, Emotional, & Physical Wellbeing",Outcomes & Milestones,PS,Cultural competency,"Percentage of students demonstrating proficiency on an assessment of cultural competency, such as the HEIghten Outcomes Assessment for Intercultural Competency  & Diversity or The Intercultural Development Inventory®",Cultural competency assessment results (Postsecondary),Not Found,N/A,,,,,Manual,Not Available,,,,,,,,,,,
"10. Do students attend schools with safe, inclusive, and supportive environments that support their social, emotional, mental, and physical development and well-being?","Social, Emotional, & Physical Wellbeing",Outcomes & Milestones,WF,Cultural competency,"Percentage of individuals demonstrating proficiency on an assessment of cultural competency, such as The Intercultural Development Inventory®",Cultural competency assessment results (Workforce),Not Found,N/A,,,,,Manual,Not Available,,,,,,,,,,,
"10. Do students attend schools with safe, inclusive, and supportive environments that support their social, emotional, mental, and physical development and well-being?","Social, Emotional, & Physical Wellbeing",Outcomes & Milestones,K12,Social capital,"Percentage of students or individuals reporting a high level of social capital on surveys such as the Social Capital Assessment + Learning for Equity (SCALE) Social Capital, Network Diversity, and Network Strength scales",Social capital survey results (K-12),Found,"SurveyQuestionResponseSurveyQuestionResponseValue.NumericResponse, SurveyQuestionResponseSurveyQuestionResponseValue.TextResponse ",,,,,Manual,Not Available,,,,,,,,,,,
"10. Do students attend schools with safe, inclusive, and supportive environments that support their social, emotional, mental, and physical development and well-being?","Social, Emotional, & Physical Wellbeing",Outcomes & Milestones,PS,Social capital,"Percentage of students or individuals reporting a high level of social capital on surveys such as the Social Capital Assessment + Learning for Equity (SCALE) Social Capital, Network Diversity, and Network Strength scales",Social capital survey results (Postsecondary),Partial,"SurveyQuestionResponseSurveyQuestionResponseValue.NumericResponse, SurveyQuestionResponseSurveyQuestionResponseValue.TextResponse ",,,,,Manual,Not Available,,,,,,,,,,,
"10. Do students attend schools with safe, inclusive, and supportive environments that support their social, emotional, mental, and physical development and well-being?","Social, Emotional, & Physical Wellbeing",Outcomes & Milestones,WF,Social capital,Percentage of individuals reporting a high level of social capital on surveys such as the Social Capital Community Benchmark Survey,Social capital survey results (Workforce),Not Found,N/A,,,,,Manual,Not Available,,,,,,,,,,,
"10. Do students attend schools with safe, inclusive, and supportive environments that support their social, emotional, mental, and physical development and well-being?","Social, Emotional, & Physical Wellbeing",Outcomes & Milestones,PK,Mental and emotional well-being,"Percentage of children with identified health or developmental concerns as identified by a developmental screening tool. For a list of screening tools that may be appropriate for children younger than age 5, see the following guide from the Head Start Early Childhood Learning and Knowledge Center: “Birth to 5: Watch Me Thrive! A Compendium of Screening Measures for Young Children.”",Age (or birth date),Likely not available,Student.BirthData.BirthDate,,,,ALSDE Data Code Manual,Automated,Available,Must be cross referenced with grade level,,PK Tables not available in CEDS DWH,,,,,,,,
"10. Do students attend schools with safe, inclusive, and supportive environments that support their social, emotional, mental, and physical development and well-being?","Social, Emotional, & Physical Wellbeing",Outcomes & Milestones,PK,Mental and emotional well-being,"Percentage of children with identified health or developmental concerns as identified by a developmental screening tool. For a list of screening tools that may be appropriate for children younger than age 5, see the following guide from the Head Start Early Childhood Learning and Knowledge Center: “Birth to 5: Watch Me Thrive! A Compendium of Screening Measures for Young Children.”",Developmental screening results,Not Found,N/A,,,,First Class Pre-K Guidelines,Semi-Automated,Partially Available,"Only administered to children in the First Class Pre-K program. In addition, federal IDEA reporting requirements include ""Indicator 11: Child Find,"" which measures whether children were evaluated for special education services within 60 days or the state-specified timeline for evaluation after parents give consent. Indicator 12: Early Childhood Transition, measures percentages of children referred from early intervention and found eligible for special education services who receive an Individualized Education Program. Alabama's Part B results are linked here.  In addition, the National Survey of Children's Health estimates the percentage of children 9 months to 35 months who receive a developmental screening.",,PK Tables not available in CEDS DWH,,,,,,,,
"10. Do students attend schools with safe, inclusive, and supportive environments that support their social, emotional, mental, and physical development and well-being?","Social, Emotional, & Physical Wellbeing",Outcomes & Milestones,K12,Mental and emotional well-being,"Percentage of youth with mental or emotional health needs as identified by a universal screening tool. For a list of mental health screening tools that may be appropriate for school-based use, see the following guide from the National Center on Safe Supportive Learning Environments: “Mental Health Screening Tools for Grades K-12.”",Age (or birth date),Found,Student.BirthData.BirthDate,,,,ALSDE Data Code Manual,Automated,Available,Must be cross referenced with grade level,,,,,,,,,,
"10. Do students attend schools with safe, inclusive, and supportive environments that support their social, emotional, mental, and physical development and well-being?","Social, Emotional, & Physical Wellbeing",Outcomes & Milestones,K12,Mental and emotional well-being,"Percentage of youth with mental or emotional health needs as identified by a universal screening tool. For a list of mental health screening tools that may be appropriate for school-based use, see the following guide from the National Center on Safe Supportive Learning Environments: “Mental Health Screening Tools for Grades K-12.”",Universal screening results,Not Found,N/A,,,,,Manual,Not Available,,,,,,,,,,,
"10. Do students attend schools with safe, inclusive, and supportive environments that support their social, emotional, mental, and physical development and well-being?","Social, Emotional, & Physical Wellbeing",Outcomes & Milestones,PS,Mental and emotional well-being,Psychological well-being scale.,Results on mental and emotional well-being assessments,Not Found,N/A,,,,,Manual,Not Available,,,,,,,,,,,
"10. Do students attend schools with safe, inclusive, and supportive environments that support their social, emotional, mental, and physical development and well-being?","Social, Emotional, & Physical Wellbeing",Outcomes & Milestones,WF,Mental and emotional well-being,Psychological well-being scale.,Results on mental and emotional well-being assessments,Not Found,N/A,,,,,Manual,Not Available,,,,,,,,,,,
"10. Do students attend schools with safe, inclusive, and supportive environments that support their social, emotional, mental, and physical development and well-being?","Social, Emotional, & Physical Wellbeing",Outcomes & Milestones,K12,Physical development and well-being,"Percentage of students meeting benchmarks on self-rated surveys of physical health, such as the California Healthy Kids Survey Physical Health & Nutrition module",Physical health survey results (K-12),Found,"SurveyQuestionResponse.SurveyResponse.Person, SurveyQuestionResponse.SurveyQuestionResponseValue",,,,,Manual,Not Available,,,,,,,,,,,
"10. Do students attend schools with safe, inclusive, and supportive environments that support their social, emotional, mental, and physical development and well-being?","Social, Emotional, & Physical Wellbeing",Outcomes & Milestones,PS,Physical development and well-being,"Percentage of adults who rate their own health as good, very good, or excellent on the Self-Rated Health scale",Physical health survey results (Postsecondary),Not Found,N/A,,,,,Manual,Not Available,"The Behavioral Risk Factor Surveillance System Survey, administered by the Centers for Disease Control, asks respondents if they live in college housing, which could include housing for students or faculty members. We have not seen any evidence that states disaggregate data by residence in college housing.",,,,,,,,,,
"10. Do students attend schools with safe, inclusive, and supportive environments that support their social, emotional, mental, and physical development and well-being?","Social, Emotional, & Physical Wellbeing",Outcomes & Milestones,PS,Physical development and well-being,Percentage of individuals meeting benchmarks on the Health-Related Quality of Life Scale,Scores on Health-Related Quality of Life Scale,Not Found,N/A,,,,,Manual,Not Available,"The Behavioral Risk Factor Surveillance System Survey, administered by the Centers for Disease Control, asks questions focused on Health-Related Quality of Life (HRQOL), which can form the basis of an index. We have not found state-wide analysis or reporting of HRQOL data, nor have we seed that information disaggregated by postsecondary student status. The BRFSS asks respondents if they live in college housing, which could include housing for students or faculty members. We have not seen any evidence that states disaggregate data by residence in college housing. (https://www.cdc.gov/brfss/questionnaires/pdf-ques/2023-BRFSS-Questionnaire-508.pdf)",,,,,,,,,,
"10. Do students attend schools with safe, inclusive, and supportive environments that support their social, emotional, mental, and physical development and well-being?","Social, Emotional, & Physical Wellbeing",Outcomes & Milestones,WF,Physical development and well-being,"Percentage of adults who rate their own health as good, very good, or excellent on the Self-Rated Health scale",Physical health survey results (Workforce),Not Found,N/A,,,,BRFSS Questionnaires,Semi-Automated,Partially Available,"Since 2013, the NIOSH worker safety agency has sponsored an optional Behavioral Risk Factor Surveillance Survey module  to collect industry and occupation data on general health, among other items."" Alabama never participated in this module, but the state has particpated in the survey more broadly. which means that data for the population as a whole are be available. Because data are available by age band, it could be possible to get results for working-age adults.",,,,,,,,,,
"10. Do students attend schools with safe, inclusive, and supportive environments that support their social, emotional, mental, and physical development and well-being?","Social, Emotional, & Physical Wellbeing",Outcomes & Milestones,WF,Physical development and well-being,Percentage of individuals meeting benchmarks on the Health-Related Quality of Life Scale,Scores on Health-Related Quality of Life Scale,Not Found,N/A,,,,,Manual,Not Available,"The Behavioral Risk Factor Surveillance System Survey, administered by the Centers for Disease Control, asks questions focused on Health-Related Quality of Life (HRQOL), which can form the basis of an index. We have not found state-wide analysis or reporting of HRQOL data, nor have we seed that information disaggregated by postsecondary student status. The BRFSS asks respondents if they live in college housing, which could include housing for students or faculty members. We have not seen any evidence that states disaggregate data by residence in college housing. (https://www.cdc.gov/brfss/questionnaires/pdf-ques/2023-BRFSS-Questionnaire-508.pdf)",,,,,,,,,,
"10. Do students attend schools with safe, inclusive, and supportive environments that support their social, emotional, mental, and physical development and well-being?","Social, Emotional, & Physical Wellbeing",E-W System Conditions,PK,Representational racial and ethnic diversity of educators,Educational staff composition by race and ethnicity (%) compared to student composition by race and ethnicity (%),Student race/ethnicity,Likely not available,"StudentEducationOrganizationAssociation.Race, StudentEducationOrganizationAssociation.HispanicLatinoEthnicity",,,,,Automated,Available,,,PK Tables not available in CEDS DWH,,,,,,,,
"10. Do students attend schools with safe, inclusive, and supportive environments that support their social, emotional, mental, and physical development and well-being?","Social, Emotional, & Physical Wellbeing",E-W System Conditions,PK,Representational racial and ethnic diversity of educators,Educational staff composition by race and ethnicity (%) compared to student composition by race and ethnicity (%),Staff race/ethnicity,Likely not available,"Staff.Race, Staff.HispanicLatinoEthnicity",,,,,Automated,Available,"State Report Card shows educator race/ethnicity, which suggests that the state collects this information.",,PK Tables not available in CEDS DWH,,,,,,,,
"10. Do students attend schools with safe, inclusive, and supportive environments that support their social, emotional, mental, and physical development and well-being?","Social, Emotional, & Physical Wellbeing",E-W System Conditions,PK,Representational racial and ethnic diversity of educators,Same-race student–teacher ratio by race and ethnicity,Student race/ethnicity,Likely not available,"StudentEducationOrganizationAssociation.Race, StudentEducationOrganizationAssociation.HispanicLatinoEthnicity",,,,,Automated,Available,,,PK Tables not available in CEDS DWH,,,,,,,,
"10. Do students attend schools with safe, inclusive, and supportive environments that support their social, emotional, mental, and physical development and well-being?","Social, Emotional, & Physical Wellbeing",E-W System Conditions,PK,Representational racial and ethnic diversity of educators,Same-race student–teacher ratio by race and ethnicity,Staff race/ethnicity,Likely not available,"Staff.Race, Staff.HispanicLatinoEthnicity",,,,,Automated,Available,"State Report Card shows educator race/ethnicity, which suggests that the state collects this information.",,PK Tables not available in CEDS DWH,,,,,,,,
"10. Do students attend schools with safe, inclusive, and supportive environments that support their social, emotional, mental, and physical development and well-being?","Social, Emotional, & Physical Wellbeing",E-W System Conditions,K12,Representational racial and ethnic diversity of educators,Educational staff composition by race and ethnicity (%) compared to student composition by race and ethnicity (%),Student race/ethnicity,Found,"StudentEducationOrganizationAssociation.Race, StudentEducationOrganizationAssociation.HispanicLatinoEthnicity",,,,,Automated,Available,,,"SELECT 
  'Race/ethnicity' AS DataElementName,
  'RecordCount' AS CharacteristicType,
  CAST(COUNT(*) AS NVARCHAR(MAX)) AS Value,
  NULL AS Remarks
FROM RDS.FactK12StudentEnrollments f
JOIN RDS.BridgeK12StudentEnrollmentRaces b
	ON f.FactK12StudentEnrollmentId = b.FactK12StudentEnrollmentId
JOIN RDS.DimRaces d
	ON b.RaceId = d.DimRaceId",,,,,,,,
"10. Do students attend schools with safe, inclusive, and supportive environments that support their social, emotional, mental, and physical development and well-being?","Social, Emotional, & Physical Wellbeing",E-W System Conditions,K12,Representational racial and ethnic diversity of educators,Educational staff composition by race and ethnicity (%) compared to student composition by race and ethnicity (%),Staff race/ethnicity,Found,"Staff.Race, Staff.HispanicLatinoEthnicity",,,,,Automated,Available,"State Report Card shows educator race/ethnicity, which suggests that the state collects this information.",,Staff Tables not available in CEDS DWH,,,,,,,,
"10. Do students attend schools with safe, inclusive, and supportive environments that support their social, emotional, mental, and physical development and well-being?","Social, Emotional, & Physical Wellbeing",E-W System Conditions,K12,Representational racial and ethnic diversity of educators,Same-race student–teacher ratio by race and ethnicity,Student race/ethnicity,Found,"StudentEducationOrganizationAssociation.Race, StudentEducationOrganizationAssociation.HispanicLatinoEthnicity",,,,,Automated,Available,,,"SELECT 
  'Race/ethnicity' AS DataElementName,
  'RecordCount' AS CharacteristicType,
  CAST(COUNT(*) AS NVARCHAR(MAX)) AS Value,
  NULL AS Remarks
FROM RDS.FactK12StudentEnrollments f
JOIN RDS.BridgeK12StudentEnrollmentRaces b
	ON f.FactK12StudentEnrollmentId = b.FactK12StudentEnrollmentId
JOIN RDS.DimRaces d
	ON b.RaceId = d.DimRaceId",,,,,,,,
"10. Do students attend schools with safe, inclusive, and supportive environments that support their social, emotional, mental, and physical development and well-being?","Social, Emotional, & Physical Wellbeing",E-W System Conditions,K12,Representational racial and ethnic diversity of educators,Same-race student–teacher ratio by race and ethnicity,Staff race/ethnicity,Found,"Staff.Race, Staff.HispanicLatinoEthnicity",,,,,Automated,Available,"State Report Card shows educator race/ethnicity, which suggests that the state collects this information.",,Staff Tables not available in CEDS DWH,,,,,,,,
"10. Do students attend schools with safe, inclusive, and supportive environments that support their social, emotional, mental, and physical development and well-being?","Social, Emotional, & Physical Wellbeing",E-W System Conditions,PS,Representational racial and ethnic diversity of educators,Educational staff composition by race and ethnicity (%) compared to student composition by race and ethnicity (%),Student race/ethnicity,Partial,"StudentEducationOrganizationAssociation.Race, StudentEducationOrganizationAssociation.HispanicLatinoEthnicity",,,,,Automated,Available,,,"SELECT 
  'Race/ethnicity' AS DataElementName,
  'RecordCount' AS CharacteristicType,
  CAST(COUNT(*) AS NVARCHAR(MAX)) AS Value,
  NULL AS Remarks
FROM RDS.FactPsStudentEnrollments f
JOIN RDS.BridgePsStudentEnrollmentRaces b
        ON f.FactPsStudentEnrollmentId = b.FactPsStudentEnrollmentId
JOIN RDS.DimRaces d
        ON b.RaceId = d.DimRaceId",,,,,,,,
"10. Do students attend schools with safe, inclusive, and supportive environments that support their social, emotional, mental, and physical development and well-being?","Social, Emotional, & Physical Wellbeing",E-W System Conditions,PS,Representational racial and ethnic diversity of educators,Educational staff composition by race and ethnicity (%) compared to student composition by race and ethnicity (%),Staff race/ethnicity,Not Found,N/A,,,,,Automated,Available,"State Report Card shows educator race/ethnicity, which suggests that the state collects this information.",,Staff Tables not available in CEDS DWH,,,,,,,,
"10. Do students attend schools with safe, inclusive, and supportive environments that support their social, emotional, mental, and physical development and well-being?","Social, Emotional, & Physical Wellbeing",E-W System Conditions,PS,Representational racial and ethnic diversity of educators,Same-race student–teacher ratio by race and ethnicity,Student race/ethnicity,Partial,"StudentEducationOrganizationAssociation.Race, StudentEducationOrganizationAssociation.HispanicLatinoEthnicity",,,,,Automated,Available,,,"SELECT 
  'Race/ethnicity' AS DataElementName,
  'RecordCount' AS CharacteristicType,
  CAST(COUNT(*) AS NVARCHAR(MAX)) AS Value,
  NULL AS Remarks
FROM RDS.FactPsStudentEnrollments f
JOIN RDS.BridgePsStudentEnrollmentRaces b
	ON f.FactPsStudentEnrollmentId = b.FactPsStudentEnrollmentId
JOIN RDS.DimRaces d
	ON b.RaceId = d.DimRaceId",,,,,,,,
"10. Do students attend schools with safe, inclusive, and supportive environments that support their social, emotional, mental, and physical development and well-being?","Social, Emotional, & Physical Wellbeing",E-W System Conditions,PS,Representational racial and ethnic diversity of educators,Same-race student–teacher ratio by race and ethnicity,Staff race/ethnicity,Found,"Staff.Race, Staff.HispanicLatinoEthnicity",,,,,Automated,Available,"State Report Card shows educator race/ethnicity, which suggests that the state collects this information.",,Staff Tables not available in CEDS DWH,,,,,,,,
"10. Do students attend schools with safe, inclusive, and supportive environments that support their social, emotional, mental, and physical development and well-being?","Social, Emotional, & Physical Wellbeing",E-W System Conditions,PK,School and workplace racial and ethnic diversity,Student body composition by race and ethnicity (%) - Pre-K,Student race/ethnicity,Likely not available,"StudentEducationOrganizationAssociation.Race, StudentEducationOrganizationAssociation.HispanicLatinoEthnicity",,,,ALSDE Data Code Manual,Automated,Available,,,PK Tables not available in CEDS DWH,,,,,,,,
"10. Do students attend schools with safe, inclusive, and supportive environments that support their social, emotional, mental, and physical development and well-being?","Social, Emotional, & Physical Wellbeing",E-W System Conditions,K12,School and workplace racial and ethnic diversity,Student body composition by race and ethnicity (%) - K-12,Student race/ethnicity,Found,"StudentEducationOrganizationAssociation.Race, StudentEducationOrganizationAssociation.HispanicLatinoEthnicity",,,,ALSDE Data Code Manual,Automated,Available,,,"SELECT 
  'Race/ethnicity' AS DataElementName,
  'RecordCount' AS CharacteristicType,
  CAST(COUNT(*) AS NVARCHAR(MAX)) AS Value,
  NULL AS Remarks
FROM RDS.FactK12StudentEnrollments f
JOIN RDS.BridgeK12StudentEnrollmentRaces b
	ON f.FactK12StudentEnrollmentId = b.FactK12StudentEnrollmentId
JOIN RDS.DimRaces d
	ON b.RaceId = d.DimRaceId",,,,,,,,
"10. Do students attend schools with safe, inclusive, and supportive environments that support their social, emotional, mental, and physical development and well-being?","Social, Emotional, & Physical Wellbeing",E-W System Conditions,PS,School and workplace racial and ethnic diversity,Student body composition by race and ethnicity (%) - PS,Student race/ethnicity,Partial,"StudentEducationOrganizationAssociation.Race, StudentEducationOrganizationAssociation.HispanicLatinoEthnicity",,,,ALSDE Data Code Manual,Automated,Available,,,"""SELECT 
  'Race/ethnicity' AS DataElementName,
  'RecordCount' AS CharacteristicType,
  CAST(COUNT(*) AS NVARCHAR(MAX)) AS Value,
  NULL AS Remarks
FROM RDS.FactPsStudentEnrollments f
JOIN RDS.BridgePsStudentEnrollmentRaces b
	ON f.FactPsStudentEnrollmentId = b.FactPsStudentEnrollmentId
JOIN RDS.DimRaces d
	ON b.RaceId = d.DimRaceId""",,,,,,,,
"10. Do students attend schools with safe, inclusive, and supportive environments that support their social, emotional, mental, and physical development and well-being?","Social, Emotional, & Physical Wellbeing",E-W System Conditions,WF,School and workplace racial and ethnic diversity,Employee composition by race and ethnicity (%),Employee race/ethnicity,Not Found,N/A,,,,,Semi-Automated,Partially Available,"The U.S. Census Bureau's Current Population Survey collects data on workforce demographics, including racial and ethnic breakdowns. The linked resource connects to a series of tables on the middle column that provide counts of employees by race and ethnicity. Data in each table are broken out by sex and income level. The data are estimates derived from surveys and therefore not available at the individual level or for linking with other datasets.",,WF Tables not available in CEDS DWH,,,,,,,,
"10. Do students attend schools with safe, inclusive, and supportive environments that support their social, emotional, mental, and physical development and well-being?","Social, Emotional, & Physical Wellbeing",E-W System Conditions,PK,School and workplace socioeconomic diversity,Student body composition by income - Pre-K,Student or family socioeconomic status,Likely not available,"StudentEducationOrganizationAssociation.StudentCharacteristic = 'Economic Disadvantaged""",,,,ALSDE Data Code Manual,Automated,Available,Must be cross referenced by grade level,,PK Tables not available in CEDS DWH,,,,,,,,
"10. Do students attend schools with safe, inclusive, and supportive environments that support their social, emotional, mental, and physical development and well-being?","Social, Emotional, & Physical Wellbeing",E-W System Conditions,K12,School and workplace socioeconomic diversity,Student body composition by income - K-12,Student or family socioeconomic status,Partial,"StudentEducationOrganizationAssociation.StudentCharacteristic = 'Economic Disadvantaged""",,,,ALSDE Data Code Manual,Automated,Available,Must be cross referenced by grade level,,,,,,,,,,
"10. Do students attend schools with safe, inclusive, and supportive environments that support their social, emotional, mental, and physical development and well-being?","Social, Emotional, & Physical Wellbeing",E-W System Conditions,PS,School and workplace socioeconomic diversity,Student body composition by income - postsecondary,Student socioeconomic status,Partial,"StudentEducationOrganizationAssociation.StudentCharacteristic = 'Economic Disadvantaged""",,,,,Semi-Automated,Partially Available,,,,,,,,,,,
"10. Do students attend schools with safe, inclusive, and supportive environments that support their social, emotional, mental, and physical development and well-being?","Social, Emotional, & Physical Wellbeing",E-W System Conditions,WF,School and workplace socioeconomic diversity,Employee composition by income,Employee income level,Not Found,N/A,,,,,Semi-Automated,Partially Available,"The U.S. Census Bureau's Current Population Survey collects data on workforce demographics, including income. The linked resource connects to a series of tables in the middle column that provide counts of employees by race and ethnicity. Data in each table in the right column are broken out by sex and income level. The data are estimates derived from surveys and therefore not available at the individual level or for linking with other datasets.",,,,,,,,,,
"10. Do students attend schools with safe, inclusive, and supportive environments that support their social, emotional, mental, and physical development and well-being?","Social, Emotional, & Physical Wellbeing",E-W System Conditions,PK,"Access to health, mental health, and social supports","Percentage of programs offering health, mental health, and social services, or staff or consultants providing infant and early childhood mental health consultation (IECMHC) services",Health services offered,Likely not available,ProgramDescriptor,,,,,Manual,Not Available,,,PK Tables not available in CEDS DWH,,,,,,,,
"10. Do students attend schools with safe, inclusive, and supportive environments that support their social, emotional, mental, and physical development and well-being?","Social, Emotional, & Physical Wellbeing",E-W System Conditions,PK,"Access to health, mental health, and social supports","Percentage of programs offering health, mental health, and social services, or staff or consultants providing infant and early childhood mental health consultation (IECMHC) services",Mental health services offered,Likely not available,ProgramDescriptor,,,,,Manual,Not Available,,,PK Tables not available in CEDS DWH,,,,,,,,
"10. Do students attend schools with safe, inclusive, and supportive environments that support their social, emotional, mental, and physical development and well-being?","Social, Emotional, & Physical Wellbeing",E-W System Conditions,PK,"Access to health, mental health, and social supports","Percentage of programs offering health, mental health, and social services, or staff or consultants providing infant and early childhood mental health consultation (IECMHC) services",Social services offered,Likely not available,ProgramDescriptor,,,,,Manual,Not Available,,,PK Tables not available in CEDS DWH,,,,,,,,
"10. Do students attend schools with safe, inclusive, and supportive environments that support their social, emotional, mental, and physical development and well-being?","Social, Emotional, & Physical Wellbeing",E-W System Conditions,PK,"Access to health, mental health, and social supports","Percentage of programs offering health, mental health, and social services, or staff or consultants providing infant and early childhood mental health consultation (IECMHC) services",IECMHC services offered,Likely not available,ProgramDescriptor,,,,,Manual,Not Available,,,PK Tables not available in CEDS DWH,,,,,,,,
"10. Do students attend schools with safe, inclusive, and supportive environments that support their social, emotional, mental, and physical development and well-being?","Social, Emotional, & Physical Wellbeing",E-W System Conditions,K12,"Access to health, mental health, and social supports","Ratio of number of students to number of health, mental health, and social services FTE staff (for example, school nurses, psychologists, and social workers)",Staff type or role description,Found,StaffEducationOrganizationAssignmentAssociation.StaffClassification,,,,ALSDE Data Code Manual,Automated,Available,,,,,,,,,,,
"10. Do students attend schools with safe, inclusive, and supportive environments that support their social, emotional, mental, and physical development and well-being?","Social, Emotional, & Physical Wellbeing",E-W System Conditions,K12,"Access to health, mental health, and social supports","Ratio of number of students to number of health, mental health, and social services FTE staff (for example, school nurses, psychologists, and social workers)",Staff FTE status,Found,staffEducationOrganizationEmploymentAssociation.FullTimeEquivalency,,,,,Automated,Available,,,,,,,,,,,
"10. Do students attend schools with safe, inclusive, and supportive environments that support their social, emotional, mental, and physical development and well-being?","Social, Emotional, & Physical Wellbeing",E-W System Conditions,PS,"Access to health, mental health, and social supports","Ratio of number of students to number of health, mental health, and social services FTE staff (for example, school nurses, psychologists, and social workers)",Staff type or role description,Partial,StaffEducationOrganizationAssignmentAssociation.StaffClassification,,,,ALSDE Data Code Manual,Automated,Available,,,,,,,,,,,
"10. Do students attend schools with safe, inclusive, and supportive environments that support their social, emotional, mental, and physical development and well-being?","Social, Emotional, & Physical Wellbeing",E-W System Conditions,PS,"Access to health, mental health, and social supports","Ratio of number of students to number of health, mental health, and social services FTE staff (for example, school nurses, psychologists, and social workers)",Staff FTE status,Partial,staffEducationOrganizationEmploymentAssociation.FullTimeEquivalency,,,,,Automated,Available,,,,,,,,,,,
"10. Do students attend schools with safe, inclusive, and supportive environments that support their social, emotional, mental, and physical development and well-being?","Social, Emotional, & Physical Wellbeing",E-W System Conditions,WF,"Access to health, mental health, and social supports","Percentage of employers offering an employee assistance program or mental health access through health care plans or other services, as measured by employer surveys",EAP or mental health services provided,Not Found,N/A,,,,,Manual,Not Available,,,,,,,,,,,
"10. Do students attend schools with safe, inclusive, and supportive environments that support their social, emotional, mental, and physical development and well-being?",Academic Progress & Completion,E-W System Conditions,PK,School-family engagement,"Percentage of families and percentage of teachers or caregivers reporting positive relationship quality with one another, using a tool such as the Family and Provider/Teacher Relationship Quality (FPTRQ) parent survey",Results on family engagement surveys (Pre-K),Likely not available,"SurveyQuestionResponseSurveyQuestionResponseValue.NumericResponse, SurveyQuestionResponseSurveyQuestionResponseValue.TextResponse ",,,,,Manual,Not Available,,,PK Tables not available in CEDS DWH,PK Tables not available in CEDS DWH,,,,,,,
"10. Do students attend schools with safe, inclusive, and supportive environments that support their social, emotional, mental, and physical development and well-being?",Academic Progress & Completion,E-W System Conditions,K12,School-family engagement,"Mean scores on family surveys, such as the Panorama Family-School Relationships Survey  or CORE Districts School Culture & Climate Survey parent assessment of school-community engagement",Results on family engagement surveys (K-12),Found,"SurveyQuestionResponseSurveyQuestionResponseValue.NumericResponse, SurveyQuestionResponseSurveyQuestionResponseValue.TextResponse ",,,,,Manual,Not Available,,,CEDS DWH does not contain elements ,CEDS DWH does not contain elements ,,,,,,,
"10. Do students attend schools with safe, inclusive, and supportive environments that support their social, emotional, mental, and physical development and well-being?",Academic Progress & Completion,E-W System Conditions,PK,Equitable discipline practices,"Differences in the rates at which students from key demographic subgroups ever experience different forms of school discipline (office referrals, suspensions, expulsions, restraint, and exclusion) relative to those students’ representation in their school population as a whole",Office referrals,Likely not available,DisciplineAction.DisciplineDescriptor,,,,,Manual,Not Available,,,PK Tables not available in CEDS DWH,PK Tables not available in CEDS DWH,,,,,,,
"10. Do students attend schools with safe, inclusive, and supportive environments that support their social, emotional, mental, and physical development and well-being?",Academic Progress & Completion,E-W System Conditions,PK,Equitable discipline practices,"Differences in the rates at which students from key demographic subgroups ever experience different forms of school discipline (office referrals, suspensions, expulsions, restraint, and exclusion) relative to those students’ representation in their school population as a whole",Suspensions,Likely not available,DisciplineAction.DisciplineDescriptor,Found,FactK12StudentDisciplines.DisciplineStatusId,FactK12StudentDisciplines.DisciplineStatusId,ALSDE Data Code Manual,Automated,Available,,,PK Tables not available in CEDS DWH,PK Tables not available in CEDS DWH,,,,,,,
"10. Do students attend schools with safe, inclusive, and supportive environments that support their social, emotional, mental, and physical development and well-being?",Academic Progress & Completion,E-W System Conditions,PK,Equitable discipline practices,"Differences in the rates at which students from key demographic subgroups ever experience different forms of school discipline (office referrals, suspensions, expulsions, restraint, and exclusion) relative to those students’ representation in their school population as a whole",Expulsions,Likely not available,DisciplineAction.DisciplineDescriptor,Found,FactK12StudentDisciplines.DisciplineStatusId,FactK12StudentDisciplines.DisciplineStatusId,ALSDE Data Code Manual,Automated,Available,,,PK Tables not available in CEDS DWH,PK Tables not available in CEDS DWH,,,,,,,
"10. Do students attend schools with safe, inclusive, and supportive environments that support their social, emotional, mental, and physical development and well-being?",Academic Progress & Completion,E-W System Conditions,PK,Equitable discipline practices,"Differences in the rates at which students from key demographic subgroups ever experience different forms of school discipline (office referrals, suspensions, expulsions, restraint, and exclusion) relative to those students’ representation in their school population as a whole",Restraint,Likely not available,DisciplineAction.DisciplineDescriptor,Found,FactK12StudentDisciplines.DisciplineStatusId,FactK12StudentDisciplines.DisciplineStatusId,,Manual,Not Available,,,PK Tables not available in CEDS DWH,PK Tables not available in CEDS DWH,,,,,,,
"10. Do students attend schools with safe, inclusive, and supportive environments that support their social, emotional, mental, and physical development and well-being?",Academic Progress & Completion,E-W System Conditions,PK,Equitable discipline practices,"Differences in the rates at which students from key demographic subgroups ever experience different forms of school discipline (office referrals, suspensions, expulsions, restraint, and exclusion) relative to those students’ representation in their school population as a whole",Seclusion,Likely not available,DisciplineAction.DisciplineDescriptor,,,,,Manual,Not Available,,,PK Tables not available in CEDS DWH,PK Tables not available in CEDS DWH,,,,,,,
"10. Do students attend schools with safe, inclusive, and supportive environments that support their social, emotional, mental, and physical development and well-being?",Academic Progress & Completion,E-W System Conditions,PK,Equitable discipline practices,"Disproportionalities along the lines of key demographic characteristics in the level of school discipline experienced (for example, number of days suspended).",Number of days suspended,Likely not available,DisciplineAction.DisciplineActionLength,Found,FactK12StudentDisciplines.DurationOfDisciplinaryAction,FactK12StudentDisciplines.DurationOfDisciplinaryAction,ALSDE Data Code Manual,Automated,Available,Must be cross reference with absence days,,"SELECT
    'Number of days suspended per race (K-12)' AS DataElementName,
    'RecordCount' AS CharacteristicType,
    CAST(COUNT(*) AS NVARCHAR(MAX)) AS Value,
    NULL AS Remarks
FROM RDS.FactK12StudentDisciplines fact
JOIN RDS.DimDisciplineStatuses discStat ON fact.DisciplineStatusId = discStat.DimDisciplineStatusId
WHERE discStat.DisciplinaryActionTakenCode IN 
        ('03071', '03099', '03100', '03101', '03102', '03154', '03155')
group by fact.RaceId","SELECT
    'Number of days suspended per race (K-12)' AS DataElementName,
    'RecordCount' AS CharacteristicType,
    CAST(COUNT(*) AS NVARCHAR(MAX)) AS Value,
    NULL AS Remarks
FROM RDS.FactK12StudentDisciplines fact
JOIN RDS.DimDisciplineStatuses discStat ON fact.DisciplineStatusId = discStat.DimDisciplineStatusId
WHERE discStat.DisciplinaryActionTakenCode IN 
        ('03071', '03099', '03100', '03101', '03102', '03154', '03155')
group by fact.RaceId",,,,,,,
"10. Do students attend schools with safe, inclusive, and supportive environments that support their social, emotional, mental, and physical development and well-being?",Academic Progress & Completion,E-W System Conditions,K12,Equitable discipline practices,"Differences in the rates at which students from key demographic subgroups ever experience different forms of school discipline (office referrals, suspensions, expulsions, restraint, and exclusion) relative to those students’ representation in their school population as a whole",Office referrals,Found,DisciplineAction.DisciplineDescriptor,,,,,Manual,Not Available,,,Missing option set value  : Office Discipline Referral  ,Missing option set value  : Office Discipline Referral  ,,,,,,,
"10. Do students attend schools with safe, inclusive, and supportive environments that support their social, emotional, mental, and physical development and well-being?",Academic Progress & Completion,E-W System Conditions,K12,Equitable discipline practices,"Differences in the rates at which students from key demographic subgroups ever experience different forms of school discipline (office referrals, suspensions, expulsions, restraint, and exclusion) relative to those students’ representation in their school population as a whole",Suspensions,Found,DisciplineAction.DisciplineDescriptor,Found,FactK12StudentDisciplines.DisciplineStatusId,FactK12StudentDisciplines.DisciplineStatusId,ALSDE Data Code Manual,Automated,Available,,,"SELECT
    'Number of Suspensions per race (' + CAST(r.RaceCode AS NVARCHAR(20)) + ')' AS DataElementName,
    'RecordCount' AS CharacteristicType,
    CAST(COUNT(*) AS NVARCHAR(MAX)) AS Value,
    NULL AS Remarks
FROM RDS.FactK12StudentDisciplines fact
JOIN RDS.DimDisciplineStatuses discStat ON fact.DisciplineStatusId = discStat.DimDisciplineStatusId
JOIN RDS.DimRaces r ON fact.RaceId = r.DimRaceId
WHERE 
    discStat.DisciplinaryActionTakenCode IN 
        ('03099',  -- Suspension after school
         '03100',  -- Suspension, in-school
         '03154',  -- Suspension, out-of-school, greater than 10 consecutive days
         '03155',  -- Out-of-school, separate days culminating to more than 10 days
         '03101',  -- Out-of-school, with services
         '03102'   -- Out-of-school, without services
        )
GROUP BY r.RaceCode
","SELECT
    'Number of Suspensions per race (' + CAST(r.RaceCode AS NVARCHAR(20)) + ')' AS DataElementName,
    'RecordCount' AS CharacteristicType,
    CAST(COUNT(*) AS NVARCHAR(MAX)) AS Value,
    NULL AS Remarks
FROM RDS.FactK12StudentDisciplines fact
JOIN RDS.DimDisciplineStatuses discStat ON fact.DisciplineStatusId = discStat.DimDisciplineStatusId
JOIN RDS.DimRaces r ON fact.RaceId = r.DimRaceId
WHERE 
    discStat.DisciplinaryActionTakenCode IN 
        ('03099',  -- Suspension after school
         '03100',  -- Suspension, in-school
         '03154',  -- Suspension, out-of-school, greater than 10 consecutive days
         '03155',  -- Out-of-school, separate days culminating to more than 10 days
         '03101',  -- Out-of-school, with services
         '03102'   -- Out-of-school, without services
        )
GROUP BY r.RaceCode
",,,,,,,
"10. Do students attend schools with safe, inclusive, and supportive environments that support their social, emotional, mental, and physical development and well-being?",Academic Progress & Completion,E-W System Conditions,K12,Equitable discipline practices,"Differences in the rates at which students from key demographic subgroups ever experience different forms of school discipline (office referrals, suspensions, expulsions, restraint, and exclusion) relative to those students’ representation in their school population as a whole",Expulsions,Found,DisciplineAction.DisciplineDescriptor,Found,FactK12StudentDisciplines.DisciplineStatusId,FactK12StudentDisciplines.DisciplineStatusId,ALSDE Data Code Manual,Automated,Available,,,"SELECT
    'Count of disciplinary action (Expulsion) taken per race (K-12)' AS DataElementName,
    'RecordCount' AS CharacteristicType,
    CAST(COUNT(*) AS NVARCHAR(MAX)) AS Value,
    NULL AS Remarks
FROM RDS.FactK12StudentDisciplines fact
JOIN RDS.DimDisciplineStatuses discStat ON fact.DisciplineStatusId = discStat.DimDisciplineStatusId
WHERE discStat.DisciplinaryActionTakenCode IN 
        ('03085', '03086', '03087')
group by fact.RaceId","SELECT
    'Count of disciplinary action (Expulsion) taken per race (K-12)' AS DataElementName,
    'RecordCount' AS CharacteristicType,
    CAST(COUNT(*) AS NVARCHAR(MAX)) AS Value,
    NULL AS Remarks
FROM RDS.FactK12StudentDisciplines fact
JOIN RDS.DimDisciplineStatuses discStat ON fact.DisciplineStatusId = discStat.DimDisciplineStatusId
WHERE discStat.DisciplinaryActionTakenCode IN 
        ('03085', '03086', '03087')
group by fact.RaceId",,,,,,,
"10. Do students attend schools with safe, inclusive, and supportive environments that support their social, emotional, mental, and physical development and well-being?",Academic Progress & Completion,E-W System Conditions,K12,Equitable discipline practices,"Differences in the rates at which students from key demographic subgroups ever experience different forms of school discipline (office referrals, suspensions, expulsions, restraint, and exclusion) relative to those students’ representation in their school population as a whole",Restraint,Found,DisciplineAction.DisciplineDescriptor,Found,FactK12StudentDisciplines.DisciplineStatusId,FactK12StudentDisciplines.DisciplineStatusId,,Manual,Not Available,,,"SELECT
    'Count of disciplinary action (Restraint) taken per race (K-12)' AS DataElementName,
    'RecordCount' AS CharacteristicType,
    CAST(COUNT(*) AS NVARCHAR(MAX)) AS Value,
    NULL AS Remarks
FROM RDS.FactK12StudentDisciplines fact
JOIN RDS.DimDisciplineStatuses discStat ON fact.DisciplineStatusId = discStat.DimDisciplineStatusId
WHERE discStat.DisciplinaryActionTakenCode IN 
        ('13357', '13358')
group by fact.RaceId","SELECT
    'Count of disciplinary action (Restraint) taken per race (K-12)' AS DataElementName,
    'RecordCount' AS CharacteristicType,
    CAST(COUNT(*) AS NVARCHAR(MAX)) AS Value,
    NULL AS Remarks
FROM RDS.FactK12StudentDisciplines fact
JOIN RDS.DimDisciplineStatuses discStat ON fact.DisciplineStatusId = discStat.DimDisciplineStatusId
WHERE discStat.DisciplinaryActionTakenCode IN 
        ('13357', '13358')
group by fact.RaceId",,,,,,,
"10. Do students attend schools with safe, inclusive, and supportive environments that support their social, emotional, mental, and physical development and well-being?",Academic Progress & Completion,E-W System Conditions,K12,Equitable discipline practices,"Differences in the rates at which students from key demographic subgroups ever experience different forms of school discipline (office referrals, suspensions, expulsions, restraint, and exclusion) relative to those students’ representation in their school population as a whole",Seclusion,Found,DisciplineAction.DisciplineDescriptor,Found,FactK12StudentDisciplines.DisciplineStatusId,FactK12StudentDisciplines.DisciplineStatusId,,Manual,Not Available,,,"SELECT
    'Count of disciplinary action (Seclusion) taken per race (K-12)' AS DataElementName,
    'RecordCount' AS CharacteristicType,
    CAST(COUNT(*) AS NVARCHAR(MAX)) AS Value,
    NULL AS Remarks
FROM RDS.FactK12StudentDisciplines fact
JOIN RDS.DimDisciplineStatuses discStat ON fact.DisciplineStatusId = discStat.DimDisciplineStatusId
WHERE discStat.DisciplinaryActionTakenCode IN 
        ('13359')
group by fact.RaceId","SELECT
    'Count of disciplinary action (Seclusion) taken per race (K-12)' AS DataElementName,
    'RecordCount' AS CharacteristicType,
    CAST(COUNT(*) AS NVARCHAR(MAX)) AS Value,
    NULL AS Remarks
FROM RDS.FactK12StudentDisciplines fact
JOIN RDS.DimDisciplineStatuses discStat ON fact.DisciplineStatusId = discStat.DimDisciplineStatusId
WHERE discStat.DisciplinaryActionTakenCode IN 
        ('13359')
group by fact.RaceId",,,,,,,
"10. Do students attend schools with safe, inclusive, and supportive environments that support their social, emotional, mental, and physical development and well-being?",Academic Progress & Completion,E-W System Conditions,K12,Equitable discipline practices,"Disproportionalities along the lines of key demographic characteristics in the level of school discipline experienced (for example, number of days suspended).",Number of days suspended,Found,DisciplineAction.DisciplineActionLength,Found,FactK12StudentDisciplines.DurationOfDisciplinaryAction,FactK12StudentDisciplines.DurationOfDisciplinaryAction,ALSDE Data Code Manual,Automated,Available,Must be cross reference with absence days,,"SELECT
    'Number of days suspended per race (K-12)' AS DataElementName,
    'RecordCount' AS CharacteristicType,
    CAST(COUNT(*) AS NVARCHAR(MAX)) AS Value,
    NULL AS Remarks
FROM RDS.FactK12StudentDisciplines fact
JOIN RDS.DimDisciplineStatuses discStat ON fact.DisciplineStatusId = discStat.DimDisciplineStatusId
WHERE discStat.DisciplinaryActionTakenCode IN 
        ('03071', '03099', '03100', '03101', '03102', '03154', '03155')
group by fact.RaceId","SELECT
    'Number of days suspended per race (K-12)' AS DataElementName,
    'RecordCount' AS CharacteristicType,
    CAST(COUNT(*) AS NVARCHAR(MAX)) AS Value,
    NULL AS Remarks
FROM RDS.FactK12StudentDisciplines fact
JOIN RDS.DimDisciplineStatuses discStat ON fact.DisciplineStatusId = discStat.DimDisciplineStatusId
WHERE discStat.DisciplinaryActionTakenCode IN 
        ('03071', '03099', '03100', '03101', '03102', '03154', '03155')
group by fact.RaceId",,,,,,,
"10. Do students attend schools with safe, inclusive, and supportive environments that support their social, emotional, mental, and physical development and well-being?","Social, Emotional, & Physical Wellbeing",E-W System Conditions,PK,Inclusive environments,"Percentage of children reporting positive feelings toward their school, as measured by questionnaires such as the Collaborative for Academic, Social, and Emotional Learning’s (CASEL) How I Feel About My School questionnaire",Results on Pre-K sense of belonging questionnaire,Likely not available,"SurveyQuestionResponseSurveyQuestionResponseValue.NumericResponse, SurveyQuestionResponseSurveyQuestionResponseValue.TextResponse",,,,,Manual,Not Available,,,PK Tables not available in CEDS DWH,,,,,,,,
"10. Do students attend schools with safe, inclusive, and supportive environments that support their social, emotional, mental, and physical development and well-being?","Social, Emotional, & Physical Wellbeing",E-W System Conditions,PK,Inclusive environments,"Percentage of classrooms demonstrating equitable sociocultural interactions, as measured by observational assessments, such as Assessing Classroom Sociocultural Equity Scale (ACSES)",Results on sociocultural observational assessment,Likely not available,"SurveyQuestionResponseSurveyQuestionResponseValue.NumericResponse, SurveyQuestionResponseSurveyQuestionResponseValue.TextResponse",,,,,Manual,Not Available,,,PK Tables not available in CEDS DWH,,,,,,,,
"10. Do students attend schools with safe, inclusive, and supportive environments that support their social, emotional, mental, and physical development and well-being?","Social, Emotional, & Physical Wellbeing",E-W System Conditions,K12,Inclusive environments,"Percentage of students reporting belonging in school, as measured by surveys such as the Sense of Belonging subscale of the CORE Districts school culture and climate survey,  the Classroom Belonging subscale of the Panorama Student Survey,  or the Elevate survey’s Affirming Identities and Classroom Community scales",Results on K-12 sense of belonging survey,Found,"SurveyQuestionResponseSurveyQuestionResponseValue.NumericResponse, SurveyQuestionResponseSurveyQuestionResponseValue.TextResponse",,,,,Manual,Not Available,,,,,,,,,,,
"10. Do students attend schools with safe, inclusive, and supportive environments that support their social, emotional, mental, and physical development and well-being?","Social, Emotional, & Physical Wellbeing",E-W System Conditions,PS,Inclusive environments,"Percentage of students reporting belonging on campus, as measured by surveys such as the Higher Education Research Institute (HERI) Diverse Learning Environments Survey  or the National Institute for Transformation and Equity (NITE) Culturally Engaging Campus Environments Survey",Results on campus sense of belonging survey,Not Found,N/A,,,,,Manual,Not Available,,,,,,,,,,,
"10. Do students attend schools with safe, inclusive, and supportive environments that support their social, emotional, mental, and physical development and well-being?","Social, Emotional, & Physical Wellbeing",E-W System Conditions,WF,Inclusive environments,"Percentage of employees reporting belonging at work, as measured by surveys such as the Association of American Medical Colleges (AAMC)  Diversity Engagement Survey",Results on workplace sense of belonging survey,Not Found,N/A,,,,,Manual,Not Available,,,,,,,,,,,
"10. Do students attend schools with safe, inclusive, and supportive environments that support their social, emotional, mental, and physical development and well-being?","Social, Emotional, & Physical Wellbeing",E-W System Conditions,K12,School safety,"Percentage of students reporting high levels of physical, mental, and emotional safety in school climate surveys, such as the U.S. Department of Education ED School Climate Surveys (EDSCLS),  the Sense of Safety subscale within the CORE Districts school culture and climate survey,  or the School Safety subscale within the Panorama Student Survey.",Results on school climate survey (K-12),Found,"SurveyQuestionResponseSurveyQuestionResponseValue.NumericResponse, SurveyQuestionResponseSurveyQuestionResponseValue.TextResponse",,,,,Manual,Not Available,,,,,,,,,,,
"10. Do students attend schools with safe, inclusive, and supportive environments that support their social, emotional, mental, and physical development and well-being?","Social, Emotional, & Physical Wellbeing",E-W System Conditions,PS,School safety,"Percentage of students reporting physical safety and freedom from harassment and discrimination in campus surveys, such as the National Survey of Student Engagement",Results on campus climate survey (Postsecondary),Not Found,N/A,,,,,Manual,Not Available,,,,,,,,,,,
"10. Do students attend schools with safe, inclusive, and supportive environments that support their social, emotional, mental, and physical development and well-being?",Academic Progress & Completion,E-W System Conditions,PK,School-family engagement,"Percentage of families and percentage of teachers or caregivers reporting positive relationship quality with one another, using a tool such as the Family and Provider/Teacher Relationship Quality (FPTRQ) parent survey",Results on family engagement surveys (Pre-K),Likely not available,"SurveyQuestionResponseSurveyQuestionResponseValue.NumericResponse, SurveyQuestionResponseSurveyQuestionResponseValue.TextResponse",,,,,Manual,Not Available,,,PK Tables not available in CEDS DWH,PK Tables not available in CEDS DWH,,,,,,,
"10. Do students attend schools with safe, inclusive, and supportive environments that support their social, emotional, mental, and physical development and well-being?",Academic Progress & Completion,E-W System Conditions,K12,School-family engagement,"Mean scores on family surveys, such as the Panorama Family-School Relationships Survey  or CORE Districts School Culture & Climate Survey parent assessment of school-community engagement",Results on family engagement surveys (K-12),Found,"SurveyQuestionResponseSurveyQuestionResponseValue.NumericResponse, SurveyQuestionResponseSurveyQuestionResponseValue.TextResponse",,,,,Manual,Not Available,,,CEDS DWH does not contain elements ,CEDS DWH does not contain elements ,,,,,,,
"11. Are students demonstrating satisfactory academic progress, consistent attendance, and positive behavior to be considered on track for high school graduation?",Academic Progress & Completion,Outcomes & Milestones,K12,8th grade on track,"Percentage of students in grade 8 with a GPA of 2.5 or higher, no Ds or Fs in English language arts or math, attendance of 96 percent or higher, and no in- or out-of-school suspensions or expulsions.",Student grade level,Found,StudentSchoolAssociation.EntryGradeLevel,Found,FactK12Enrollments.EntryGradeId,FactK12Enrollments.EntryGradeId,ALSDE Data Code Manual,Automated,Available,,,"select
        'Number of Students (Grade 8)' AS DataElementName,
    'RecordCount' AS CharacteristicType,
        CAST(COUNT(*) AS NVARCHAR(MAX)) AS Value,
    NULL AS Remarks
    from
        RDS.FactK12StudentEnrollments f
        join RDS.DimGradeLevels g on f.EntryGradeLevelId = g.DimGradeLevelId
    where
         g.GradeLevelCode in ('08')","select
        'Number of Students (Grade 8)' AS DataElementName,
    'RecordCount' AS CharacteristicType,
        CAST(COUNT(*) AS NVARCHAR(MAX)) AS Value,
    NULL AS Remarks
    from
        RDS.FactK12StudentEnrollments f
        join RDS.DimGradeLevels g on f.EntryGradeLevelId = g.DimGradeLevelId
    where
         g.GradeLevelCode in ('08')",,,,,,,
"11. Are students demonstrating satisfactory academic progress, consistent attendance, and positive behavior to be considered on track for high school graduation?",Academic Progress & Completion,Outcomes & Milestones,K12,8th grade on track,"Percentage of students in grade 8 with a GPA of 2.5 or higher, no Ds or Fs in English language arts or math, attendance of 96 percent or higher, and no in- or out-of-school suspensions or expulsions.",GPA (Grade 8),Found,GradePointAverage.GradePointAverageValue,,,,Student Data Application Guide,Automated,Available,p. 57,,"Missingelements in CEDS DWH:
Grade Value Qualifier
StudentCourseSectionGradeEarned","Missingelements in CEDS DWH:
Grade Value Qualifier
StudentCourseSectionGradeEarned",,,,,,,
"11. Are students demonstrating satisfactory academic progress, consistent attendance, and positive behavior to be considered on track for high school graduation?",Academic Progress & Completion,Outcomes & Milestones,K12,8th grade on track,"Percentage of students in grade 8 with a GPA of 2.5 or higher, no Ds or Fs in English language arts or math, attendance of 96 percent or higher, and no in- or out-of-school suspensions or expulsions.",Course performance in English (Grade 8),Found,"CourseTranscript.CourseAttempResultDescriptor, CourseTranscript.StudentAcademicRecord.FinalNumericGradeEarned, CourseTranscript.StudentAcademicRecord.FinalLetterGradeEarned",,,,Student Data Application Guide,Automated,Available,p. 57,,"Missingelements in CEDS DWH:
Grade Value Qualifier
StudentCourseSectionGradeEarned","Missingelements in CEDS DWH:
Grade Value Qualifier
StudentCourseSectionGradeEarned",,,,,,,
"11. Are students demonstrating satisfactory academic progress, consistent attendance, and positive behavior to be considered on track for high school graduation?",Academic Progress & Completion,Outcomes & Milestones,K12,8th grade on track,"Percentage of students in grade 8 with a GPA of 2.5 or higher, no Ds or Fs in English language arts or math, attendance of 96 percent or higher, and no in- or out-of-school suspensions or expulsions.",Course performance in Math (Grade 8),Not Found,N/A,,,,Student Data Application Guide,Automated,Available,p. 57,,"Missingelements in CEDS DWH:
Grade Value Qualifier
StudentCourseSectionGradeEarned","Missingelements in CEDS DWH:
Grade Value Qualifier
StudentCourseSectionGradeEarned",,,,,,,
"11. Are students demonstrating satisfactory academic progress, consistent attendance, and positive behavior to be considered on track for high school graduation?",Academic Progress & Completion,Outcomes & Milestones,K12,8th grade on track,"Percentage of students in grade 8 with a GPA of 2.5 or higher, no Ds or Fs in English language arts or math, attendance of 96 percent or higher, and no in- or out-of-school suspensions or expulsions.",Student attendance rate (Grade 8),Not Found,N/A,Found,FactK12StudentAttendanceRates.StudentAttendanceRate,FactK12StudentAttendanceRates.StudentAttendanceRate,ALSDE Data Code Manual,Automated,Available,,,"
      select
        'Attendance rate  (Grade 8)' AS DataElementName,
    'RecordCount' AS CharacteristicType,
        CAST(COUNT(a.StudentAttendanceRate) AS NVARCHAR(MAX)) AS Value,
    NULL AS Remarks
    from
        RDS.FactK12StudentEnrollments f
        join RDS.DimGradeLevels g on f.EntryGradeLevelId = g.DimGradeLevelId
        join RDS.DimSchoolYears y on f.SchoolYearId = y.DimSchoolYearId
        join RDS.DimDates entry_dt on entry_dt.DimDateId = f.EnrollmentEntryDateId
        join RDS.DimDates exit_dt on exit_dt.DimDateId = f.EnrollmentExitDateId
        join RDS.FactK12StudentAttendanceRates a on f.K12StudentId = a.K12StudentId
        and f.SchoolYearId = a.SchoolYearId
                join RDS.FactK12StudentDisciplines d on f.K12StudentId = d.K12StudentId
        and f.SchoolYearId = d.SchoolYearId
        join RDS.DimDates discp_dt on discp_dt.DimDateId = d.DisciplinaryActionStartDateId
    where
        g.GradeLevelCode in ('08') and
        discp_dt.DateValue between entry_dt.DateValue
        and exit_dt.DateValue; ","
      select
        'Attendance rate  (Grade 8)' AS DataElementName,
    'RecordCount' AS CharacteristicType,
        CAST(COUNT(a.StudentAttendanceRate) AS NVARCHAR(MAX)) AS Value,
    NULL AS Remarks
    from
        RDS.FactK12StudentEnrollments f
        join RDS.DimGradeLevels g on f.EntryGradeLevelId = g.DimGradeLevelId
        join RDS.DimSchoolYears y on f.SchoolYearId = y.DimSchoolYearId
        join RDS.DimDates entry_dt on entry_dt.DimDateId = f.EnrollmentEntryDateId
        join RDS.DimDates exit_dt on exit_dt.DimDateId = f.EnrollmentExitDateId
        join RDS.FactK12StudentAttendanceRates a on f.K12StudentId = a.K12StudentId
        and f.SchoolYearId = a.SchoolYearId
                join RDS.FactK12StudentDisciplines d on f.K12StudentId = d.K12StudentId
        and f.SchoolYearId = d.SchoolYearId
        join RDS.DimDates discp_dt on discp_dt.DimDateId = d.DisciplinaryActionStartDateId
    where
        g.GradeLevelCode in ('08') and
        discp_dt.DateValue between entry_dt.DateValue
        and exit_dt.DateValue; ",,,,,,,
"11. Are students demonstrating satisfactory academic progress, consistent attendance, and positive behavior to be considered on track for high school graduation?",Academic Progress & Completion,Outcomes & Milestones,K12,8th grade on track,"Percentage of students in grade 8 with a GPA of 2.5 or higher, no Ds or Fs in English language arts or math, attendance of 96 percent or higher, and no in- or out-of-school suspensions or expulsions.",Suspension (Grade 8),Found,DisciplineAction.DisciplineDescriptor,Found,FactK12StudentDisciplines.DisciplineStatusId,FactK12StudentDisciplines.DisciplineStatusId,ALSDE Data Code Manual,Automated,Available,,,"SELECT
    'Number of Suspensions  (Grades 8)' AS DataElementName,
    'RecordCount' AS CharacteristicType,
    CAST(COUNT(*) AS NVARCHAR(MAX)) AS Value,
    NULL AS Remarks
FROM RDS.FactK12StudentDisciplines fact
JOIN RDS.DimDisciplineStatuses discStat ON fact.DisciplineStatusId = discStat.DimDisciplineStatusId
JOIN RDS.DimGradeLevels gradeLevel ON fact.GradeLevelId = gradeLevel.DimGradeLevelId
WHERE g.GradeLevelCode in ('08') and
discStat.DisciplinaryActionTakenCode IN 
        ('03099' -- Suspension after school
        ,'03100' -- Suspension, in-school
        ,'03154' -- Suspension, out-of-school, greater than 10 consecutive days
        ,'03155' -- Suspension, out-of-school, separate days culminating to more than 10 school days
        ,'03101' -- Suspension, out-of-school, with services
        ,'03102' -- Suspension, out-of-school, without services
        )","SELECT
    'Number of Suspensions  (Grades 8)' AS DataElementName,
    'RecordCount' AS CharacteristicType,
    CAST(COUNT(*) AS NVARCHAR(MAX)) AS Value,
    NULL AS Remarks
FROM RDS.FactK12StudentDisciplines fact
JOIN RDS.DimDisciplineStatuses discStat ON fact.DisciplineStatusId = discStat.DimDisciplineStatusId
JOIN RDS.DimGradeLevels gradeLevel ON fact.GradeLevelId = gradeLevel.DimGradeLevelId
WHERE g.GradeLevelCode in ('08') and
discStat.DisciplinaryActionTakenCode IN 
        ('03099' -- Suspension after school
        ,'03100' -- Suspension, in-school
        ,'03154' -- Suspension, out-of-school, greater than 10 consecutive days
        ,'03155' -- Suspension, out-of-school, separate days culminating to more than 10 school days
        ,'03101' -- Suspension, out-of-school, with services
        ,'03102' -- Suspension, out-of-school, without services
        )",,,,,,,
"11. Are students demonstrating satisfactory academic progress, consistent attendance, and positive behavior to be considered on track for high school graduation?",Academic Progress & Completion,Outcomes & Milestones,K12,8th grade on track,"Percentage of students in grade 8 with a GPA of 2.5 or higher, no Ds or Fs in English language arts or math, attendance of 96 percent or higher, and no in- or out-of-school suspensions or expulsions.",Expulsions (Grade 8),Found,DisciplineAction.DisciplineDescriptor,Found,FactK12StudentDisciplines.DisciplineStatusId,FactK12StudentDisciplines.DisciplineStatusId,ALSDE Data Code Manual,Automated,Available,,,"SELECT
    'Number of Expulsions  (Grades 8)' AS DataElementName,
    'RecordCount' AS CharacteristicType,
    CAST(COUNT(*) AS NVARCHAR(MAX)) AS Value,
    NULL AS Remarks
FROM RDS.FactK12StudentDisciplines fact
JOIN RDS.DimDisciplineStatuses discStat ON fact.DisciplineStatusId = discStat.DimDisciplineStatusId
JOIN RDS.DimGradeLevels gradeLevel ON fact.GradeLevelId = gradeLevel.DimGradeLevelId
WHERE g.GradeLevelCode in ('08') and
discStat.DisciplinaryActionTakenCode IN 
        ('03086' -- Expulsion with services
        ,'03087' -- Expulsion without services
        )","SELECT
    'Number of Expulsions  (Grades 8)' AS DataElementName,
    'RecordCount' AS CharacteristicType,
    CAST(COUNT(*) AS NVARCHAR(MAX)) AS Value,
    NULL AS Remarks
FROM RDS.FactK12StudentDisciplines fact
JOIN RDS.DimDisciplineStatuses discStat ON fact.DisciplineStatusId = discStat.DimDisciplineStatusId
JOIN RDS.DimGradeLevels gradeLevel ON fact.GradeLevelId = gradeLevel.DimGradeLevelId
WHERE g.GradeLevelCode in ('08') and
discStat.DisciplinaryActionTakenCode IN 
        ('03086' -- Expulsion with services
        ,'03087' -- Expulsion without services
        )",,,,,,,
"11. Are students demonstrating satisfactory academic progress, consistent attendance, and positive behavior to be considered on track for high school graduation?",Academic Progress & Completion,Outcomes & Milestones,K12,9th grade on track,"Percentage of grade 9 students with attendance of 96 percent or higher, no more than one in- or out-of-school suspensions, and no more than one semester course failure in any subject",Student grade level,Found,StudentSchoolAssociation.EntryGradeLevel,Found,FactK12Enrollments.EntryGradeId,FactK12Enrollments.EntryGradeId,ALSDE Data Code Manual,Automated,Available,,,"select
        'Number of Students (Grade 9)' AS DataElementName,
    'RecordCount' AS CharacteristicType,
        CAST(COUNT(*) AS NVARCHAR(MAX)) AS Value,
    NULL AS Remarks
    from
        RDS.FactK12StudentEnrollments f
        join RDS.DimGradeLevels g on f.EntryGradeLevelId = g.DimGradeLevelId
    where
         g.GradeLevelCode in ('09')","select
        'Number of Students (Grade 9)' AS DataElementName,
    'RecordCount' AS CharacteristicType,
        CAST(COUNT(*) AS NVARCHAR(MAX)) AS Value,
    NULL AS Remarks
    from
        RDS.FactK12StudentEnrollments f
        join RDS.DimGradeLevels g on f.EntryGradeLevelId = g.DimGradeLevelId
    where
         g.GradeLevelCode in ('09')",,,,,,,
"11. Are students demonstrating satisfactory academic progress, consistent attendance, and positive behavior to be considered on track for high school graduation?",Academic Progress & Completion,Outcomes & Milestones,K12,9th grade on track,"Percentage of grade 9 students with attendance of 96 percent or higher, no more than one in- or out-of-school suspensions, and no more than one semester course failure in any subject",Student attendance rate (Grade 9),Not Found,N/A,Found,FactK12StudentAttendanceRates.StudentAttendanceRate,FactK12StudentAttendanceRates.StudentAttendanceRate,ALSDE Data Code Manual,Automated,Available,,,"
                select
        'Attendance rate(Grade 9)' AS DataElementName,
    'RecordCount' AS CharacteristicType,
        CAST(COUNT(a.StudentAttendanceRate) AS NVARCHAR(MAX)) AS Value,
    NULL AS Remarks
    from
        RDS.FactK12StudentEnrollments f
        join RDS.DimGradeLevels g on f.EntryGradeLevelId = g.DimGradeLevelId
        join RDS.DimSchoolYears y on f.SchoolYearId = y.DimSchoolYearId
        join RDS.DimDates entry_dt on entry_dt.DimDateId = f.EnrollmentEntryDateId
        join RDS.DimDates exit_dt on exit_dt.DimDateId = f.EnrollmentExitDateId
        join RDS.FactK12StudentAttendanceRates a on f.K12StudentId = a.K12StudentId
        and f.SchoolYearId = a.SchoolYearId
                join RDS.FactK12StudentDisciplines d on f.K12StudentId = d.K12StudentId
        and f.SchoolYearId = d.SchoolYearId
        join RDS.DimDates discp_dt on discp_dt.DimDateId = d.DisciplinaryActionStartDateId
    where
        g.GradeLevelCode in ('09') and
        discp_dt.DateValue between entry_dt.DateValue
        and exit_dt.DateValue;","
                select
        'Attendance rate(Grade 9)' AS DataElementName,
    'RecordCount' AS CharacteristicType,
        CAST(COUNT(a.StudentAttendanceRate) AS NVARCHAR(MAX)) AS Value,
    NULL AS Remarks
    from
        RDS.FactK12StudentEnrollments f
        join RDS.DimGradeLevels g on f.EntryGradeLevelId = g.DimGradeLevelId
        join RDS.DimSchoolYears y on f.SchoolYearId = y.DimSchoolYearId
        join RDS.DimDates entry_dt on entry_dt.DimDateId = f.EnrollmentEntryDateId
        join RDS.DimDates exit_dt on exit_dt.DimDateId = f.EnrollmentExitDateId
        join RDS.FactK12StudentAttendanceRates a on f.K12StudentId = a.K12StudentId
        and f.SchoolYearId = a.SchoolYearId
                join RDS.FactK12StudentDisciplines d on f.K12StudentId = d.K12StudentId
        and f.SchoolYearId = d.SchoolYearId
        join RDS.DimDates discp_dt on discp_dt.DimDateId = d.DisciplinaryActionStartDateId
    where
        g.GradeLevelCode in ('09') and
        discp_dt.DateValue between entry_dt.DateValue
        and exit_dt.DateValue;",,,,,,,
"11. Are students demonstrating satisfactory academic progress, consistent attendance, and positive behavior to be considered on track for high school graduation?",Academic Progress & Completion,Outcomes & Milestones,K12,9th grade on track,"Percentage of grade 9 students with attendance of 96 percent or higher, no more than one in- or out-of-school suspensions, and no more than one semester course failure in any subject",Suspension (Grade 9),Found,"DisciplineAction.DisciplineDescriptor, DisciplineAction.Student, StudentEducationOrganizationAssociation.Race, StudentEducationOrganizationAssociation.Sex, StudentEducationOrganizationAssociation.StudentCharacteristic",Found,FactK12StudentDisciplines.DisciplineStatusId,FactK12StudentDisciplines.DisciplineStatusId,ALSDE Data Code Manual,Automated,Available,,,"SELECT
    'Number of Expulsions  (Grades 9)' AS DataElementName,
    'RecordCount' AS CharacteristicType,
    CAST(COUNT(*) AS NVARCHAR(MAX)) AS Value,
    NULL AS Remarks
FROM RDS.FactK12StudentDisciplines fact
JOIN RDS.DimDisciplineStatuses discStat ON fact.DisciplineStatusId = discStat.DimDisciplineStatusId
JOIN RDS.DimGradeLevels gradeLevel ON fact.GradeLevelId = gradeLevel.DimGradeLevelId
WHERE g.GradeLevelCode in ('06') and
discStat.DisciplinaryActionTakenCode IN 
        ('03086' -- Expulsion with services
        ,'03087' -- Expulsion without services
        )","SELECT
    'Number of Expulsions  (Grades 9)' AS DataElementName,
    'RecordCount' AS CharacteristicType,
    CAST(COUNT(*) AS NVARCHAR(MAX)) AS Value,
    NULL AS Remarks
FROM RDS.FactK12StudentDisciplines fact
JOIN RDS.DimDisciplineStatuses discStat ON fact.DisciplineStatusId = discStat.DimDisciplineStatusId
JOIN RDS.DimGradeLevels gradeLevel ON fact.GradeLevelId = gradeLevel.DimGradeLevelId
WHERE g.GradeLevelCode in ('06') and
discStat.DisciplinaryActionTakenCode IN 
        ('03086' -- Expulsion with services
        ,'03087' -- Expulsion without services
        )",,,,,,,
"11. Are students demonstrating satisfactory academic progress, consistent attendance, and positive behavior to be considered on track for high school graduation?",Academic Progress & Completion,Outcomes & Milestones,K12,9th grade on track,"Percentage of grade 9 students with attendance of 96 percent or higher, no more than one in- or out-of-school suspensions, and no more than one semester course failure in any subject",Course passage or completion (Grade 9),Found,CourseTranscript.CourseAttempResultDescriptor,,,,Student Data Application Guide,Automated,Available,p. 57,,"Missingelements in CEDS DWH:
Grade Value Qualifier
StudentCourseSectionGradeEarned","Missingelements in CEDS DWH:
Grade Value Qualifier
StudentCourseSectionGradeEarned",,,,,,,
"11. Are students demonstrating satisfactory academic progress, consistent attendance, and positive behavior to be considered on track for high school graduation?",Academic Progress & Completion,Outcomes & Milestones,K12,9th grade on track,"Percentage of grade 9 students with attendance of 96 percent or higher, no more than one in- or out-of-school suspensions, and no more than one semester course failure in any subject",Course failure (Grade 9),Found,CourseTranscript.CourseAttempResultDescriptor,,,,Student Data Application Guide,Automated,Available,p. 57,,"Missingelements in CEDS DWH:
Grade Value Qualifier
StudentCourseSectionGradeEarned","Missingelements in CEDS DWH:
Grade Value Qualifier
StudentCourseSectionGradeEarned",,,,,,,
"11. Are students demonstrating satisfactory academic progress, consistent attendance, and positive behavior to be considered on track for high school graduation?",Academic Progress & Completion,E-W System Conditions,PK,"Access to quality, culturally responsive curricula","Percentage of teachers regularly using standards-aligned, culturally responsive curricula",No specific data elements recommended by framework,Not Found,N/A,,,,,Manual,Not Available,,Heavy Lift,PK Tables not available in CEDS DWH,PK Tables not available in CEDS DWH,,,,,,,
"11. Are students demonstrating satisfactory academic progress, consistent attendance, and positive behavior to be considered on track for high school graduation?",Academic Progress & Completion,E-W System Conditions,K12,"Access to quality, culturally responsive curricula","Percentage of teachers regularly using standards-aligned, culturally responsive curricula",No specific data elements recommended by framework,Not Found,N/A,,,,,Manual,Not Available,,Heavy Lift,CEDS DWH does not contain elements ,CEDS DWH does not contain elements ,,,,,,,
"11. Are students demonstrating satisfactory academic progress, consistent attendance, and positive behavior to be considered on track for high school graduation?",Academic Progress & Completion,E-W System Conditions,PS,"Access to quality, culturally responsive curricula","Percentage of teachers regularly using standards-aligned, culturally responsive curricula",No specific data elements recommended by framework,Not Found,N/A,,,,,Manual,Not Available,,Heavy Lift,CEDS DWH does not contain elements ,CEDS DWH does not contain elements ,,,,,,,
"11. Are students demonstrating satisfactory academic progress, consistent attendance, and positive behavior to be considered on track for high school graduation?",Academic Progress & Completion,E-W System Conditions,PK,Classroom observations of instructional practice,"Scores on measures of teacher–child interactions, such as the Classroom Assessment Scoring System (CLASS),  the Early Childhood Environment Rating Scale (ECERS) Interactions subscale,  or the Assessing Classroom Sociocultural Equity Scale (ACSES)  (which assesses equitable classroom interactions)",Results on teacher-child interaction measure,Likely not available,"PerformanceEvaluationRating.PerformanceEvaluationRatingResult (TPDM), EvaluationRatingRatingResult.Rating (TPDM)",Not Found,N/A,N/A,,Manual,Not Available,,,PK Tables not available in CEDS DWH,PK Tables not available in CEDS DWH,,,,,,,
"11. Are students demonstrating satisfactory academic progress, consistent attendance, and positive behavior to be considered on track for high school graduation?",Academic Progress & Completion,E-W System Conditions,K12,Classroom observations of instructional practice,"Scores on measures of teacher–child interactions, such as the Classroom Assessment Scoring System (CLASS),  the Early Childhood Environment Rating Scale (ECERS) Interactions subscale,  or the Assessing Classroom Sociocultural Equity Scale (ACSES)  (which assesses equitable classroom interactions)",Overall teacher observation score,Found,"PerformanceEvaluationRating.PerformanceEvaluationRatingResult (TPDM), EvaluationRatingRatingResult.Rating (TPDM)","Not Found in V11 
Found in V13",N/A,FactK12StaffAssessments.AssessmentResultScoreValueScaleScore,Alabama Teacher Growth Program,Automated,Available,Data not publicly available,,"select
    'Overall teacher observation score (K-12)' AS DataElementName,
    'RecordCount' AS CharacteristicType,
     CAST(COUNT(*) AS NVARCHAR(MAX)) AS Value,
    NULL AS Remarks 
from RDS.FactK12StaffAssessments f
join RDS.DimAssessments d
on f.AssessmentId = d.DimAssessmentId
where d.AssessmentTypeAdministeredDescription like '%observation%' 
    and f.AssessmentResultScoreValueScaleScore is not null;","select
    'Overall teacher observation score (K-12)' AS DataElementName,
    'RecordCount' AS CharacteristicType,
     CAST(COUNT(*) AS NVARCHAR(MAX)) AS Value,
    NULL AS Remarks 
from RDS.FactK12StaffAssessments f
join RDS.DimAssessments d
on f.AssessmentId = d.DimAssessmentId
where d.AssessmentTypeAdministeredDescription like '%observation%' 
    and f.AssessmentResultScoreValueScaleScore is not null;",,,,,,,
"11. Are students demonstrating satisfactory academic progress, consistent attendance, and positive behavior to be considered on track for high school graduation?",Academic Progress & Completion,E-W System Conditions,K12,Classroom observations of instructional practice,"Scores on measures of teacher–child interactions, such as the Classroom Assessment Scoring System (CLASS),  the Early Childhood Environment Rating Scale (ECERS) Interactions subscale,  or the Assessing Classroom Sociocultural Equity Scale (ACSES)  (which assesses equitable classroom interactions)",Subscale observation scores,Found,"PerformanceEvaluationRating.PerformanceEvaluationRatingResult (TPDM), EvaluationRatingRatingResult.Rating (TPDM)","Not Found in V11 
Found in V13",N/A,FactK12StaffAssessments.AssessmentResultScoreValueScaleScore,Alabama Teacher Growth Program,Automated,Available,Data not publicly available,,"Available fields:
                AssessmentResultScoreValueScaleScore is not null
                AssessmentTypeCode = 'Observation' 
               AssessmentIdentifier =subscale assessment code'

Missing tables in CEDS DWH to store relation between staff and assessment results
Missing column in CEDS DWH :Staff Evaluation System","select
    'Subscale observation scores (K-12)' AS DataElementName,
    'RecordCount' AS CharacteristicType,
     CAST(COUNT(*) AS NVARCHAR(MAX)) AS Value,
    NULL AS Remarks 
from RDS.FactK12StaffAssessments f
join RDS.DimAssessments d
on f.AssessmentId = d.DimAssessmentId
where d.AssessmentTypeAdministeredDescription like '%observation%' 
    and f.AssessmentResultScoreValueScaleScore is not null;",,,,,,,
"11. Are students demonstrating satisfactory academic progress, consistent attendance, and positive behavior to be considered on track for high school graduation?",Academic Progress & Completion,E-W System Conditions,PS,Classroom observations of instructional practice,"Postsecondary: There are currently no widely used standardized rubrics for peer observations of college teaching, though multiple researchers and universities have produced guidance surrounding the peer observation process",Instructor observation results,Likely not available,"PerformanceEvaluationRating.PerformanceEvaluationRatingResult (TPDM), EvaluationRatingRatingResult.Rating (TPDM)",Not Found,N/A,N/A,,Manual,Not Available,,,"
Missing tables in CEDS DWH to store relation between  PS staff and assessment results
","
Missing tables in CEDS DWH to store relation between  PS staff and assessment results
",,,,,,,
"11. Are students demonstrating satisfactory academic progress, consistent attendance, and positive behavior to be considered on track for high school graduation?",Academic Progress & Completion,Outcomes & Milestones,PK,Consistent attendance,"Percentage of students who are present for more than 90 percent of their enrolled days, excluding students enrolled for fewer than 90 days",Student attendance rate,Not Found,N/A,,,,ALSDE Data Code Manual,Automated,Available,,,PK Tables not available in CEDS DWH,PK Tables not available in CEDS DWH,,,,,,,
"11. Are students demonstrating satisfactory academic progress, consistent attendance, and positive behavior to be considered on track for high school graduation?",Academic Progress & Completion,Outcomes & Milestones,K12,Consistent attendance,"Percentage of students who are present for more than 90 percent of their enrolled days, excluding students enrolled for fewer than 90 days",Student attendance rate,Not Found,N/A,Found,FactK12StudentAttendanceRates.StudentAttendanceRate,FactK12StudentAttendanceRates.StudentAttendanceRate,ALSDE Data Code Manual,Automated,Available,,,"
                select
        'Attendance rate (K-12)' AS DataElementName,
    'RecordCount' AS CharacteristicType,
        CAST(COUNT(a.StudentAttendanceRate) AS NVARCHAR(MAX)) AS Value,
    NULL AS Remarks
    from
        RDS.FactK12StudentEnrollments f
        join RDS.DimGradeLevels g on f.EntryGradeLevelId = g.DimGradeLevelId
        join RDS.DimSchoolYears y on f.SchoolYearId = y.DimSchoolYearId
        join RDS.DimDates entry_dt on entry_dt.DimDateId = f.EnrollmentEntryDateId
        join RDS.DimDates exit_dt on exit_dt.DimDateId = f.EnrollmentExitDateId
        join RDS.FactK12StudentAttendanceRates a on f.K12StudentId = a.K12StudentId
        and f.SchoolYearId = a.SchoolYearId
                join RDS.FactK12StudentDisciplines d on f.K12StudentId = d.K12StudentId
        and f.SchoolYearId = d.SchoolYearId
        join RDS.DimDates discp_dt on discp_dt.DimDateId = d.DisciplinaryActionStartDateId
    where
        discp_dt.DateValue between entry_dt.DateValue
        and exit_dt.DateValue;","
                select
        'Attendance rate (K-12)' AS DataElementName,
    'RecordCount' AS CharacteristicType,
        CAST(COUNT(a.StudentAttendanceRate) AS NVARCHAR(MAX)) AS Value,
    NULL AS Remarks
    from
        RDS.FactK12StudentEnrollments f
        join RDS.DimGradeLevels g on f.EntryGradeLevelId = g.DimGradeLevelId
        join RDS.DimSchoolYears y on f.SchoolYearId = y.DimSchoolYearId
        join RDS.DimDates entry_dt on entry_dt.DimDateId = f.EnrollmentEntryDateId
        join RDS.DimDates exit_dt on exit_dt.DimDateId = f.EnrollmentExitDateId
        join RDS.FactK12StudentAttendanceRates a on f.K12StudentId = a.K12StudentId
        and f.SchoolYearId = a.SchoolYearId
                join RDS.FactK12StudentDisciplines d on f.K12StudentId = d.K12StudentId
        and f.SchoolYearId = d.SchoolYearId
        join RDS.DimDates discp_dt on discp_dt.DimDateId = d.DisciplinaryActionStartDateId
    where
        discp_dt.DateValue between entry_dt.DateValue
        and exit_dt.DateValue;",,,,,,,
"11. Are students demonstrating satisfactory academic progress, consistent attendance, and positive behavior to be considered on track for high school graduation?",Academic Progress & Completion,Outcomes & Milestones,PS,Consistent attendance,"Percentage of students who are present for more than 90 percent of their enrolled days, excluding students enrolled for fewer than 90 days",Student attendance rate,Not Found,N/A,,,,ALSDE Data Code Manual,Automated,Available,,,CEDS DWH PS attendance table not present,CEDS DWH PS attendance table not present,,,,,,,
"11. Are students demonstrating satisfactory academic progress, consistent attendance, and positive behavior to be considered on track for high school graduation?",Academic Progress & Completion,E-W System Conditions,PK,Educator retention,Teacher retention: Percentage of teachers who return to teaching in the same school from year to year,"Job title or position type (teacher or educator, prior and current year)",Likely not available,StaffEducationOrganizationAssignmentAssociation.PositionTitle (would need data from previous years),,,,ALSDE Data Code Manual,Automated,Available,,,PK Tables not available in CEDS DWH,PK Tables not available in CEDS DWH,,,,,,,
"11. Are students demonstrating satisfactory academic progress, consistent attendance, and positive behavior to be considered on track for high school graduation?",Academic Progress & Completion,E-W System Conditions,PK,Educator retention,Teacher retention: Percentage of teachers who return to teaching in the same school from year to year,School or program ID (prior and current year),Likely not available,StaffSchoolAssociaation.School,,,,,Manual,Not Available,,,PK Tables not available in CEDS DWH,PK Tables not available in CEDS DWH,,,,,,,
"11. Are students demonstrating satisfactory academic progress, consistent attendance, and positive behavior to be considered on track for high school graduation?",Academic Progress & Completion,E-W System Conditions,PK,Educator retention,"School leader tenure: Percentage of school leaders who have served in their current positions for less than two years, two to three years, and four or more years",Job title or position type (school leader or administrator),Likely not available,"StaffEducationOrganizationAssignmentAssociation.PositionTitle,  StaffEducationOrganizationAssignmentAssociation.StaffClassificationDescriptor",,,,ALSDE Data Code Manual,Automated,Available,,,PK Tables not available in CEDS DWH,PK Tables not available in CEDS DWH,,,,,,,
"11. Are students demonstrating satisfactory academic progress, consistent attendance, and positive behavior to be considered on track for high school graduation?",Academic Progress & Completion,E-W System Conditions,PK,Educator retention,"School leader tenure: Percentage of school leaders who have served in their current positions for less than two years, two to three years, and four or more years",Years in current position,Likely not available,StaffEducationOrganizationAssignmentAssociation.BeginDate,,,,,Manual,Not Available,"We could not find a data element for years in current position, but it is likely that the state could calculate this metric using historical data.",,PK Tables not available in CEDS DWH,PK Tables not available in CEDS DWH,,,,,,,
"11. Are students demonstrating satisfactory academic progress, consistent attendance, and positive behavior to be considered on track for high school graduation?",Academic Progress & Completion,E-W System Conditions,K12,Educator retention,Teacher retention: Percentage of teachers who return to teaching in the same school from year to year,"Job title or position type (teacher or educator, prior and current year)",Found,"StaffEducationOrganizationAssignmentAssociation.PositionTitle,  StaffEducationOrganizationAssignmentAssociation.StaffClassificationDescriptor (would need data from previous years)",Found,DimPeople.PositionTitle,DimPeople.PositionTitle,ALSDE Data Code Manual,Automated,Available,,,"SELECT
    'Number of Teachers with Position Title Info (K-12)' AS DataElementName,
    'RecordCount' AS CharacteristicType,
    CAST(COUNT(distinct p.PositionTitle) AS NVARCHAR(MAX)) AS Value,
    NULL AS Remarks
 from rds.DimPeople p join staff_ret r
on p.DimPersonId = r.K12StaffId","SELECT
    'Number of Teachers with Position Title Info (K-12)' AS DataElementName,
    'RecordCount' AS CharacteristicType,
    CAST(COUNT(distinct p.PositionTitle) AS NVARCHAR(MAX)) AS Value,
    NULL AS Remarks
 from RDS.DimPeople_Current p join staff_ret r
on p.DimPersonId = r.K12StaffId",,,,,,,
"11. Are students demonstrating satisfactory academic progress, consistent attendance, and positive behavior to be considered on track for high school graduation?",Academic Progress & Completion,E-W System Conditions,K12,Educator retention,Teacher retention: Percentage of teachers who return to teaching in the same school from year to year,School assignment or school ID (prior and current year),Found,StaffSchoolAssociation.School,Found,FactK12StaffCounts.K12SchoolId,FactK12StaffCounts.K12SchoolId,ALSDE Data Code Manual,Automated,Available,Must be cross referenced over multiple years,,"
SELECT
    'Number of Schools  (K-12)' AS DataElementName,
    'RecordCount' AS CharacteristicType,
    CAST(COUNT(distinct f.K12SchoolId) AS NVARCHAR(MAX)) AS Value,
    NULL AS Remarks
 from RDS.FactK12StaffCounts f
    JOIN RDS.DimK12StaffCategories b 
        ON b.DimK12StaffCategoryId = f.K12StaffCategoryId
    WHERE b.K12StaffClassificationCode IN ('KindergartenTeachers', 'SecondaryTeachers', 'Elementary Teachers')","
SELECT
    'Number of Schools  (K-12)' AS DataElementName,
    'RecordCount' AS CharacteristicType,
    CAST(COUNT(distinct f.K12SchoolId) AS NVARCHAR(MAX)) AS Value,
    NULL AS Remarks
 from RDS.FactK12StaffCounts f
    JOIN RDS.DimK12StaffCategories b 
        ON b.DimK12StaffCategoryId = f.K12StaffCategoryId
    WHERE b.K12StaffClassificationCode IN ('KindergartenTeachers', 'SecondaryTeachers', 'Elementary Teachers')",,,,,,,
"11. Are students demonstrating satisfactory academic progress, consistent attendance, and positive behavior to be considered on track for high school graduation?",Academic Progress & Completion,E-W System Conditions,K12,Educator retention,"School leader tenure: Percentage of school leaders who have served in their current positions for less than two years, two to three years, and four or more years",Position type (school leader or administrator),Found,"StaffEducationOrganizationAssignmentAssociation.PositionTitle,  StaffEducationOrganizationAssignmentAssociation.StaffClassificationDescriptor",Found,DimPeople.PositionTitle,DimPeople.PositionTitle,ALSDE Data Code Manual,Automated,Available,,,"SELECT
    'Number of Administators retained  (K-12)' AS DataElementName,
    'RecordCount' AS CharacteristicType,
    CAST(COUNT(*) AS NVARCHAR(MAX)) AS Value,
    NULL AS Remarks
FROM (
    SELECT 
        f.K12StaffId
    FROM RDS.FactK12StaffCounts f
    JOIN RDS.DimK12StaffCategories b 
        ON b.DimK12StaffCategoryId = f.K12StaffCategoryId
    WHERE b.K12StaffClassificationCode IN ('Administrators', 'School Administrators')
    GROUP BY f.K12StaffId
    HAVING COUNT(DISTINCT f.SchoolYearId) > 1
) a;
","SELECT
    'Number of Administators retained  (K-12)' AS DataElementName,
    'RecordCount' AS CharacteristicType,
    CAST(COUNT(*) AS NVARCHAR(MAX)) AS Value,
    NULL AS Remarks
FROM (
    SELECT 
        f.K12StaffId
    FROM RDS.FactK12StaffCounts f
    JOIN RDS.DimK12StaffCategories b 
        ON b.DimK12StaffCategoryId = f.K12StaffCategoryId
    WHERE b.K12StaffClassificationCode IN ('Administrators', 'School Administrators')
    GROUP BY f.K12StaffId
    HAVING COUNT(DISTINCT f.SchoolYearId) > 1
) a;
",,,,,,,
"11. Are students demonstrating satisfactory academic progress, consistent attendance, and positive behavior to be considered on track for high school graduation?",Academic Progress & Completion,E-W System Conditions,K12,Educator retention,"School leader tenure: Percentage of school leaders who have served in their current positions for less than two years, two to three years, and four or more years",Years in current position,Found,StaffEducationOrganizationAssignmentAssociation.BeginDate,Not Found,N/A,N/A,,Manual,Not Available,"We could not find a data element for years in current position, but it is likely that the state could calculate this metric using historical data.",,"Missing elements in CEDS DWH:
Professional Educational Job 
Classification
Years of Prior Teaching Experience","Missing elements in CEDS DWH:
Professional Educational Job 
Classification
Years of Prior Teaching Experience",,,,,,,
"11. Are students demonstrating satisfactory academic progress, consistent attendance, and positive behavior to be considered on track for high school graduation?",Academic Progress & Completion,E-W System Conditions,PK,Equitable discipline practices,"Differences in the rates at which students from key demographic subgroups ever experience different forms of school discipline (office referrals, suspensions, expulsions, restraint, and exclusion) relative to those students’ representation in their school population as a whole",Office referrals,Likely not available,DisciplineAction.DisciplineDescriptor,,,,,Manual,Not Available,,,PK Tables not available in CEDS DWH,PK Tables not available in CEDS DWH,,,,,,,
"11. Are students demonstrating satisfactory academic progress, consistent attendance, and positive behavior to be considered on track for high school graduation?",Academic Progress & Completion,E-W System Conditions,PK,Equitable discipline practices,"Differences in the rates at which students from key demographic subgroups ever experience different forms of school discipline (office referrals, suspensions, expulsions, restraint, and exclusion) relative to those students’ representation in their school population as a whole",Suspensions,Likely not available,DisciplineAction.DisciplineDescriptor,,,,ALSDE Data Code Manual,Automated,Available,,,PK Tables not available in CEDS DWH,PK Tables not available in CEDS DWH,,,,,,,
"11. Are students demonstrating satisfactory academic progress, consistent attendance, and positive behavior to be considered on track for high school graduation?",Academic Progress & Completion,E-W System Conditions,PK,Equitable discipline practices,"Differences in the rates at which students from key demographic subgroups ever experience different forms of school discipline (office referrals, suspensions, expulsions, restraint, and exclusion) relative to those students’ representation in their school population as a whole",Expulsions,Likely not available,DisciplineAction.DisciplineDescriptor,Found,FactK12StudentDisciplines.DisciplineStatusId,FactK12StudentDisciplines.DisciplineStatusId,ALSDE Data Code Manual,Automated,Available,,,PK Tables not available in CEDS DWH,PK Tables not available in CEDS DWH,,,,,,,
"11. Are students demonstrating satisfactory academic progress, consistent attendance, and positive behavior to be considered on track for high school graduation?",Academic Progress & Completion,E-W System Conditions,PK,Equitable discipline practices,"Differences in the rates at which students from key demographic subgroups ever experience different forms of school discipline (office referrals, suspensions, expulsions, restraint, and exclusion) relative to those students’ representation in their school population as a whole",Restraint,Likely not available,DisciplineAction.DisciplineDescriptor,Found,FactK12StudentDisciplines.DisciplineStatusId,FactK12StudentDisciplines.DisciplineStatusId,,Manual,Not Available,,,PK Tables not available in CEDS DWH,PK Tables not available in CEDS DWH,,,,,,,
"11. Are students demonstrating satisfactory academic progress, consistent attendance, and positive behavior to be considered on track for high school graduation?",Academic Progress & Completion,E-W System Conditions,PK,Equitable discipline practices,"Differences in the rates at which students from key demographic subgroups ever experience different forms of school discipline (office referrals, suspensions, expulsions, restraint, and exclusion) relative to those students’ representation in their school population as a whole",Seclusion,Likely not available,DisciplineAction.DisciplineDescriptor,,,,,Manual,Not Available,,,PK Tables not available in CEDS DWH,PK Tables not available in CEDS DWH,,,,,,,
"11. Are students demonstrating satisfactory academic progress, consistent attendance, and positive behavior to be considered on track for high school graduation?",Academic Progress & Completion,E-W System Conditions,PK,Equitable discipline practices,"Disproportionalities along the lines of key demographic characteristics in the level of school discipline experienced (for example, number of days suspended).",Number of days suspended,Likely not available,DisciplineAction.DisciplineActionLength,Found,FactK12StudentDisciplines.DurationOfDisciplinaryAction,FactK12StudentDisciplines.DurationOfDisciplinaryAction,ALSDE Data Code Manual,Automated,Available,Must be cross reference with absence days,,PK Tables not available in CEDS DWH,PK Tables not available in CEDS DWH,,,,,,,
"11. Are students demonstrating satisfactory academic progress, consistent attendance, and positive behavior to be considered on track for high school graduation?",Academic Progress & Completion,E-W System Conditions,K12,Equitable discipline practices,"Differences in the rates at which students from key demographic subgroups ever experience different forms of school discipline (office referrals, suspensions, expulsions, restraint, and exclusion) relative to those students’ representation in their school population as a whole",Office referrals,Found,DisciplineAction.DisciplineDescriptor,,,,,Manual,Not Available,,,Missing option set value  : Office Discipline Referral  ,Missing option set value  : Office Discipline Referral  ,,,,,,,
"11. Are students demonstrating satisfactory academic progress, consistent attendance, and positive behavior to be considered on track for high school graduation?",Academic Progress & Completion,E-W System Conditions,K12,Equitable discipline practices,"Differences in the rates at which students from key demographic subgroups ever experience different forms of school discipline (office referrals, suspensions, expulsions, restraint, and exclusion) relative to those students’ representation in their school population as a whole",Suspensions,Found,DisciplineAction.DisciplineDescriptor,Found,FactK12StudentDisciplines.DisciplineStatusId,FactK12StudentDisciplines.DisciplineStatusId,ALSDE Data Code Manual,Automated,Available,,,"SELECT
    'Number of Suspensions per race (' + CAST(r.RaceCode AS NVARCHAR(20)) + ')' AS DataElementName,
    'RecordCount' AS CharacteristicType,
    CAST(COUNT(*) AS NVARCHAR(MAX)) AS Value,
    NULL AS Remarks
FROM RDS.FactK12StudentDisciplines fact
JOIN RDS.DimDisciplineStatuses discStat ON fact.DisciplineStatusId = discStat.DimDisciplineStatusId
JOIN RDS.DimRaces r ON fact.RaceId = r.DimRaceId
WHERE 
    discStat.DisciplinaryActionTakenCode IN 
        ('03099',  -- Suspension after school
         '03100',  -- Suspension, in-school
         '03154',  -- Suspension, out-of-school, greater than 10 consecutive days
         '03155',  -- Out-of-school, separate days culminating to more than 10 days
         '03101',  -- Out-of-school, with services
         '03102'   -- Out-of-school, without services
        )
GROUP BY r.RaceCode
","SELECT
    'Number of Suspensions per race (' + CAST(r.RaceCode AS NVARCHAR(20)) + ')' AS DataElementName,
    'RecordCount' AS CharacteristicType,
    CAST(COUNT(*) AS NVARCHAR(MAX)) AS Value,
    NULL AS Remarks
FROM RDS.FactK12StudentDisciplines fact
JOIN RDS.DimDisciplineStatuses discStat ON fact.DisciplineStatusId = discStat.DimDisciplineStatusId
JOIN RDS.DimRaces r ON fact.RaceId = r.DimRaceId
WHERE 
    discStat.DisciplinaryActionTakenCode IN 
        ('03099',  -- Suspension after school
         '03100',  -- Suspension, in-school
         '03154',  -- Suspension, out-of-school, greater than 10 consecutive days
         '03155',  -- Out-of-school, separate days culminating to more than 10 days
         '03101',  -- Out-of-school, with services
         '03102'   -- Out-of-school, without services
        )
GROUP BY r.RaceCode
",,,,,,,
"11. Are students demonstrating satisfactory academic progress, consistent attendance, and positive behavior to be considered on track for high school graduation?",Academic Progress & Completion,E-W System Conditions,K12,Equitable discipline practices,"Differences in the rates at which students from key demographic subgroups ever experience different forms of school discipline (office referrals, suspensions, expulsions, restraint, and exclusion) relative to those students’ representation in their school population as a whole",Expulsions,Found,DisciplineAction.DisciplineDescriptor,Found,FactK12StudentDisciplines.DisciplineStatusId,FactK12StudentDisciplines.DisciplineStatusId,ALSDE Data Code Manual,Automated,Available,,,"SELECT
    'Count of disciplinary action (Expulsion) per race (' + CAST(r.RaceCode AS NVARCHAR(20)) + ')' AS DataElementName,
    'RecordCount' AS CharacteristicType,
    CAST(COUNT(*) AS NVARCHAR(MAX)) AS Value,
    NULL AS Remarks
FROM RDS.FactK12StudentDisciplines fact
JOIN RDS.DimDisciplineStatuses discStat ON fact.DisciplineStatusId = discStat.DimDisciplineStatusId
JOIN RDS.DimRaces r ON fact.RaceId = r.DimRaceId
WHERE discStat.DisciplinaryActionTakenCode IN 
        ('03085', '03086', '03087')
GROUP BY r.RaceCode","SELECT
    'Count of disciplinary action (Expulsion) per race (' + CAST(r.RaceCode AS NVARCHAR(20)) + ')' AS DataElementName,
    'RecordCount' AS CharacteristicType,
    CAST(COUNT(*) AS NVARCHAR(MAX)) AS Value,
    NULL AS Remarks
FROM RDS.FactK12StudentDisciplines fact
JOIN RDS.DimDisciplineStatuses discStat ON fact.DisciplineStatusId = discStat.DimDisciplineStatusId
JOIN RDS.DimRaces r ON fact.RaceId = r.DimRaceId
WHERE discStat.DisciplinaryActionTakenCode IN 
        ('03085', '03086', '03087')
GROUP BY r.RaceCode",,,,,,,
"11. Are students demonstrating satisfactory academic progress, consistent attendance, and positive behavior to be considered on track for high school graduation?",Academic Progress & Completion,E-W System Conditions,K12,Equitable discipline practices,"Differences in the rates at which students from key demographic subgroups ever experience different forms of school discipline (office referrals, suspensions, expulsions, restraint, and exclusion) relative to those students’ representation in their school population as a whole",Restraint,Found,DisciplineAction.DisciplineDescriptor,Found,FactK12StudentDisciplines.DisciplineStatusId,FactK12StudentDisciplines.DisciplineStatusId,,Manual,Not Available,,,"SELECT
    'Count of disciplinary action (Restraint) taken per race (' + CAST(r.RaceCode AS NVARCHAR(20)) + ')' AS DataElementName,
    'RecordCount' AS CharacteristicType,
    CAST(COUNT(*) AS NVARCHAR(MAX)) AS Value,
    NULL AS Remarks
FROM RDS.FactK12StudentDisciplines fact
JOIN RDS.DimDisciplineStatuses discStat ON fact.DisciplineStatusId = discStat.DimDisciplineStatusId
JOIN RDS.DimRaces r ON fact.RaceId = r.DimRaceId
WHERE discStat.DisciplinaryActionTakenCode IN 
        ('13357', '13358')
GROUP BY r.RaceCode","SELECT
    'Count of disciplinary action (Restraint) taken per race (' + CAST(r.RaceCode AS NVARCHAR(20)) + ')' AS DataElementName,
    'RecordCount' AS CharacteristicType,
    CAST(COUNT(*) AS NVARCHAR(MAX)) AS Value,
    NULL AS Remarks
FROM RDS.FactK12StudentDisciplines fact
JOIN RDS.DimDisciplineStatuses discStat ON fact.DisciplineStatusId = discStat.DimDisciplineStatusId
JOIN RDS.DimRaces r ON fact.RaceId = r.DimRaceId
WHERE discStat.DisciplinaryActionTakenCode IN 
        ('13357', '13358')
GROUP BY r.RaceCode",,,,,,,
"11. Are students demonstrating satisfactory academic progress, consistent attendance, and positive behavior to be considered on track for high school graduation?",Academic Progress & Completion,E-W System Conditions,K12,Equitable discipline practices,"Differences in the rates at which students from key demographic subgroups ever experience different forms of school discipline (office referrals, suspensions, expulsions, restraint, and exclusion) relative to those students’ representation in their school population as a whole",Seclusion,Found,DisciplineAction.DisciplineDescriptor,Found,FactK12StudentDisciplines.DisciplineStatusId,FactK12StudentDisciplines.DisciplineStatusId,,Manual,Not Available,,,"SELECT
    'Count of disciplinary action (Seclusion) taken per race (' + CAST(r.RaceCode AS NVARCHAR(20)) + ')' AS DataElementName,
    'RecordCount' AS CharacteristicType,
    CAST(COUNT(*) AS NVARCHAR(MAX)) AS Value,
    NULL AS Remarks
FROM RDS.FactK12StudentDisciplines fact
JOIN RDS.DimDisciplineStatuses discStat ON fact.DisciplineStatusId = discStat.DimDisciplineStatusId
JOIN RDS.DimRaces r ON fact.RaceId = r.DimRaceId
WHERE discStat.DisciplinaryActionTakenCode IN 
        ('13357', '13358')
GROUP BY r.RaceCode","SELECT
    'Count of disciplinary action (Seclusion) taken per race (' + CAST(r.RaceCode AS NVARCHAR(20)) + ')' AS DataElementName,
    'RecordCount' AS CharacteristicType,
    CAST(COUNT(*) AS NVARCHAR(MAX)) AS Value,
    NULL AS Remarks
FROM RDS.FactK12StudentDisciplines fact
JOIN RDS.DimDisciplineStatuses discStat ON fact.DisciplineStatusId = discStat.DimDisciplineStatusId
JOIN RDS.DimRaces r ON fact.RaceId = r.DimRaceId
WHERE discStat.DisciplinaryActionTakenCode IN 
        ('13357', '13358')
GROUP BY r.RaceCode",,,,,,,
"11. Are students demonstrating satisfactory academic progress, consistent attendance, and positive behavior to be considered on track for high school graduation?",Academic Progress & Completion,E-W System Conditions,K12,Equitable discipline practices,"Disproportionalities along the lines of key demographic characteristics in the level of school discipline experienced (for example, number of days suspended).",Number of days suspended,Found,DisciplineAction.DisciplineActionLength,Found,FactK12StudentDisciplines.DurationOfDisciplinaryAction,FactK12StudentDisciplines.DurationOfDisciplinaryAction,ALSDE Data Code Manual,Automated,Available,Must be cross reference with absence days,,"SELECT
    'Number of days suspended per race (' + CAST(r.RaceCode AS NVARCHAR(20)) + ')' AS DataElementName,
    'RecordCount' AS CharacteristicType,
    CAST(COUNT(*) AS NVARCHAR(MAX)) AS Value,
    NULL AS Remarks
FROM RDS.FactK12StudentDisciplines fact
JOIN RDS.DimDisciplineStatuses discStat ON fact.DisciplineStatusId = discStat.DimDisciplineStatusId
JOIN RDS.DimRaces r ON fact.RaceId = r.DimRaceId
WHERE discStat.DisciplinaryActionTakenCode IN 
        ('03071', '03099', '03100', '03101', '03102', '03154', '03155')
GROUP BY r.RaceCode","SELECT
    'Number of days suspended per race (' + CAST(r.RaceCode AS NVARCHAR(20)) + ')' AS DataElementName,
    'RecordCount' AS CharacteristicType,
    CAST(COUNT(*) AS NVARCHAR(MAX)) AS Value,
    NULL AS Remarks
FROM RDS.FactK12StudentDisciplines fact
JOIN RDS.DimDisciplineStatuses discStat ON fact.DisciplineStatusId = discStat.DimDisciplineStatusId
JOIN RDS.DimRaces r ON fact.RaceId = r.DimRaceId
WHERE discStat.DisciplinaryActionTakenCode IN 
        ('03071', '03099', '03100', '03101', '03102', '03154', '03155')
GROUP BY r.RaceCode",,,,,,,
"11. Are students demonstrating satisfactory academic progress, consistent attendance, and positive behavior to be considered on track for high school graduation?",Academic Progress & Completion,Outcomes & Milestones,K12,Grade point average (MS+HS),Percentage of students in grades 6–8 with a GPA of 3.0 or higher,Student grade level,Found,StudentSchoolAssociation.EntryGradeLevel,Found,FactK12Enrollments.EntryGradeId,FactK12Enrollments.EntryGradeId,ALSDE Data Code Manual,Automated,Available,,,"select
        'Number of Students (Grades 6-8)' AS DataElementName,
    'RecordCount' AS CharacteristicType,
        CAST(COUNT(*) AS NVARCHAR(MAX)) AS Value,
    NULL AS Remarks
    from
        RDS.FactK12StudentEnrollments f
        join RDS.DimGradeLevels g on f.EntryGradeLevelId = g.DimGradeLevelId
    where
         g.GradeLevelCode in ('06', '07', '08')","select
        'Number of Students (Grades 6-8)' AS DataElementName,
    'RecordCount' AS CharacteristicType,
        CAST(COUNT(*) AS NVARCHAR(MAX)) AS Value,
    NULL AS Remarks
    from
        RDS.FactK12StudentEnrollments f
        join RDS.DimGradeLevels g on f.EntryGradeLevelId = g.DimGradeLevelId
    where
         g.GradeLevelCode in ('06', '07', '08')",,,,,,,
"11. Are students demonstrating satisfactory academic progress, consistent attendance, and positive behavior to be considered on track for high school graduation?",Academic Progress & Completion,Outcomes & Milestones,K12,Grade point average (MS+HS),Percentage of students in grades 6–8 with a GPA of 3.0 or higher,Grade point average (Grade 6-8),Found,GradePointAverage.GradePointAverageValue,,,,Student Data Application Guide,Automated,Available,p. 57,,GPA not available,GPA not available,,,,,,,
"11. Are students demonstrating satisfactory academic progress, consistent attendance, and positive behavior to be considered on track for high school graduation?",Academic Progress & Completion,Outcomes & Milestones,K12,Grade point average (MS+HS),Percentage of students in grades 9–12 with a GPA of 3.0 or higher,Student grade level,Found,StudentSchoolAssociation.EntryGradeLevel,Found,FactK12Enrollments.EntryGradeId,FactK12Enrollments.EntryGradeId,ALSDE Data Code Manual,Automated,Available,,,"select
        'Number of Students (Grades 9-12)' AS DataElementName,
    'RecordCount' AS CharacteristicType,
        CAST(COUNT(*) AS NVARCHAR(MAX)) AS Value,
    NULL AS Remarks
    from
        RDS.FactK12StudentEnrollments f
        join RDS.DimGradeLevels g on f.EntryGradeLevelId = g.DimGradeLevelId
    where
         g.GradeLevelCode in ('09', '10', '11', '12')","select
        'Number of Students (Grades 9-12)' AS DataElementName,
    'RecordCount' AS CharacteristicType,
        CAST(COUNT(*) AS NVARCHAR(MAX)) AS Value,
    NULL AS Remarks
    from
        RDS.FactK12StudentEnrollments f
        join RDS.DimGradeLevels g on f.EntryGradeLevelId = g.DimGradeLevelId
    where
         g.GradeLevelCode in ('09', '10', '11', '12')",,,,,,,
"11. Are students demonstrating satisfactory academic progress, consistent attendance, and positive behavior to be considered on track for high school graduation?",Academic Progress & Completion,Outcomes & Milestones,K12,Grade point average (MS+HS),Percentage of students in grades 9–12 with a GPA of 3.0 or higher,Grade point average (Grades 9-12),Found,GradePointAverage.GradePointAverageValue,,,,Student Data Application Guide,Automated,Available,p. 57,,GPA not available,GPA not available,,,,,,,
"11. Are students demonstrating satisfactory academic progress, consistent attendance, and positive behavior to be considered on track for high school graduation?",Academic Progress & Completion,Outcomes & Milestones,PS,Grade point average (MS+HS),Percent of college students with a GPA of 3.0 or higher,Grade point average,Not Found,N/A,,,,Student Data Application Guide,Automated,Available,p. 57,,GPA not available,GPA not available,,,,,,,
"11. Are students demonstrating satisfactory academic progress, consistent attendance, and positive behavior to be considered on track for high school graduation?",Academic Progress & Completion,E-W System Conditions,K12,Institutions' contributions to student outcomes,"Schools’ contributions to student outcomes, including achievement, attendance, social-emotional learning, college enrollment, and earnings, using value-added models",School value-added,Not Found,N/A,,,,,Manual,Not Available,,,not available,not available,,,,,,,
"11. Are students demonstrating satisfactory academic progress, consistent attendance, and positive behavior to be considered on track for high school graduation?",Academic Progress & Completion,E-W System Conditions,PS,Institutions' contributions to student outcomes,"Colleges’ contributions to student outcomes, including graduation rates, earnings, and student loan repayment, using value-added models",College value-added,Not Found,N/A,,,,,Manual,Not Available,,,not available,not available,,,,,,,
"11. Are students demonstrating satisfactory academic progress, consistent attendance, and positive behavior to be considered on track for high school graduation?",Academic Progress & Completion,Outcomes & Milestones,K12,Math and reading proficiency in grade 8,Percentage of students in grade 8 who meet grade-level standards in reading/English language arts and math as measured by state standardized tests,Student grade level,Found,StudentSchoolAssociation.EntryGradeLevel,Found,FactK12Enrollments.EntryGradeId,FactK12Enrollments.EntryGradeId,ALSDE Data Code Manual,Automated,Available,,,"select
        'Number of Students' AS DataElementName,
    'RecordCount' AS CharacteristicType,
        CAST(COUNT(*) AS NVARCHAR(MAX)) AS Value,
    NULL AS Remarks
    from
        RDS.FactK12StudentEnrollments f
        join RDS.DimGradeLevels g on f.EntryGradeLevelId = g.DimGradeLevelId
    where
         g.GradeLevelCode in ('08')","select
        'Number of Students' AS DataElementName,
    'RecordCount' AS CharacteristicType,
        CAST(COUNT(*) AS NVARCHAR(MAX)) AS Value,
    NULL AS Remarks
    from
        RDS.FactK12StudentEnrollments f
        join RDS.DimGradeLevels g on f.EntryGradeLevelId = g.DimGradeLevelId
    where
         g.GradeLevelCode in ('08')",,,,,,,
"11. Are students demonstrating satisfactory academic progress, consistent attendance, and positive behavior to be considered on track for high school graduation?",Academic Progress & Completion,Outcomes & Milestones,K12,Math and reading proficiency in grade 8,Percentage of students in grade 8 who meet grade-level standards in reading/English language arts and math as measured by state standardized tests,Math proficiency on state standardized test (Grade 8),Found,"

Assessment.AssessmentIdentifier, StudentAssessmentPerformanceLevel.PerfomanceLevelDescriptorId
PerformanceLevelDescriptor.DescriptorId",,,,Student Data Application Guide,Automated,Available,p. 88,,"select  
        'Students meet Assessment Benchmark in Reading (Grade8)' AS DataElementName,
                'RecordCount' AS CharacteristicType,  
                count(1) AS Value,
                NULL AS Remarks
                from rds.FactK12StudentAssessments ase  
                join  RDS.FactK12StudentEnrollments f on f.K12StudentId = ase.K12StudentId
        join RDS.DimAssessments da on da.DimAssessmentId = ase.AssessmentId
                join RDS.DimGradeLevels g on f.EntryGradeLevelId = g.DimGradeLevelId
                where  ase.AssessmentResultScoreValueScaleScore is not null
                        and da.AssessmentTypeCode = 'Benchmark' 
                        and da.AssessmentAcademicSubjectCode in ('01166')
                                                and g.gradelevelcode in ('08')","select  
        'Students meet Assessment Benchmark in Reading (Grade8)' AS DataElementName,
                'RecordCount' AS CharacteristicType,  
                count(1) AS Value,
                NULL AS Remarks
                from rds.FactK12StudentAssessments ase  
                join  RDS.FactK12StudentEnrollments f on f.K12StudentId = ase.K12StudentId
        join RDS.DimAssessments da on da.DimAssessmentId = ase.AssessmentId
                join RDS.DimGradeLevels g on f.EntryGradeLevelId = g.DimGradeLevelId
                where  ase.AssessmentResultScoreValueScaleScore is not null
                        and da.AssessmentTypeCode = 'Benchmark' 
                        and da.AssessmentAcademicSubjectCode in ('01166')
                                                and g.gradelevelcode in ('08')",,,,,,,
"11. Are students demonstrating satisfactory academic progress, consistent attendance, and positive behavior to be considered on track for high school graduation?",Academic Progress & Completion,Outcomes & Milestones,K12,Math and reading proficiency in grade 8,Percentage of students in grade 8 who meet grade-level standards in reading/English language arts and math as measured by state standardized tests,Reading proficiency on state standardized test (Grade 8),Found,"

Assessment.AssessmentIdentifier, StudentAssessmentPerformanceLevel.PerfomanceLevelDescriptorId
PerformanceLevelDescriptor.DescriptorId",,,,Student Data Application Guide,Automated,Available,p. 88,,"select  
        'Students meet Assessment Benchmark in Reading (Grade8)' AS DataElementName,
                'RecordCount' AS CharacteristicType,  
                count(1) AS Value,
                NULL AS Remarks
                from rds.FactK12StudentAssessments ase  
                join  RDS.FactK12StudentEnrollments f on f.K12StudentId = ase.K12StudentId
        join RDS.DimAssessments da on da.DimAssessmentId = ase.AssessmentId
                join RDS.DimGradeLevels g on f.EntryGradeLevelId = g.DimGradeLevelId
                where  ase.AssessmentResultScoreValueScaleScore is not null
                        and da.AssessmentTypeCode = 'Benchmark' 
                        and da.AssessmentAcademicSubjectCode in ('13372', '00560', '13373')
                                                and g.gradelevelcode in ('08')","select  
        'Students meet Assessment Benchmark in Reading (Grade8)' AS DataElementName,
                'RecordCount' AS CharacteristicType,  
                count(1) AS Value,
                NULL AS Remarks
                from rds.FactK12StudentAssessments ase  
                join  RDS.FactK12StudentEnrollments f on f.K12StudentId = ase.K12StudentId
        join RDS.DimAssessments da on da.DimAssessmentId = ase.AssessmentId
                join RDS.DimGradeLevels g on f.EntryGradeLevelId = g.DimGradeLevelId
                where  ase.AssessmentResultScoreValueScaleScore is not null
                        and da.AssessmentTypeCode = 'Benchmark' 
                        and da.AssessmentAcademicSubjectCode in ('13372', '00560', '13373')
                                                and g.gradelevelcode in ('08')",,,,,,,
"11. Are students demonstrating satisfactory academic progress, consistent attendance, and positive behavior to be considered on track for high school graduation?",Academic Progress & Completion,Outcomes & Milestones,K12,Math and reading proficiency in high school,"Percentage of tested students who meet grade-level standards in reading/English language arts and math, as measured by state standardized tests",Student grade level,Found,StudentSchoolAssociation.EntryGradeLevel,Found,FactK12Enrollments.EntryGradeId,FactK12Enrollments.EntryGradeId,ALSDE Data Code Manual,Automated,Available,,,"select
	'Number of Students (Grade 1 and 2)' AS DataElementName,
    'RecordCount' AS CharacteristicType,
	CAST(COUNT(*) AS NVARCHAR(MAX)) AS Value,
    NULL AS Remarks
    from
        RDS.FactK12StudentEnrollments f
        join RDS.DimGradeLevels g on f.EntryGradeLevelId = g.DimGradeLevelId
    where
         g.GradeLevelCode in ('01', '02')","select
	'Number of Students (Grade 1 and 2)' AS DataElementName,
    'RecordCount' AS CharacteristicType,
	CAST(COUNT(*) AS NVARCHAR(MAX)) AS Value,
    NULL AS Remarks
    from
        RDS.FactK12StudentEnrollments f
        join RDS.DimGradeLevels g on f.EntryGradeLevelId = g.DimGradeLevelId
    where
         g.GradeLevelCode in ('01', '02')",,,,,,,
"11. Are students demonstrating satisfactory academic progress, consistent attendance, and positive behavior to be considered on track for high school graduation?",Academic Progress & Completion,Outcomes & Milestones,K12,Math and reading proficiency in high school,"Percentage of tested students who meet grade-level standards in reading/English language arts and math, as measured by state standardized tests",Math proficiency on state standardized test (Grades 9-12),Found,"

Assessment.AssessmentIdentifier, StudentAssessmentPerformanceLevel.PerfomanceLevelDescriptorId
PerformanceLevelDescriptor.DescriptorId",,,,Student Data Application Guide,Automated,Available,p. 88,,"select  
        'Students meet Assessment Benchmark in Reading (K-12)' AS DataElementName,
                'RecordCount' AS CharacteristicType,  
                count(1) AS Value,
                NULL AS Remarks
                from rds.FactK12StudentAssessments ase  
                join  RDS.FactK12StudentEnrollments f on f.K12StudentId = ase.K12StudentId
        join RDS.DimAssessments da on da.DimAssessmentId = ase.AssessmentId
                join RDS.DimGradeLevels g on f.EntryGradeLevelId = g.DimGradeLevelId
                where  ase.AssessmentResultScoreValueScaleScore is not null
                        and da.AssessmentTypeCode = 'Benchmark' 
                        and da.AssessmentAcademicSubjectCode in ('01166')
                                              ","select  
        'Students meet Assessment Benchmark in Reading (K-12)' AS DataElementName,
                'RecordCount' AS CharacteristicType,  
                count(1) AS Value,
                NULL AS Remarks
                from rds.FactK12StudentAssessments ase  
                join  RDS.FactK12StudentEnrollments f on f.K12StudentId = ase.K12StudentId
        join RDS.DimAssessments da on da.DimAssessmentId = ase.AssessmentId
                join RDS.DimGradeLevels g on f.EntryGradeLevelId = g.DimGradeLevelId
                where  ase.AssessmentResultScoreValueScaleScore is not null
                        and da.AssessmentTypeCode = 'Benchmark' 
                        and da.AssessmentAcademicSubjectCode in ('01166')
                                              ",,,,,,,
"11. Are students demonstrating satisfactory academic progress, consistent attendance, and positive behavior to be considered on track for high school graduation?",Academic Progress & Completion,Outcomes & Milestones,K12,Math and reading proficiency in high school,"Percentage of tested students who meet grade-level standards in reading/English language arts and math, as measured by state standardized tests",Reading proficiency on state standardized test (Grades 9-12),Found,"

Assessment.AssessmentIdentifier, StudentAssessmentPerformanceLevel.PerfomanceLevelDescriptorId
PerformanceLevelDescriptor.DescriptorId",,,,Student Data Application Guide,Automated,Available,p. 88,,"select  
        'Students meet Assessment Benchmark in Reading (K-12)' AS DataElementName,
                'RecordCount' AS CharacteristicType,  
                count(1) AS Value,
                NULL AS Remarks
                from rds.FactK12StudentAssessments ase  
                join  RDS.FactK12StudentEnrollments f on f.K12StudentId = ase.K12StudentId
        join RDS.DimAssessments da on da.DimAssessmentId = ase.AssessmentId
                join RDS.DimGradeLevels g on f.EntryGradeLevelId = g.DimGradeLevelId
                where  ase.AssessmentResultScoreValueScaleScore is not null
                        and da.AssessmentTypeCode = 'Benchmark' 
                        and da.AssessmentAcademicSubjectCode in ('13372', '00560', '13373')
                                               ","select  
        'Students meet Assessment Benchmark in Reading (K-12)' AS DataElementName,
                'RecordCount' AS CharacteristicType,  
                count(1) AS Value,
                NULL AS Remarks
                from rds.FactK12StudentAssessments ase  
                join  RDS.FactK12StudentEnrollments f on f.K12StudentId = ase.K12StudentId
        join RDS.DimAssessments da on da.DimAssessmentId = ase.AssessmentId
                join RDS.DimGradeLevels g on f.EntryGradeLevelId = g.DimGradeLevelId
                where  ase.AssessmentResultScoreValueScaleScore is not null
                        and da.AssessmentTypeCode = 'Benchmark' 
                        and da.AssessmentAcademicSubjectCode in ('13372', '00560', '13373')
                                               ",,,,,,,
"11. Are students demonstrating satisfactory academic progress, consistent attendance, and positive behavior to be considered on track for high school graduation?",Academic Progress & Completion,Outcomes & Milestones,PK,Positive behavior,"Percentage of children who do not experience any of the following: in-school suspensions, out-of-school suspensions, disciplinary use of restraint and seclusion, or expulsions",In school suspension (PK),Likely not available,DisciplineAction.DisciplineDescriptor,,,,ALSDE Data Code Manual,Automated,Available,,,PK Tables not available in CEDS DWH,PK Tables not available in CEDS DWH,,,,,,,
"11. Are students demonstrating satisfactory academic progress, consistent attendance, and positive behavior to be considered on track for high school graduation?",Academic Progress & Completion,Outcomes & Milestones,PK,Positive behavior,"Percentage of children who do not experience any of the following: in-school suspensions, out-of-school suspensions, disciplinary use of restraint and seclusion, or expulsions",Out of school suspension (PK),Likely not available,DisciplineAction.DisciplineDescriptor,,,,ALSDE Data Code Manual,Automated,Available,,,PK Tables not available in CEDS DWH,PK Tables not available in CEDS DWH,,,,,,,
"11. Are students demonstrating satisfactory academic progress, consistent attendance, and positive behavior to be considered on track for high school graduation?",Academic Progress & Completion,Outcomes & Milestones,PK,Positive behavior,"Percentage of children who do not experience any of the following: in-school suspensions, out-of-school suspensions, disciplinary use of restraint and seclusion, or expulsions",Disciplinary use of restraint and seclusion (PK),Likely not available,DisciplineAction.DisciplineDescriptor,,,,,Manual,Not Available,,,PK Tables not available in CEDS DWH,PK Tables not available in CEDS DWH,,,,,,,
"11. Are students demonstrating satisfactory academic progress, consistent attendance, and positive behavior to be considered on track for high school graduation?",Academic Progress & Completion,Outcomes & Milestones,PK,Positive behavior,"Percentage of children who do not experience any of the following: in-school suspensions, out-of-school suspensions, disciplinary use of restraint and seclusion, or expulsions",Expulsion (PK),Likely not available,DisciplineAction.DisciplineDescriptor,,,,ALSDE Data Code Manual,Automated,Available,,,PK Tables not available in CEDS DWH,PK Tables not available in CEDS DWH,,,,,,,
"11. Are students demonstrating satisfactory academic progress, consistent attendance, and positive behavior to be considered on track for high school graduation?",Academic Progress & Completion,Outcomes & Milestones,K12,Positive behavior,"Percentage of children who do not experience any of the following: in-school suspensions, out-of-school suspensions, disciplinary use of restraint and seclusion, or expulsions",In school suspension (K12),Found,DisciplineAction.DisciplineDescriptor,Found,FactK12StudentDisciplines.DisciplineStatusId,FactK12StudentDisciplines.DisciplineStatusId,ALSDE Data Code Manual,Automated,Available,,,"SELECT
    'In School Suspensions (K-12)' AS DataElementName,
    'RecordCount' AS CharacteristicType,
    CAST(COUNT(*) AS NVARCHAR(MAX)) AS Value,
    NULL AS Remarks
FROM RDS.FactK12StudentDisciplines fact
JOIN RDS.DimDisciplineStatuses discStat ON fact.DisciplineStatusId = discStat.DimDisciplineStatusId
WHERE discStat.DisciplinaryActionTakenCode IN 
('03100' -- Suspension, in-school)","SELECT
    'In School Suspensions (K-12)' AS DataElementName,
    'RecordCount' AS CharacteristicType,
    CAST(COUNT(*) AS NVARCHAR(MAX)) AS Value,
    NULL AS Remarks
FROM RDS.FactK12StudentDisciplines fact
JOIN RDS.DimDisciplineStatuses discStat ON fact.DisciplineStatusId = discStat.DimDisciplineStatusId
WHERE discStat.DisciplinaryActionTakenCode IN 
('03100' -- Suspension, in-school)",,,,,,,
"11. Are students demonstrating satisfactory academic progress, consistent attendance, and positive behavior to be considered on track for high school graduation?",Academic Progress & Completion,Outcomes & Milestones,K12,Positive behavior,"Percentage of children who do not experience any of the following: in-school suspensions, out-of-school suspensions, disciplinary use of restraint and seclusion, or expulsions",Out of school suspension (K12),Found,DisciplineAction.DisciplineDescriptor,Found,FactK12StudentDisciplines.DisciplineStatusId,FactK12StudentDisciplines.DisciplineStatusId,ALSDE Data Code Manual,Automated,Available,,,"SELECT
    'Out of School Suspensions (K-12)' AS DataElementName,
    'RecordCount' AS CharacteristicType,
    CAST(COUNT(*) AS NVARCHAR(MAX)) AS Value,
    NULL AS Remarks
FROM RDS.FactK12StudentDisciplines fact
JOIN RDS.DimDisciplineStatuses discStat ON fact.DisciplineStatusId = discStat.DimDisciplineStatusId
WHERE discStat.DisciplinaryActionTakenCode IN 
        ('03154' -- Suspension, out-of-school, greater than 10 consecutive days
        ,'03155' -- Suspension, out-of-school, separate days culminating to more than 10 school days
        ,'03101' -- Suspension, out-of-school, with services
        ,'03102' -- Suspension, out-of-school, without services)","SELECT
    'Out of School Suspensions (K-12)' AS DataElementName,
    'RecordCount' AS CharacteristicType,
    CAST(COUNT(*) AS NVARCHAR(MAX)) AS Value,
    NULL AS Remarks
FROM RDS.FactK12StudentDisciplines fact
JOIN RDS.DimDisciplineStatuses discStat ON fact.DisciplineStatusId = discStat.DimDisciplineStatusId
WHERE discStat.DisciplinaryActionTakenCode IN 
        ('03154' -- Suspension, out-of-school, greater than 10 consecutive days
        ,'03155' -- Suspension, out-of-school, separate days culminating to more than 10 school days
        ,'03101' -- Suspension, out-of-school, with services
        ,'03102' -- Suspension, out-of-school, without services)",,,,,,,
"11. Are students demonstrating satisfactory academic progress, consistent attendance, and positive behavior to be considered on track for high school graduation?",Academic Progress & Completion,Outcomes & Milestones,K12,Positive behavior,"Percentage of children who do not experience any of the following: in-school suspensions, out-of-school suspensions, disciplinary use of restraint and seclusion, or expulsions",Disciplinary use of restraint and seclusion (K12),Found,DisciplineAction.DisciplineDescriptor,Found,FactK12StudentDisciplines.DisciplineStatusId,FactK12StudentDisciplines.DisciplineStatusId,,Manual,Not Available,,,"SELECT
    'Count of students without disciplinary action (K-12)' AS DataElementName,
    'RecordCount' AS CharacteristicType,
    CAST(COUNT(*) AS NVARCHAR(MAX)) AS Value,
    NULL AS Remarks
FROM RDS.FactK12StudentDisciplines fact
JOIN RDS.DimDisciplineStatuses discStat ON fact.DisciplineStatusId = discStat.DimDisciplineStatusId
WHERE discStat.DisciplinaryActionTakenCode NOT IN 
        ('13357', '13358', '13359')
","SELECT
    'Count of students without disciplinary action (K-12)' AS DataElementName,
    'RecordCount' AS CharacteristicType,
    CAST(COUNT(*) AS NVARCHAR(MAX)) AS Value,
    NULL AS Remarks
FROM RDS.FactK12StudentDisciplines fact
JOIN RDS.DimDisciplineStatuses discStat ON fact.DisciplineStatusId = discStat.DimDisciplineStatusId
WHERE discStat.DisciplinaryActionTakenCode NOT IN 
        ('13357', '13358', '13359')
",,,,,,,
"11. Are students demonstrating satisfactory academic progress, consistent attendance, and positive behavior to be considered on track for high school graduation?",Academic Progress & Completion,Outcomes & Milestones,K12,Positive behavior,"Percentage of children who do not experience any of the following: in-school suspensions, out-of-school suspensions, disciplinary use of restraint and seclusion, or expulsions",Expulsions (K12),Found,DisciplineAction.DisciplineDescriptor,,,,ALSDE Data Code Manual,Automated,Available,,,"SELECT
    'Count of disciplinary action (Expulsion) taken per race (K-12)' AS DataElementName,
    'RecordCount' AS CharacteristicType,
    CAST(COUNT(*) AS NVARCHAR(MAX)) AS Value,
    NULL AS Remarks
FROM RDS.FactK12StudentDisciplines fact
JOIN RDS.DimDisciplineStatuses discStat ON fact.DisciplineStatusId = discStat.DimDisciplineStatusId
WHERE discStat.DisciplinaryActionTakenCode IN 
        ('03085', '03086', '03087')
","SELECT
    'Count of disciplinary action (Expulsion) taken per race (K-12)' AS DataElementName,
    'RecordCount' AS CharacteristicType,
    CAST(COUNT(*) AS NVARCHAR(MAX)) AS Value,
    NULL AS Remarks
FROM RDS.FactK12StudentDisciplines fact
JOIN RDS.DimDisciplineStatuses discStat ON fact.DisciplineStatusId = discStat.DimDisciplineStatusId
WHERE discStat.DisciplinaryActionTakenCode IN 
        ('03085', '03086', '03087')
",,,,,,,
"11. Are students demonstrating satisfactory academic progress, consistent attendance, and positive behavior to be considered on track for high school graduation?",Academic Progress & Completion,E-W System Conditions,PK,Teacher credentials,Percentage of lead teachers with at least a bachelor’s degree,Position type (lead pre-K teacher status),Likely not available,StaffEducationOrganizationAssignmentAssociation.StaffClassification,,,,ALSDE Data Code Manual,Automated,Available,,,PK Tables not available in CEDS DWH,PK Tables not available in CEDS DWH,,,,,,,
"11. Are students demonstrating satisfactory academic progress, consistent attendance, and positive behavior to be considered on track for high school graduation?",Academic Progress & Completion,E-W System Conditions,PK,Teacher credentials,Percentage of lead teachers with at least a bachelor’s degree,Highest level of education completed,Likely not available,Staff.HighestCompletedLevelOfEducation,,,,ALSDE Data Code Manual,Automated,Available,,,PK Tables not available in CEDS DWH,PK Tables not available in CEDS DWH,,,,,,,
"11. Are students demonstrating satisfactory academic progress, consistent attendance, and positive behavior to be considered on track for high school graduation?",Academic Progress & Completion,E-W System Conditions,PK,Teacher credentials,Percentage of lead teachers with specialized training in pre-K,Position type (lead pre-K teacher status),Likely not available,StaffEducationOrganizationAssignmentAssociation.StaffClassification,,,,ALSDE Data Code Manual,Automated,Available,,,PK Tables not available in CEDS DWH,PK Tables not available in CEDS DWH,,,,,,,
"11. Are students demonstrating satisfactory academic progress, consistent attendance, and positive behavior to be considered on track for high school graduation?",Academic Progress & Completion,E-W System Conditions,PK,Teacher credentials,Percentage of lead teachers with specialized training in pre-K,Credential or certification type,Likely not available,"Credential.CredentialType, Credential.Person",,,,ALSDE Data Code Manual,Automated,Available,,,PK Tables not available in CEDS DWH,PK Tables not available in CEDS DWH,,,,,,,
"11. Are students demonstrating satisfactory academic progress, consistent attendance, and positive behavior to be considered on track for high school graduation?",Academic Progress & Completion,E-W System Conditions,K12,Teacher credentials,"Percentage of courses taught by full-time equivalent (FTE) teachers (that is, teachers other than substitutes or those with emergency or provisional licenses)",Course ID or course title,Found,"StaffSectionAssociation.Section.CourseOffering.LocalCourseCode, StaffSectionAssociation.Section.CourseOffering.LocalTitle, StaffSectionAssociation.Section.CourseOffering.Course.CourseCode, StaffSectionAssociation.Section.CourseOffering.Course.CourseTitle",Found,FactK12StudentCourseSections.K12CourseId,FactK12StudentCourseSections.StateK12CourseId,Student Data Application Guide,Automated,Available,p. 57,,"select
        'Number of Courses(K-12)' AS DataElementName,
    'RecordCount' AS CharacteristicType,
        CAST(COUNT(*) AS NVARCHAR(MAX)) AS Value,
    NULL AS Remarks 
from RDS.FactK12StudentCourseSections f
join RDS.DimK12Courses c
on f.K12CourseId = c.DimK12CourseId","select
        'Number of Courses(K-12)' AS DataElementName,
    'RecordCount' AS CharacteristicType,
        CAST(COUNT(*) AS NVARCHAR(MAX)) AS Value,
    NULL AS Remarks 
from RDS.FactK12StudentCourseSections f
join RDS.DimK12Courses c
on f.StateK12CourseId = c.DimK12CourseId",,,,,,,
"11. Are students demonstrating satisfactory academic progress, consistent attendance, and positive behavior to be considered on track for high school graduation?",Academic Progress & Completion,E-W System Conditions,K12,Teacher credentials,"Percentage of courses taught by full-time equivalent (FTE) teachers (that is, teachers other than substitutes or those with emergency or provisional licenses)",Staff FTE status,Found,staffEducationOrganizationEmploymentAssociation.FullTimeEquivalency,Found,FactK12StaffCounts.StaffFullTimeEquivalency,FactK12StaffEmployments.FullTimeEquivalency,ALSDE Data Code Manual,Automated,Available,,,"select
	'Number of FTE Staff(K-12)' AS DataElementName,
    'RecordCount' AS CharacteristicType,
	CAST(COUNT(*) AS NVARCHAR(MAX)) AS Value,
    NULL AS Remarks 
from RDS.FactK12StaffCounts f
where f.StaffFullTimeEquivalency = 1.0","select
    'Number of FTE Staff(K-12)' AS DataElementName,
    'RecordCount' AS CharacteristicType,
    CAST(COUNT(*) AS NVARCHAR(MAX)) AS Value,
    NULL AS Remarks 
from RDS.FactK12StaffEmployments f 
join RDS.DimPeople_Current d
    on d.DimPersonId = f.K12Staff_CurrentId
where f.FullTimeEquivalency = 1.0",,,,,,,
"11. Are students demonstrating satisfactory academic progress, consistent attendance, and positive behavior to be considered on track for high school graduation?",Academic Progress & Completion,E-W System Conditions,K12,Teacher credentials,"Percentage of courses taught by full-time equivalent (FTE) teachers (that is, teachers other than substitutes or those with emergency or provisional licenses)",Course instructor (or teacher's course assignments),Found,StaffSectionAssociation.Staff,Found,BridgeK12StudentCourseSectionK12Staff.K12StaffId,BridgeK12StudentCourseSectionK12Staff.K12StaffId,ALSDE Data Code Manual,Automated,Available,,,"select
	'Number of CourseSection Staff(K-12)' AS DataElementName,
    'RecordCount' AS CharacteristicType,
	CAST(COUNT(*) AS NVARCHAR(MAX)) AS Value,
    NULL AS Remarks 
from RDS.BridgeK12StudentCourseSectionK12Staff b
join RDS.FactK12StudentCourseSections f 
on b.FactK12StudentCourseSectionId = f.FactK12StudentCourseSectionId","select
	'Number of CourseSection Staff(K-12)' AS DataElementName,
    'RecordCount' AS CharacteristicType,
	CAST(COUNT(*) AS NVARCHAR(MAX)) AS Value,
    NULL AS Remarks 
from RDS.BridgeK12StudentCourseSectionK12Staff b
join RDS.FactK12StudentCourseSections f 
on b.FactK12StudentCourseSectionId = f.FactK12StudentCourseSectionId",,,,,,,
"11. Are students demonstrating satisfactory academic progress, consistent attendance, and positive behavior to be considered on track for high school graduation?",Academic Progress & Completion,E-W System Conditions,K12,Teacher credentials,Percentage of courses taught by teachers certified to teach the given subject or grade level,Course ID or course title,Found,"StaffSectionAssociation.Section.CourseOffering.LocalCourseCode, StaffSectionAssociation.Section.CourseOffering.LocalTitle, StaffSectionAssociation.Section.CourseOffering.Course.CourseCode, StaffSectionAssociation.Section.CourseOffering.Course.CourseTitle",Found,FactK12StudentCourseSections.K12CourseId,FactK12StudentCourseSections.StateK12CourseId,Student Data Application Guide,Automated,Available,p. 57,,"select
	'Number of Courses(K-12)' AS DataElementName,
    'RecordCount' AS CharacteristicType,
	CAST(COUNT(*) AS NVARCHAR(MAX)) AS Value,
    NULL AS Remarks 
from RDS.FactK12StudentCourseSections f
join RDS.DimK12Courses c
on f.K12CourseId = c.DimK12CourseId","select
        'Number of Courses(K-12)' AS DataElementName,
    'RecordCount' AS CharacteristicType,
        CAST(COUNT(*) AS NVARCHAR(MAX)) AS Value,
    NULL AS Remarks 
from RDS.FactK12StudentCourseSections f
join RDS.DimK12Courses c
on f.StateK12CourseId = c.DimK12CourseId",,,,,,,
"11. Are students demonstrating satisfactory academic progress, consistent attendance, and positive behavior to be considered on track for high school graduation?",Academic Progress & Completion,E-W System Conditions,K12,Teacher credentials,Percentage of courses taught by teachers certified to teach the given subject or grade level,Teacher qualification or certification type,Found,Credential.CertificationTitle,Found,FactK12StaffCounts.K12StaffStatusId,FactK12StaffCounts.K12StaffStatusId,ALSDE Data Code Manual,Automated,Available,,,"select
        'Number of Courses(K-12)' AS DataElementName,
    'RecordCount' AS CharacteristicType,
        CAST(COUNT(*) AS NVARCHAR(MAX)) AS Value,
    NULL AS Remarks 
from RDS.FactK12StudentCourseSections f
join RDS.DimK12Courses c
on f.K12CourseId = c.DimK12CourseId","select
        'Number of Courses(K-12)' AS DataElementName,
    'RecordCount' AS CharacteristicType,
        CAST(COUNT(*) AS NVARCHAR(MAX)) AS Value,
    NULL AS Remarks 
from RDS.FactK12StudentCourseSections f
join RDS.DimK12Courses c
on f.K12CourseId = c.DimK12CourseId",,,,,,,
"11. Are students demonstrating satisfactory academic progress, consistent attendance, and positive behavior to be considered on track for high school graduation?",Academic Progress & Completion,E-W System Conditions,K12,Teacher credentials,Percentage of courses taught by teachers certified to teach the given subject or grade level,Teaching assignment (subject and/or grade level taught),Found,"StaffSchoolAssociation.AcademicSubject, StaffSchoolAssociation.GradeLevel",Found,BridgeK12StudentCourseSectionK12Staff.K12StaffId,BridgeK12StaffAssignmentCourseSections.K12CourseId,,Automated,Available,"The Alabama Certification Search website (linked here) allows the public to search the certification status of any teacher in the state. The site includes information about certification status, certifications, endorsments, and grade levels, among other information. The state department of education also has a Youtube training video (https://www.youtube.com/watch?v=QAQLoAuMkMw) with detailed information on certification data collection on the state. The spreadsheet notes that the data come from SIS teacher schedules and educator directorirs.",,"select
        'Number of Teachers assigned to courses(K-12)' AS DataElementName,
    'RecordCount' AS CharacteristicType,
        CAST(COUNT(*) AS NVARCHAR(MAX)) AS Value,
    NULL AS Remarks 
from RDS.BridgeK12StudentCourseSectionK12Staff b
join RDS.FactK12StudentCourseSections f on b.FactK12StudentCourseSectionId = f.FactK12StudentCourseSectionId
join RDS.DimK12Courses c
on f.K12CourseId = c.DimK12CourseId","select
    'Number of Teachers assigned to courses(K-12)' AS DataElementName,
    'RecordCount' AS CharacteristicType,
     CAST(COUNT(*) AS NVARCHAR(MAX)) AS Value,
    NULL AS Remarks 
from RDS.BridgeK12StaffAssignmentCourseSections b
join RDS.FactK12StaffAssignments f
	on b.FactK12StaffAssignmentId = f.FactK12StaffAssignmentId
join RDS.DimK12Courses d
	on b.K12CourseId = d.DimK12CourseId",,,,,,,
"11. Are students demonstrating satisfactory academic progress, consistent attendance, and positive behavior to be considered on track for high school graduation?",Academic Progress & Completion,E-W System Conditions,K12,Teachers' contributions to student learning growth,"Percentage of instructors demonstrating above average contributions to student learning, as measured by student growth on state standardized tests or other outcomes (for example, using value-added models or student growth percentiles)","SGP for standardized assessments (subject specific for reading/literacy, math, and science)",Found,"

Assessment.AssessmentIdentifier, StudentAssessmentPerformanceLevel.PerfomanceLevelDescriptorId
PerformanceLevelDescriptor.DescriptorId",,,,,Manual,Not Available,,,"select  'Instructors demonstrating above average contributions (K-12)' AS DataElementName,
                'RecordCount' AS CharacteristicType,  
                count(1) AS Value,
                NULL AS Remarks
                from rds.FactK12StudentAssessments ase  
                join  RDS.FactK12StudentEnrollments f on f.K12StudentId = ase.K12StudentId
        join RDS.DimAssessments da on da.DimAssessmentId = ase.AssessmentId
                join RDS.DimGradeLevels g on f.EntryGradeLevelId = g.DimGradeLevelId
                                join RDS.DimAssessmentSubtests s on ase.AssessmentSubtestId = s.DimAssessmentSubtestId
                                --join RDS.DimAssessmentResults ar on ar.DimAssessmentResultId = ase.AssessmentResultId        
                where  ase.AssessmentResultScoreValueScaleScore is not null
                        and da.AssessmentTypeCode = 'GrowthMeasure' 
                        and da.AssessmentAcademicSubjectCode in ('01166', '13373', '00562', '13374')
                                                and s.AssessmentPurpose = 'Assessment of student''s progress'
                                                --and ar.AssessmentScoreMetricTypeCode in  ('03474', '03478', '03479')st","select  'Instructors demonstrating above average contributions (K-12)' AS DataElementName,
                'RecordCount' AS CharacteristicType,  
                count(1) AS Value,
                NULL AS Remarks
                from rds.FactK12StudentAssessments ase  
                join  RDS.FactK12StudentEnrollments f on f.K12StudentId = ase.K12StudentId
        join RDS.DimAssessments da on da.DimAssessmentId = ase.AssessmentId
                join RDS.DimGradeLevels g on f.EntryGradeLevelId = g.DimGradeLevelId
                                join RDS.DimAssessmentSubtests s on ase.AssessmentSubtestId = s.DimAssessmentSubtestId   
                where  ase.AssessmentResultScoreValueScaleScore is not null
                        and da.AssessmentTypeCode = 'GrowthMeasure' 
                        and da.AssessmentAcademicSubjectCode in ('01166', '13373', '00562', '13374')
                                                and s.AssessmentPurpose = 'Assessment of student''s progress'
        ",,,,,,,
"11. Are students demonstrating satisfactory academic progress, consistent attendance, and positive behavior to be considered on track for high school graduation?",Academic Progress & Completion,E-W System Conditions,K12,Teachers' contributions to student learning growth,"Percentage of instructors demonstrating above average contributions to student learning, as measured by student growth on state standardized tests or other outcomes (for example, using value-added models or student growth percentiles)",VAM for subject specific assessment,Not Found,N/A,,,,,Manual,Not Available,,,Not sure about VAM in CEDS DWH,Not sure about VAM in CEDS DWH,,,,,,,
"11. Are students demonstrating satisfactory academic progress, consistent attendance, and positive behavior to be considered on track for high school graduation?",Academic Progress & Completion,E-W System Conditions,PS,Teachers' contributions to student learning growth,"Percentage of instructors demonstrating above average contributions to student learning, as measured by student growth on state standardized tests or other outcomes (for example, using value-added models or student growth percentiles)","SGP for standardized assessments (subject specific for reading/literacy, math, and science)",Not Found,N/A,,,,,Manual,Not Available,,,CEDS DWH does not contain tables to relate PS students and Assessments,CEDS DWH does not contain tables to relate PS students and Assessments,,,,,,,
"11. Are students demonstrating satisfactory academic progress, consistent attendance, and positive behavior to be considered on track for high school graduation?",Academic Progress & Completion,E-W System Conditions,PS,Teachers' contributions to student learning growth,"Percentage of instructors demonstrating above average contributions to student learning, as measured by student growth on state standardized tests or other outcomes (for example, using value-added models or student growth percentiles)",VAM for subject specific assessment,Not Found,N/A,,,,,Manual,Not Available,,,Not sure about VAM in CEDS DWH,Not sure about VAM in CEDS DWH,,,,,,,
12. Do students have access to and complete rigorous and accelerated college preparatory coursework?,Academic Progress & Completion,Outcomes & Milestones,K12,Successful completion of Algebra 1 by 9th grade,Percentage of first-time grade 9 students who complete Algebra I or an equivalent course by the end of their 9th-grade year,Student grade level,Found,StudentSchoolAssociation.EntryGradeLevel,Found,FactK12Enrollments.EntryGradeId,FactK12Enrollments.EntryGradeId,,,,,,"select
        'Number of Students (Grade 9)' AS DataElementName,
    'RecordCount' AS CharacteristicType,
        CAST(COUNT(*) AS NVARCHAR(MAX)) AS Value,
    NULL AS Remarks
    from
        RDS.FactK12StudentEnrollments f
        join RDS.DimGradeLevels g on f.EntryGradeLevelId = g.DimGradeLevelId
    where
         g.GradeLevelCode in ('09')","select
        'Number of Students (Grade 9)' AS DataElementName,
    'RecordCount' AS CharacteristicType,
        CAST(COUNT(*) AS NVARCHAR(MAX)) AS Value,
    NULL AS Remarks
    from
        RDS.FactK12StudentEnrollments f
        join RDS.DimGradeLevels g on f.EntryGradeLevelId = g.DimGradeLevelId
    where
         g.GradeLevelCode in ('09')",,,,,,,
12. Do students have access to and complete rigorous and accelerated college preparatory coursework?,Academic Progress & Completion,Outcomes & Milestones,K12,Successful completion of Algebra 1 by 9th grade,Percentage of first-time grade 9 students who complete Algebra I or an equivalent course by the end of their 9th-grade year,First-time 9th grade student status,Found,"CourseTranscript.Course.AcademicSubject, CourseTranscript.CourseAttempResultDescriptor, CourseTranscript.StudenAcademicRecord.StudentUSI",Found,FactK12StudentCourseSections.EntryGradeLevelId,FactK12StudentCourseSections.EntryGradeLevelId,,,,,,"        
select  
        'Students successful completion of Algebra I (Grade 9)' AS DataElementName,
                'RecordCount' AS CharacteristicType,  
                count(1) AS Value,
                NULL AS Remarks
                from rds.FactK12StudentCourseSections f  
                join  RDS.DimScedCodes s on f.ScedCodeId = s.DimScedCodeId
                join RDS.DimGradeLevels g on f.EntryGradeLevelId = g.DimGradeLevelId
                where  s.ScedCourseSubjectAreaCode ='02' and s.ScedCourseCode in ('02052', ' 02053', '02054')      
                                                and g.gradelevelcode in ('09')
","        
select  
        'Students successful completion of Algebra I (Grade 9)' AS DataElementName,
                'RecordCount' AS CharacteristicType,  
                count(1) AS Value,
                NULL AS Remarks
                from rds.FactK12StudentCourseSections f  
                join  RDS.DimScedCodes s on f.ScedCodeId = s.DimScedCodeId
                join RDS.DimGradeLevels g on f.EntryGradeLevelId = g.DimGradeLevelId
                where  s.ScedCourseSubjectAreaCode ='02' and s.ScedCourseCode in ('02052', ' 02053', '02054')      
                                                and g.gradelevelcode in ('09')
",,,,,,,
12. Do students have access to and complete rigorous and accelerated college preparatory coursework?,Academic Progress & Completion,Outcomes & Milestones,K12,Successful completion of Algebra 1 by 9th grade,Percentage of first-time grade 9 students who complete Algebra I or an equivalent course by the end of their 9th-grade year,7th grade student status,Found,"CourseTranscript.Course.AcademicSubject, CourseTranscript.CourseAttempResultDescriptor, CourseTranscript.StudenAcademicRecord.StudentUSI",Found,FactK12StudentCourseSections.EntryGradeLevelId,FactK12StudentCourseSections.EntryGradeLevelId,,,,,,"        
select  
        'Students successful completion of Algebra I (Grade 7)' AS DataElementName,
                'RecordCount' AS CharacteristicType,  
                count(1) AS Value,
                NULL AS Remarks
                from rds.FactK12StudentCourseSections f  
                join  RDS.DimScedCodes s on f.ScedCodeId = s.DimScedCodeId
                join RDS.DimGradeLevels g on f.EntryGradeLevelId = g.DimGradeLevelId
                where  s.ScedCourseSubjectAreaCode ='02' and s.ScedCourseCode in ('02052', ' 02053', '02054')      
                                                and g.gradelevelcode in ('07')
","        
select  
        'Students successful completion of Algebra I (Grade 7)' AS DataElementName,
                'RecordCount' AS CharacteristicType,  
                count(1) AS Value,
                NULL AS Remarks
                from rds.FactK12StudentCourseSections f  
                join  RDS.DimScedCodes s on f.ScedCodeId = s.DimScedCodeId
                join RDS.DimGradeLevels g on f.EntryGradeLevelId = g.DimGradeLevelId
                where  s.ScedCourseSubjectAreaCode ='02' and s.ScedCourseCode in ('02052', ' 02053', '02054')      
                                                and g.gradelevelcode in ('07')
",,,,,,,
12. Do students have access to and complete rigorous and accelerated college preparatory coursework?,Academic Progress & Completion,Outcomes & Milestones,K12,Successful completion of Algebra 1 by 9th grade,Percentage of first-time grade 9 students who complete Algebra I or an equivalent course by the end of their 9th-grade year,8th grade student status,Found,"CourseTranscript.Course.AcademicSubject, CourseTranscript.CourseAttempResultDescriptor, CourseTranscript.StudenAcademicRecord.StudentUSI",Found,FactK12StudentCourseSections.EntryGradeLevelId,FactK12StudentCourseSections.EntryGradeLevelId,,,,,,"        
select  
        'Students successful completion of Algebra I (Grade 8)' AS DataElementName,
                'RecordCount' AS CharacteristicType,  
                count(1) AS Value,
                NULL AS Remarks
                from rds.FactK12StudentCourseSections f  
                join  RDS.DimScedCodes s on f.ScedCodeId = s.DimScedCodeId
                join RDS.DimGradeLevels g on f.EntryGradeLevelId = g.DimGradeLevelId
                where  s.ScedCourseSubjectAreaCode ='02' and s.ScedCourseCode in ('02052', ' 02053', '02054')      
                                                and g.gradelevelcode in ('08')
","        
select  
        'Students successful completion of Algebra I (Grade 8)' AS DataElementName,
                'RecordCount' AS CharacteristicType,  
                count(1) AS Value,
                NULL AS Remarks
                from rds.FactK12StudentCourseSections f  
                join  RDS.DimScedCodes s on f.ScedCodeId = s.DimScedCodeId
                join RDS.DimGradeLevels g on f.EntryGradeLevelId = g.DimGradeLevelId
                where  s.ScedCourseSubjectAreaCode ='02' and s.ScedCourseCode in ('02052', ' 02053', '02054')      
                                                and g.gradelevelcode in ('08')
",,,,,,,
12. Do students have access to and complete rigorous and accelerated college preparatory coursework?,Academic Progress & Completion,Outcomes & Milestones,K12,Successful completion of Algebra 1 by 9th grade,Percentage of first-time grade 9 students who complete Algebra I or an equivalent course by the end of their 9th-grade year,Course ID or course title,Found,CourseTranscript.Course.CourseCode,Found,FactK12StudentCourseSections.K12CourseId,FactK12StudentCourseSections.StateK12CourseId,,,,,,"select  
        'Count of unique Course Identifiers for Algebra I (Grade 9)' AS DataElementName,
                'RecordCount' AS CharacteristicType,  
                count(c.CourseIdentifier) AS Value,
                NULL AS Remarks
                from rds.FactK12StudentCourseSections f  
                join  RDS.DimScedCodes s on f.ScedCodeId = s.DimScedCodeId
                join RDS.DimGradeLevels g on f.EntryGradeLevelId = g.DimGradeLevelId
                                join RDS.DimK12Courses c on c.DimK12CourseId = f.K12CourseId        
                where  s.ScedCourseSubjectAreaCode ='02' and s.ScedCourseCode in ('02052', ' 02053', '02054')      
                                                and g.gradelevelcode in ('09')","select  
        'Count of unique Course Identifiers for Algebra I (Grade 9)' AS DataElementName,
                'RecordCount' AS CharacteristicType,  
                count(c.CourseIdentifier) AS Value,
                NULL AS Remarks
                from rds.FactK12StudentCourseSections f  
                join  RDS.DimScedCodes s on f.ScedCodeId = s.DimScedCodeId
                join RDS.DimGradeLevels g on f.EntryGradeLevelId = g.DimGradeLevelId
                                join RDS.DimK12Courses c on c.DimK12CourseId = f.StateK12CourseId        
                where  s.ScedCourseSubjectAreaCode ='02' and s.ScedCourseCode in ('02052', ' 02053', '02054')      
                                                and g.gradelevelcode in ('09')",,,,,,,
12. Do students have access to and complete rigorous and accelerated college preparatory coursework?,Academic Progress & Completion,Outcomes & Milestones,K12,Successful completion of Algebra 1 by 9th grade,Percentage of first-time grade 9 students who complete Algebra I or an equivalent course by the end of their 9th-grade year,Course passage or completion,Found,"CourseTranscript.Course.AcademicSubject, CourseTranscript.CourseAttempResultDescriptor","Not Found in V11 
Found in V13",N/A,FactK12StudentCourseSections.K12CourseSectionEnrollmentStatusId,,,,,,"Missing elements in CEDS DWH :
Course Begin Date  
Course End Date
Course Section Exit Type","select  
    'Count of course passage completion (Grade 9)' AS DataElementName,
    'RecordCount' AS CharacteristicType,  
     count(1) AS Value,
     NULL AS Remarks
from rds.FactK12StudentCourseSections f
join rds.DimK12CourseSectionEnrollmentStatuses d
on f.K12CourseSectionEnrollmentStatusId = d.DimK12CourseSectionEnrollmentStatusId
join rds.BridgeK12StudentCourseSectionGradeLevels b
on f.FactK12StudentCourseSectionId = b.FactK12StudentCourseSectionId
join rds.DimGradeLevels d2
on b.GradeLevelId = d2.DimGradeLevelId
where d2.GradeLevelCode = '09'
and d.CourseSectionEnrollmentStatusTypeCode = 'Completed'",,,,,,,
12. Do students have access to and complete rigorous and accelerated college preparatory coursework?,Academic Progress & Completion,Outcomes & Milestones,K12,Successful completion of Algebra 1 by 9th grade,Percentage of first-time grade 9 students who complete Algebra I or an equivalent course by the end of their 9th-grade year,"Course ID or course title of follow-up courses (Algebra II, Pre-calculus, Geometry, etc)",Found,"Course.AcademicSubject, Course.NumberOfParts",Found,FactK12StudentCourseSections.K12CourseId,FactK12StudentCourseSections.StateK12CourseId,,,,,,"select  
        'Count of unique Course Identifiers for Follow up Algebra courses (Grade 9)' AS DataElementName,
                'RecordCount' AS CharacteristicType,  
                count(c.CourseIdentifier) AS Value,
                NULL AS Remarks
                from rds.FactK12StudentCourseSections f  
                join  RDS.DimScedCodes s on f.ScedCodeId = s.DimScedCodeId
                join RDS.DimGradeLevels g on f.EntryGradeLevelId = g.DimGradeLevelId
                                join RDS.DimK12Courses c on c.DimK12CourseId = f.K12CourseId        
                where  s.ScedCourseSubjectAreaCode ='02' and s.ScedCourseCode in ('02056', ' 02057', '02072', '02114')      
                                                and g.gradelevelcode in ('09')","select  
        'Count of unique Course Identifiers for Follow up Algebra courses (Grade 9)' AS DataElementName,
                'RecordCount' AS CharacteristicType,  
                count(c.CourseIdentifier) AS Value,
                NULL AS Remarks
                from rds.FactK12StudentCourseSections f  
                join  RDS.DimScedCodes s on f.ScedCodeId = s.DimScedCodeId
                join RDS.DimGradeLevels g on f.EntryGradeLevelId = g.DimGradeLevelId
                                join RDS.DimK12Courses c on c.DimK12CourseId = f.StateK12CourseId        
                where  s.ScedCourseSubjectAreaCode ='02' and s.ScedCourseCode in ('02056', ' 02057', '02072', '02114')      
                                                and g.gradelevelcode in ('09')",,,,,,,
12. Do students have access to and complete rigorous and accelerated college preparatory coursework?,Academic Progress & Completion,Outcomes & Milestones,K12,College preparatory coursework completion,"Percentage of high school graduates who successfully complete the coursework required for admission at a four-year college or university, which includes: 
o        Four years of English classes
o        Four years of math classes (including at least four of the following: pre-algebra, algebra, geometry, Algebra II or trigonometry, precalculus, and calculus)
o        Three years of laboratory science (including biology, chemistry, and physics)
o        Two years of social sciences
o        Two years of foreign language
o        One year of visual or performing arts ",High school graduation indicator,Found,"StudentAcademicRecord.Diploma.Achievement, StudentAcademicRecord.Diploma.DiplomaType",Not Found,N/A,N/A,,,,,,Missing CEDS Connect,Missing CEDS Connect,,,,,,,
12. Do students have access to and complete rigorous and accelerated college preparatory coursework?,Academic Progress & Completion,Outcomes & Milestones,K12,College preparatory coursework completion,"Percentage of high school graduates who successfully complete the coursework required for admission at a four-year college or university, which includes: 
o        Four years of English classes
o        Four years of math classes (including at least four of the following: pre-algebra, algebra, geometry, Algebra II or trigonometry, precalculus, and calculus)
o        Three years of laboratory science (including biology, chemistry, and physics)
o        Two years of social sciences
o        Two years of foreign language
o        One year of visual or performing arts ",Course ID or course title,Found,"Course.CourseCode, Course.CourseTitle",Found,FactK12StudentCourseSections.K12CourseId,FactK12StudentCourseSections.StateK12CourseId,,,,,,Missing CEDS Connect,Missing CEDS Connect,,,,,,,
12. Do students have access to and complete rigorous and accelerated college preparatory coursework?,Academic Progress & Completion,Outcomes & Milestones,K12,College preparatory coursework completion,"Percentage of high school graduates who successfully complete the coursework required for admission at a four-year college or university, which includes: 
o        Four years of English classes
o        Four years of math classes (including at least four of the following: pre-algebra, algebra, geometry, Algebra II or trigonometry, precalculus, and calculus)
o        Three years of laboratory science (including biology, chemistry, and physics)
o        Two years of social sciences
o        Two years of foreign language
o        One year of visual or performing arts ",Course passage or completion,Found,"CourseTranscript.Course.AcademicSubject, CourseTranscript.CourseAttempResultDescriptor","Not Found in V11 
Found in V13",N/A,FactK12StudentCourseSections.K12CourseSectionEnrollmentStatusId,,,,,,"Missing element in CEDS DWH:
CourseLevelCharacteristicCode = ['Completed', 'Passed']","select  
    'Count of course passage completion' AS DataElementName,
    'RecordCount' AS CharacteristicType,  
     count(1) AS Value,
     NULL AS Remarks
from rds.FactK12StudentCourseSections f
join rds.DimK12CourseSectionEnrollmentStatuses d
on f.K12CourseSectionEnrollmentStatusId = d.DimK12CourseSectionEnrollmentStatusId
join rds.BridgeK12StudentCourseSectionGradeLevels b
on f.FactK12StudentCourseSectionId = b.FactK12StudentCourseSectionId
join rds.DimGradeLevels d2
on b.GradeLevelId = d2.DimGradeLevelId
where d.CourseSectionEnrollmentStatusTypeCode = 'Completed'",,,,,,,
12. Do students have access to and complete rigorous and accelerated college preparatory coursework?,Academic Progress & Completion,Outcomes & Milestones,PS,Early college coursework completion,"Percentage of high school students who enroll in and pass at least one early college course (AP, IB, or dual credit)
",AP enrollment,Found,"StudentSectionAssociation.Section.CourseOffering.Course.CourseTitle, StudentSectionAssociation.StudentUSI, CourseTranscript.Course.CourseLevelCharacteristicDescriptor",Found,FactK12StudentCourseSections.K12CourseId,FactK12StudentCourseSections.K12CourseId,,,,,,"select  
        'Students taking AP course' AS DataElementName,
                'RecordCount' AS CharacteristicType,  
                count(1) AS Value,
                NULL AS Remarks
                from rds.FactK12StudentCourseSections f  
                                join RDS.DimK12Courses c on c.DimK12CourseId = f.K12CourseId        
                                join RDS.DimK12CourseStatuses k on f.K12CourseStatusId = k.DimK12CourseStatusId                
                where 
                                                 k.CourseLevelCharacteristicCode = '00575'","select  
        'Students taking AP course' AS DataElementName,
                'RecordCount' AS CharacteristicType,  
                count(1) AS Value,
                NULL AS Remarks
                from rds.FactK12StudentCourseSections f  
                                join RDS.DimK12Courses c on c.DimK12CourseId = f.K12CourseId        
                                join RDS.DimK12CourseStatuses k on f.K12CourseStatusId = k.DimK12CourseStatusId                
                where 
                                                 k.CourseLevelCharacteristicCode = '00575'",,,,,,,
12. Do students have access to and complete rigorous and accelerated college preparatory coursework?,Academic Progress & Completion,Outcomes & Milestones,PS,Early college coursework completion,"Percentage of high school students who enroll in and pass at least one early college course (AP, IB, or dual credit)
",IB enrollment,Found,"StudentSectionAssociation.Section.CourseOffering.Course.CourseTitle, StudentSectionAssociation.StudentUSI, CourseTranscript.Course.CourseLevelCharacteristicDescriptor",Found,FactK12StudentCourseSections.K12CourseId,FactK12StudentCourseSections.K12CourseId,,,,,,"select  
        'Students taking IB course' AS DataElementName,
                'RecordCount' AS CharacteristicType,  
                count(1) AS Value,
                NULL AS Remarks
                from rds.FactK12StudentCourseSections f  
				join RDS.DimK12Courses c on c.DimK12CourseId = f.K12CourseId	
				join RDS.DimK12CourseStatuses k on f.K12CourseStatusId = k.DimK12CourseStatusId		
                where 
						 k.CourseLevelCharacteristicCode = '00574'","select  
        'Students taking IB course' AS DataElementName,
                'RecordCount' AS CharacteristicType,  
                count(1) AS Value,
                NULL AS Remarks
                from rds.FactK12StudentCourseSections f  
				join RDS.DimK12Courses c on c.DimK12CourseId = f.K12CourseId	
				join RDS.DimK12CourseStatuses k on f.K12CourseStatusId = k.DimK12CourseStatusId		
                where 
						 k.CourseLevelCharacteristicCode = '00574'",,,,,,,
12. Do students have access to and complete rigorous and accelerated college preparatory coursework?,Academic Progress & Completion,Outcomes & Milestones,PS,Early college coursework completion,"Percentage of high school students who enroll in and pass at least one early college course (AP, IB, or dual credit)
",Dual credit enrollment,Found,"StudentSectionAssociation.Section.CourseOffering.Course.CourseTitle, StudentSectionAssociation.StudentUSI, CourseTranscript.Course.CourseLevelCharacteristicDescriptor",Found,FactK12StudentCourseSections.K12CourseId,FactK12StudentCourseSections.K12CourseId,,,,,,"select  
        'Students taking Dual course' AS DataElementName,
                'RecordCount' AS CharacteristicType,  
                count(1) AS Value,
                NULL AS Remarks
                from rds.FactK12StudentCourseSections f  
				join RDS.DimK12Courses c on c.DimK12CourseId = f.K12CourseId	
				join RDS.DimK12CourseStatuses k on f.K12CourseStatusId = k.DimK12CourseStatusId		
                where 
						 k.CourseLevelCharacteristicCode = '73048'","select  
        'Students taking Dual course' AS DataElementName,
                'RecordCount' AS CharacteristicType,  
                count(1) AS Value,
                NULL AS Remarks
                from rds.FactK12StudentCourseSections f  
                                join RDS.DimK12Courses c on c.DimK12CourseId = f.K12CourseId        
                                join RDS.DimK12CourseStatuses k on f.K12CourseStatusId = k.DimK12CourseStatusId                
                where 
                                                 k.CourseLevelCharacteristicCode = '73048'",,,,,,,
12. Do students have access to and complete rigorous and accelerated college preparatory coursework?,Academic Progress & Completion,Outcomes & Milestones,PS,Early college coursework completion,"Percentage of high school students who enroll in and pass at least one early college course (AP, IB, or dual credit)
",AP course passage,Partial,"CourseTranscript.Course.AcademicSubject, CourseTranscript.CourseAttempResultDescriptor, CourseTranscript.Course.CourseLevelCharacteristicDescriptor",,,,,,,,,"Missing element in CEDS DWH:
CourseLevelCharacteristicCode = ['Completed', 'Passed']","select  
    'Count of course passage completion of algebra (Grade 9)' AS DataElementName,
    'RecordCount' AS CharacteristicType,  
     count(1) AS Value,
     NULL AS Remarks
from rds.FactK12StudentCourseSections f
join rds.DimK12CourseSectionEnrollmentStatuses d
	on f.K12CourseSectionEnrollmentStatusId = d.DimK12CourseSectionEnrollmentStatusId
join rds.BridgeK12StudentCourseSectionGradeLevels b
	on f.FactK12StudentCourseSectionId = b.FactK12StudentCourseSectionId
join rds.DimGradeLevels d2
	on b.GradeLevelId = d2.DimGradeLevelId       
join RDS.DimK12CourseStatuses k 
	on f.K12CourseStatusId = k.DimK12CourseStatusId
where k.CourseLevelCharacteristicCode = '73048'
and d.CourseSectionEnrollmentStatusTypeCode = 'Completed'",,,,,,,
12. Do students have access to and complete rigorous and accelerated college preparatory coursework?,Academic Progress & Completion,Outcomes & Milestones,PS,Early college coursework completion,"Percentage of high school students who enroll in and pass at least one early college course (AP, IB, or dual credit)
",IB course passage,Partial,"CourseTranscript.Course.AcademicSubject, CourseTranscript.CourseAttempResultDescriptor, CourseTranscript.Course.CourseLevelCharacteristicDescriptor",,,,,,,,,"Missing element in CEDS DWH:
CourseLevelCharacteristicCode = ['Completed', 'Passed']","Missing element in CEDS DWH:
CourseLevelCharacteristicCode = ['Completed', 'Passed']",,,,,,,
12. Do students have access to and complete rigorous and accelerated college preparatory coursework?,Academic Progress & Completion,Outcomes & Milestones,PS,Early college coursework completion,"Percentage of high school students who enroll in and pass at least one early college course (AP, IB, or dual credit)
",Dual credit course passage,Partial,"CourseTranscript.Course.AcademicSubject, CourseTranscript.CourseAttempResultDescriptor, CourseTranscript.Course.CourseLevelCharacteristicDescriptor",,,,,,,,,"Missing element in CEDS DWH:
CourseLevelCharacteristicCode = ['Completed', 'Passed']","Missing element in CEDS DWH:
CourseLevelCharacteristicCode = ['Completed', 'Passed']",,,,,,,
12. Do students have access to and complete rigorous and accelerated college preparatory coursework?,Academic Progress & Completion,Outcomes & Milestones,PS,Early college coursework completion,"Percentage of students enrolled in early college coursework who earn credit-bearing scores on end-of-course tests (for example, a score of 3 or higher on AP tests or 5 or higher on IB tests) or earn postsecondary credit within their dual enrollment courses",AP enrollment,Found,"StudentSectionAssociation.Section.CourseOffering.Course.CourseTitle, StudentSectionAssociation.StudentUSI, CourseTranscript.Course.CourseLevelCharacteristicDescriptor",,,,,,,,,"select  
        'Students taking AP course' AS DataElementName,
                'RecordCount' AS CharacteristicType,  
                count(1) AS Value,
                NULL AS Remarks
                from rds.FactK12StudentCourseSections f  
				join RDS.DimK12Courses c on c.DimK12CourseId = f.K12CourseId	
				join RDS.DimK12CourseStatuses k on f.K12CourseStatusId = k.DimK12CourseStatusId		
                where 
						 k.CourseLevelCharacteristicCode = '00575'","select  
        'Students taking AP course' AS DataElementName,
                'RecordCount' AS CharacteristicType,  
                count(1) AS Value,
                NULL AS Remarks
                from rds.FactK12StudentCourseSections f  
				join RDS.DimK12Courses c on c.DimK12CourseId = f.K12CourseId	
				join RDS.DimK12CourseStatuses k on f.K12CourseStatusId = k.DimK12CourseStatusId		
                where 
						 k.CourseLevelCharacteristicCode = '00575'",,,,,,,
12. Do students have access to and complete rigorous and accelerated college preparatory coursework?,Academic Progress & Completion,Outcomes & Milestones,PS,Early college coursework completion,"Percentage of students enrolled in early college coursework who earn credit-bearing scores on end-of-course tests (for example, a score of 3 or higher on AP tests or 5 or higher on IB tests) or earn postsecondary credit within their dual enrollment courses",IB enrollment,Found,"StudentSectionAssociation.Section.CourseOffering.Course.CourseTitle, StudentSectionAssociation.StudentUSI, CourseTranscript.Course.CourseLevelCharacteristicDescriptor",,,,,,,,,"select  
        'Students taking IB course' AS DataElementName,
                'RecordCount' AS CharacteristicType,  
                count(1) AS Value,
                NULL AS Remarks
                from rds.FactK12StudentCourseSections f  
				join RDS.DimK12Courses c on c.DimK12CourseId = f.K12CourseId	
				join RDS.DimK12CourseStatuses k on f.K12CourseStatusId = k.DimK12CourseStatusId		
                where 
						 k.CourseLevelCharacteristicCode = '00574'","select  
        'Students taking IB course' AS DataElementName,
                'RecordCount' AS CharacteristicType,  
                count(1) AS Value,
                NULL AS Remarks
                from rds.FactK12StudentCourseSections f  
				join RDS.DimK12Courses c on c.DimK12CourseId = f.K12CourseId	
				join RDS.DimK12CourseStatuses k on f.K12CourseStatusId = k.DimK12CourseStatusId		
                where 
						 k.CourseLevelCharacteristicCode = '00574'",,,,,,,
12. Do students have access to and complete rigorous and accelerated college preparatory coursework?,Academic Progress & Completion,Outcomes & Milestones,PS,Early college coursework completion,"Percentage of students enrolled in early college coursework who earn credit-bearing scores on end-of-course tests (for example, a score of 3 or higher on AP tests or 5 or higher on IB tests) or earn postsecondary credit within their dual enrollment courses",Dual credit enrollment,Found,"StudentSectionAssociation.Section.CourseOffering.Course.CourseTitle, StudentSectionAssociation.StudentUSI, CourseTranscript.Course.CourseLevelCharacteristicDescriptor",,,,,,,,,"select  
        'Students taking Dual course' AS DataElementName,
                'RecordCount' AS CharacteristicType,  
                count(1) AS Value,
                NULL AS Remarks
                from rds.FactK12StudentCourseSections f  
				join RDS.DimK12Courses c on c.DimK12CourseId = f.K12CourseId	
				join RDS.DimK12CourseStatuses k on f.K12CourseStatusId = k.DimK12CourseStatusId		
                where 
						 k.CourseLevelCharacteristicCode = '73048'","select  
        'Students taking Dual course' AS DataElementName,
                'RecordCount' AS CharacteristicType,  
                count(1) AS Value,
                NULL AS Remarks
                from rds.FactK12StudentCourseSections f  
				join RDS.DimK12Courses c on c.DimK12CourseId = f.K12CourseId	
				join RDS.DimK12CourseStatuses k on f.K12CourseStatusId = k.DimK12CourseStatusId		
                where 
						 k.CourseLevelCharacteristicCode = '73048'",,,,,,,
12. Do students have access to and complete rigorous and accelerated college preparatory coursework?,Academic Progress & Completion,Outcomes & Milestones,PS,Early college coursework completion,"Percentage of students enrolled in early college coursework who earn credit-bearing scores on end-of-course tests (for example, a score of 3 or higher on AP tests or 5 or higher on IB tests) or earn postsecondary credit within their dual enrollment courses",AP credit earned (or AP test scores),Found,"CourseTranscript.Course.AcademicSubject, CourseTranscript.CourseAttempResultDescriptor, CourseTranscript.Course.CourseLevelCharacteristicDescriptor, CourseTranscript.EarnedCredits",,,,,,,,,Missing Table for PS assessment scores in CEDS DWH,Missing Table for PS assessment scores in CEDS DWH,,,,,,,
12. Do students have access to and complete rigorous and accelerated college preparatory coursework?,Academic Progress & Completion,Outcomes & Milestones,PS,Early college coursework completion,"Percentage of students enrolled in early college coursework who earn credit-bearing scores on end-of-course tests (for example, a score of 3 or higher on AP tests or 5 or higher on IB tests) or earn postsecondary credit within their dual enrollment courses",IB credit earned (or IB test scores),Found,"CourseTranscript.Course.AcademicSubject, CourseTranscript.CourseAttempResultDescriptor, CourseTranscript.Course.CourseLevelCharacteristicDescriptor, CourseTranscript.EarnedCredits",,,,,,,,,Missing Table for PS assessment scores in CEDS DWH,Missing Table for PS assessment scores in CEDS DWH,,,,,,,
12. Do students have access to and complete rigorous and accelerated college preparatory coursework?,Academic Progress & Completion,Outcomes & Milestones,PS,Early college coursework completion,"Percentage of students enrolled in early college coursework who earn credit-bearing scores on end-of-course tests (for example, a score of 3 or higher on AP tests or 5 or higher on IB tests) or earn postsecondary credit within their dual enrollment courses",Dual credit earned,Found,"CourseTranscript.Course.AcademicSubject, CourseTranscript.CourseAttempResultDescriptor, CourseTranscript.Course.CourseLevelCharacteristicDescriptor, CourseTranscript.EarnedCredits",,,,,,,,,Missing Table for PS assessment scores in CEDS DWH,Missing Table for PS assessment scores in CEDS DWH,,,,,,,
12. Do students have access to and complete rigorous and accelerated college preparatory coursework?,Academic Progress & Completion,Outcomes & Milestones,K12,SAT and ACT participation and performance,Percentage of grade 11–12 students who take the SAT/ACT,Student grade level,Found,StudentSchoolAssociation.EntryGradeLevel,Found,FactK12Enrollments.EntryGradeId,FactK12Enrollments.EntryGradeId,,,,,,"select
        'Number of Students (Grades 11 and 12)' AS DataElementName,
    'RecordCount' AS CharacteristicType,
        CAST(COUNT(*) AS NVARCHAR(MAX)) AS Value,
    NULL AS Remarks
    from
        RDS.FactK12StudentEnrollments f
        join RDS.DimGradeLevels g on f.EntryGradeLevelId = g.DimGradeLevelId
    where
         g.GradeLevelCode in ('11', '12')","select
        'Number of Students (Grades 11 and 12)' AS DataElementName,
    'RecordCount' AS CharacteristicType,
        CAST(COUNT(*) AS NVARCHAR(MAX)) AS Value,
    NULL AS Remarks
    from
        RDS.FactK12StudentEnrollments f
        join RDS.DimGradeLevels g on f.EntryGradeLevelId = g.DimGradeLevelId
    where
         g.GradeLevelCode in ('11', '12')",,,,,,,
12. Do students have access to and complete rigorous and accelerated college preparatory coursework?,Academic Progress & Completion,Outcomes & Milestones,K12,SAT and ACT participation and performance,Percentage of grade 11–12 students who take the SAT/ACT,SAT completion,Found,"Assessment.AssessmentTitle, StudentAssessmentPerformanceLevel.PerfomanceLevelDescriptorId
PerformanceLevelDescriptor.DescriptorId",Found,FactK12StudentAssessments.AssessmentResultScoreValueSATScore,FactK12StudentAssessments.AssessmentResultScoreValueSATScore,,,,,,"select  
        'Count of Students completed SAT (Grade 11-12)' AS DataElementName,
                'RecordCount' AS CharacteristicType,  
                count(1) AS Value,
                NULL AS Remarks
                from rds.FactK12StudentAssessments ase  
                join  RDS.FactK12StudentEnrollments f on f.K12StudentId = ase.K12StudentId
        join RDS.DimAssessments da on da.DimAssessmentId = ase.AssessmentId
                join RDS.DimGradeLevels g on f.EntryGradeLevelId = g.DimGradeLevelId
                join RDS.DimAssessmentSubtests s on ase.AssessmentSubtestId = s.DimAssessmentSubtestId  
                                --join RDS.DimAssessmentResults ar
                where  ase.AssessmentResultScoreValueSATScore is not null
                        and da.AssessmentTypeCode = 'AchievementTest' 
                        and s.AssessmentLevelForWhichDesigned in ( '11', '12')
                                                --and ar.AssessmentScoreMetricType = 03481 --CEDS DWH missing AssessmentScoreMetricType","select  
        'Count of Students completed SAT (Grade 11-12)' AS DataElementName,
                'RecordCount' AS CharacteristicType,  
                count(1) AS Value,
                NULL AS Remarks
                from rds.FactK12StudentAssessments ase  
                join  RDS.FactK12StudentEnrollments f on f.K12StudentId = ase.K12StudentId
        join RDS.DimAssessments da on da.DimAssessmentId = ase.AssessmentId
                join RDS.DimGradeLevels g on f.EntryGradeLevelId = g.DimGradeLevelId
                join RDS.DimAssessmentSubtests s on ase.AssessmentSubtestId = s.DimAssessmentSubtestId  
                where  ase.AssessmentResultScoreValueSATScore is not null
                        and da.AssessmentTypeCode = 'AchievementTest' 
                        and s.AssessmentLevelForWhichDesigned in ( '11', '12')",,,,,,,
12. Do students have access to and complete rigorous and accelerated college preparatory coursework?,Academic Progress & Completion,Outcomes & Milestones,K12,SAT and ACT participation and performance,Percentage of grade 11–12 students who take the SAT/ACT,ACT completion,Found,"Assessment.AssessmentTitle, StudentAssessmentPerformanceLevel.PerfomanceLevelDescriptorId
PerformanceLevelDescriptor.DescriptorId",Found,FactK12StudentAssessments.AssessmentResultScoreValueACTScore,FactK12StudentAssessments.AssessmentResultScoreValueACTScore,,,,,,"select  
        'Count of Students completed ACT (Grade 11-12)' AS DataElementName,
                'RecordCount' AS CharacteristicType,  
                count(1) AS Value,
                NULL AS Remarks
                from rds.FactK12StudentAssessments ase  
                join  RDS.FactK12StudentEnrollments f on f.K12StudentId = ase.K12StudentId
        join RDS.DimAssessments da on da.DimAssessmentId = ase.AssessmentId
                join RDS.DimGradeLevels g on f.EntryGradeLevelId = g.DimGradeLevelId
                join RDS.DimAssessmentSubtests s on ase.AssessmentSubtestId = s.DimAssessmentSubtestId  
                                --join RDS.DimAssessmentResults ar
                where  ase.AssessmentResultScoreValueACTScore is not null
                        and da.AssessmentTypeCode = 'AchievementTest' 
                        and s.AssessmentLevelForWhichDesigned in ( '11', '12')
                                                --and ar.AssessmentScoreMetricType = 00494 ","select  
        'Count of Students completed ACT (Grade 11-12)' AS DataElementName,
                'RecordCount' AS CharacteristicType,  
                count(1) AS Value,
                NULL AS Remarks
                from rds.FactK12StudentAssessments ase  
                join  RDS.FactK12StudentEnrollments f on f.K12StudentId = ase.K12StudentId
        join RDS.DimAssessments da on da.DimAssessmentId = ase.AssessmentId
                join RDS.DimGradeLevels g on f.EntryGradeLevelId = g.DimGradeLevelId
                join RDS.DimAssessmentSubtests s on ase.AssessmentSubtestId = s.DimAssessmentSubtestId  
                where  ase.AssessmentResultScoreValueACTScore is not null
                        and da.AssessmentTypeCode = 'AchievementTest' 
                        and s.AssessmentLevelForWhichDesigned in ( '11', '12')",,,,,,,
12. Do students have access to and complete rigorous and accelerated college preparatory coursework?,Academic Progress & Completion,Outcomes & Milestones,K12,SAT and ACT participation and performance,"Percentage of grade 11–12 students who earn a “college-ready” score, based on the benchmarks set by the SAT and ACT",Student grade level,Found,StudentSchoolAssociation.EntryGradeLevel,Found,FactK12Enrollments.EntryGradeId,FactK12Enrollments.EntryGradeId,,,,,,"select
        'Number of Students (Grades 11 and 12)' AS DataElementName,
    'RecordCount' AS CharacteristicType,
        CAST(COUNT(*) AS NVARCHAR(MAX)) AS Value,
    NULL AS Remarks
    from
        RDS.FactK12StudentEnrollments f
        join RDS.DimGradeLevels g on f.EntryGradeLevelId = g.DimGradeLevelId
    where
         g.GradeLevelCode in ('11', '12')","select
        'Number of Students (Grades 11 and 12)' AS DataElementName,
    'RecordCount' AS CharacteristicType,
        CAST(COUNT(*) AS NVARCHAR(MAX)) AS Value,
    NULL AS Remarks
    from
        RDS.FactK12StudentEnrollments f
        join RDS.DimGradeLevels g on f.EntryGradeLevelId = g.DimGradeLevelId
    where
         g.GradeLevelCode in ('11', '12')",,,,,,,
12. Do students have access to and complete rigorous and accelerated college preparatory coursework?,Academic Progress & Completion,Outcomes & Milestones,K12,SAT and ACT participation and performance,"Percentage of grade 11–12 students who earn a “college-ready” score, based on the benchmarks set by the SAT and ACT",SAT score,Found,"Assessment.AssessmentTitle, StudentAssessmentPerformanceLevel.PerfomanceLevelDescriptorId
PerformanceLevelDescriptor.DescriptorId",Found,FactK12StudentAssessments.AssessmentResultScoreValueSATScore,FactK12StudentAssessments.AssessmentResultScoreValueSATScore,,,,,,"SELECT  
    'Count of Students college-ready SAT Score (Grade 11-12, Reading/Writing)' AS DataElementName,
    'RecordCount' AS CharacteristicType,  
    COUNT(1) AS Value,
    NULL AS Remarks
FROM rds.FactK12StudentAssessments ase  
JOIN RDS.FactK12StudentEnrollments f ON f.K12StudentId = ase.K12StudentId
JOIN RDS.DimAssessments da ON da.DimAssessmentId = ase.AssessmentId
JOIN RDS.DimGradeLevels g ON f.EntryGradeLevelId = g.DimGradeLevelId
JOIN RDS.DimAssessmentSubtests s ON ase.AssessmentSubtestId = s.DimAssessmentSubtestId
WHERE ase.AssessmentResultScoreValueSATScore >= 530
    AND da.AssessmentTypeCode = 'AchievementTest' 
    AND da.AssessmentAcademicSubjectCode IN ('01166')
    AND s.AssessmentLevelForWhichDesigned IN ('11', '12')
	--and ar.AssessmentScoreMetricType = 03481 
UNION

SELECT  
    'Count of Students college-ready SAT Score (Grade 11-12, Math)' AS DataElementName,
    'RecordCount' AS CharacteristicType,  
    COUNT(1) AS Value,
    NULL AS Remarks
FROM rds.FactK12StudentAssessments ase  
JOIN RDS.FactK12StudentEnrollments f ON f.K12StudentId = ase.K12StudentId
JOIN RDS.DimAssessments da ON da.DimAssessmentId = ase.AssessmentId
JOIN RDS.DimGradeLevels g ON f.EntryGradeLevelId = g.DimGradeLevelId
JOIN RDS.DimAssessmentSubtests s ON ase.AssessmentSubtestId = s.DimAssessmentSubtestId
WHERE ase.AssessmentResultScoreValueSATScore >= 480
    AND da.AssessmentTypeCode = 'AchievementTest' 
    AND da.AssessmentAcademicSubjectCode IN ('13373')
    AND s.AssessmentLevelForWhichDesigned IN ('11', '12')
	--and ar.AssessmentScoreMetricType = 03481 

","SELECT  
    'Count of Students college-ready SAT Score (Grade 11-12, Reading/Writing)' AS DataElementName,
    'RecordCount' AS CharacteristicType,  
    COUNT(1) AS Value,
    NULL AS Remarks
FROM rds.FactK12StudentAssessments ase  
JOIN RDS.FactK12StudentEnrollments f ON f.K12StudentId = ase.K12StudentId
JOIN RDS.DimAssessments da ON da.DimAssessmentId = ase.AssessmentId
JOIN RDS.DimGradeLevels g ON f.EntryGradeLevelId = g.DimGradeLevelId
JOIN RDS.DimAssessmentSubtests s ON ase.AssessmentSubtestId = s.DimAssessmentSubtestId
WHERE ase.AssessmentResultScoreValueSATScore >= 530
    AND da.AssessmentTypeCode = 'AchievementTest' 
    AND da.AssessmentAcademicSubjectCode IN ('01166')
    AND s.AssessmentLevelForWhichDesigned IN ('11', '12')
	--and ar.AssessmentScoreMetricType = 03481 
UNION

SELECT  
    'Count of Students college-ready SAT Score (Grade 11-12, Math)' AS DataElementName,
    'RecordCount' AS CharacteristicType,  
    COUNT(1) AS Value,
    NULL AS Remarks
FROM rds.FactK12StudentAssessments ase  
JOIN RDS.FactK12StudentEnrollments f ON f.K12StudentId = ase.K12StudentId
JOIN RDS.DimAssessments da ON da.DimAssessmentId = ase.AssessmentId
JOIN RDS.DimGradeLevels g ON f.EntryGradeLevelId = g.DimGradeLevelId
JOIN RDS.DimAssessmentSubtests s ON ase.AssessmentSubtestId = s.DimAssessmentSubtestId
WHERE ase.AssessmentResultScoreValueSATScore >= 480
    AND da.AssessmentTypeCode = 'AchievementTest' 
    AND da.AssessmentAcademicSubjectCode IN ('13373')
    AND s.AssessmentLevelForWhichDesigned IN ('11', '12')
	--and ar.AssessmentScoreMetricType = 03481 

",,,,,,,
12. Do students have access to and complete rigorous and accelerated college preparatory coursework?,Academic Progress & Completion,Outcomes & Milestones,K12,SAT and ACT participation and performance,"Percentage of grade 11–12 students who earn a “college-ready” score, based on the benchmarks set by the SAT and ACT",ACT score,Found,"Assessment.AssessmentTitle, StudentAssessmentPerformanceLevel.PerfomanceLevelDescriptorId
PerformanceLevelDescriptor.DescriptorId",Found,FactK12StudentAssessments.AssessmentResultScoreValueACTScore,FactK12StudentAssessments.AssessmentResultScoreValueACTScore,,,,,,"SELECT  
    'Count of Students college-ready SAT Score (Grade 11-12, Reading/Writing)' AS DataElementName,
    'RecordCount' AS CharacteristicType,  
    COUNT(1) AS Value,
    NULL AS Remarks
FROM rds.FactK12StudentAssessments ase  
JOIN RDS.FactK12StudentEnrollments f ON f.K12StudentId = ase.K12StudentId
JOIN RDS.DimAssessments da ON da.DimAssessmentId = ase.AssessmentId
JOIN RDS.DimGradeLevels g ON f.EntryGradeLevelId = g.DimGradeLevelId
JOIN RDS.DimAssessmentSubtests s ON ase.AssessmentSubtestId = s.DimAssessmentSubtestId
WHERE ase.AssessmentResultScoreValueACTScore >= 530
    AND da.AssessmentTypeCode = 'AchievementTest' 
    AND da.AssessmentAcademicSubjectCode IN ('01166')
    AND s.AssessmentLevelForWhichDesigned IN ('11', '12')
        --and ar.AssessmentScoreMetricType = 00494 
UNION

SELECT  
    'Count of Students college-ready SAT Score (Grade 11-12, Math)' AS DataElementName,
    'RecordCount' AS CharacteristicType,  
    COUNT(1) AS Value,
    NULL AS Remarks
FROM rds.FactK12StudentAssessments ase  
JOIN RDS.FactK12StudentEnrollments f ON f.K12StudentId = ase.K12StudentId
JOIN RDS.DimAssessments da ON da.DimAssessmentId = ase.AssessmentId
JOIN RDS.DimGradeLevels g ON f.EntryGradeLevelId = g.DimGradeLevelId
JOIN RDS.DimAssessmentSubtests s ON ase.AssessmentSubtestId = s.DimAssessmentSubtestId
WHERE ase.AssessmentResultScoreValueACTScore >= 480
    AND da.AssessmentTypeCode = 'AchievementTest' 
    AND da.AssessmentAcademicSubjectCode IN ('13373')
    AND s.AssessmentLevelForWhichDesigned IN ('11', '12')
        --and ar.AssessmentScoreMetricType = 00494

","SELECT  
    'Count of Students college-ready SAT Score (Grade 11-12, Reading/Writing)' AS DataElementName,
    'RecordCount' AS CharacteristicType,  
    COUNT(1) AS Value,
    NULL AS Remarks
FROM rds.FactK12StudentAssessments ase  
JOIN RDS.FactK12StudentEnrollments f ON f.K12StudentId = ase.K12StudentId
JOIN RDS.DimAssessments da ON da.DimAssessmentId = ase.AssessmentId
JOIN RDS.DimGradeLevels g ON f.EntryGradeLevelId = g.DimGradeLevelId
JOIN RDS.DimAssessmentSubtests s ON ase.AssessmentSubtestId = s.DimAssessmentSubtestId
WHERE ase.AssessmentResultScoreValueACTScore >= 530
    AND da.AssessmentTypeCode = 'AchievementTest' 
    AND da.AssessmentAcademicSubjectCode IN ('01166')
    AND s.AssessmentLevelForWhichDesigned IN ('11', '12')
        --and ar.AssessmentScoreMetricType = 00494 
UNION

SELECT  
    'Count of Students college-ready SAT Score (Grade 11-12, Math)' AS DataElementName,
    'RecordCount' AS CharacteristicType,  
    COUNT(1) AS Value,
    NULL AS Remarks
FROM rds.FactK12StudentAssessments ase  
JOIN RDS.FactK12StudentEnrollments f ON f.K12StudentId = ase.K12StudentId
JOIN RDS.DimAssessments da ON da.DimAssessmentId = ase.AssessmentId
JOIN RDS.DimGradeLevels g ON f.EntryGradeLevelId = g.DimGradeLevelId
JOIN RDS.DimAssessmentSubtests s ON ase.AssessmentSubtestId = s.DimAssessmentSubtestId
WHERE ase.AssessmentResultScoreValueACTScore >= 480
    AND da.AssessmentTypeCode = 'AchievementTest' 
    AND da.AssessmentAcademicSubjectCode IN ('13373')
    AND s.AssessmentLevelForWhichDesigned IN ('11', '12')
        --and ar.AssessmentScoreMetricType = 00494

",,,,,,,
12. Do students have access to and complete rigorous and accelerated college preparatory coursework?,Academic Progress & Completion,E-W System Conditions,K12,Access to college preparatory coursework,"Percentage of high schools offering each of the following sets of college preparatory courses: 
o        Four years of English 
o        Four years of math (including at least four of the following: pre-algebra, algebra, geometry, Algebra II or trigonometry, precalculus, and calculus)
o        Three years of laboratory science (including biology, chemistry, physics)
o        Two years of social science
o        Two years of foreign language
o        One year of visual or performing arts
•        Percentage of middle schools offering Algebra I",Course ID or course title,Found,"Course.CourseCode, Course.CourseTitle",Found,FactK12StudentCourseSections.K12CourseId,FactK12StudentCourseSections.StateK12CourseId,,,,,,"SELECT  
    'Count of courses(college prep coursework:English)' AS DataElementName,
    'RecordCount' AS CharacteristicType,  
    COUNT(f.K12CourseId) AS Value,
    NULL AS Remarks
FROM rds.FactK12StudentCourseSections f  
--JOIN RDS.FactK12StudentEnrollments f ON f.K12StudentId = c.K12StudentId and c.SchoolYearId = f.SchoolYearId
JOIN RDS.DimK12Schools sc on f.K12SchoolId = sc.DimK12SchoolId 
JOIN RDS.DimGradeLevels g ON f.EntryGradeLevelId = g.DimGradeLevelId
JOIN RDS.DimScedCodes s ON f.ScedCodeId = s.DimScedCodeId
where     g.GradeLevelCode IN ('09', '10', '11', '12')
	AND sc.SchoolOperationalStatus in ('Open', 'New', 'Added', 'ChangedAgency', 'Reopened')
	AND f.K12CourseId is not NULL
	AND s.ScedCourseSubjectAreaCode ='01'
	--School Level = 02402
	and s.ScedSequenceOfCourse >=4
	union
	SELECT  
    'Count of courses(college prep coursework:Math)' AS DataElementName,
    'RecordCount' AS CharacteristicType,  
    COUNT(f.K12CourseId) AS Value,
    NULL AS Remarks
FROM rds.FactK12StudentCourseSections f  
JOIN RDS.DimK12Schools sc on f.K12SchoolId = sc.DimK12SchoolId 
JOIN RDS.DimGradeLevels g ON f.EntryGradeLevelId = g.DimGradeLevelId
JOIN RDS.DimScedCodes s ON f.ScedCodeId = s.DimScedCodeId
where     g.GradeLevelCode IN ('09', '10', '11', '12')
	AND sc.SchoolOperationalStatus in ('Open', 'New', 'Added', 'ChangedAgency', 'Reopened')
	AND f.K12CourseId is not NULL
	AND s.ScedCourseSubjectAreaCode ='02'
	AND s.ScedCourseCode in ('02051','02052','02072','02056', '02106','02110','02121','02205','02158','22161')
	--School Level = 02402
	and s.ScedSequenceOfCourse >=4
	union
	SELECT  
    'Count of courses(college prep coursework-LABORATORY SCIENCE)' AS DataElementName,
    'RecordCount' AS CharacteristicType,  
    COUNT(f.K12CourseId) AS Value,
    NULL AS Remarks
FROM rds.FactK12StudentCourseSections f  
JOIN RDS.DimK12Schools sc on f.K12SchoolId = sc.DimK12SchoolId 
JOIN RDS.DimGradeLevels g ON f.EntryGradeLevelId = g.DimGradeLevelId
JOIN RDS.DimScedCodes s ON f.ScedCodeId = s.DimScedCodeId
where     g.GradeLevelCode IN ('09', '10', '11', '12')
	AND sc.SchoolOperationalStatus in ('Open', 'New', 'Added', 'ChangedAgency', 'Reopened')
	AND f.K12CourseId is not NULL
	AND s.ScedCourseSubjectAreaCode ='03'
	AND s.ScedCourseCode in ('03051','03151','03101')
	--School Level = 02402
	and s.ScedSequenceOfCourse >=3
union
	SELECT  
    'Count of courses(college prep coursework-SOCIAL SCIENCE)' AS DataElementName,
    'RecordCount' AS CharacteristicType,  
    COUNT(f.K12CourseId) AS Value,
    NULL AS Remarks
FROM rds.FactK12StudentCourseSections f  
JOIN RDS.DimK12Schools sc on f.K12SchoolId = sc.DimK12SchoolId 
JOIN RDS.DimGradeLevels g ON f.EntryGradeLevelId = g.DimGradeLevelId
JOIN RDS.DimScedCodes s ON f.ScedCodeId = s.DimScedCodeId
where     g.GradeLevelCode IN ('09', '10', '11', '12')
	AND sc.SchoolOperationalStatus in ('Open', 'New', 'Added', 'ChangedAgency', 'Reopened')
	AND f.K12CourseId is not NULL
	AND s.ScedCourseSubjectAreaCode ='04'
	--School Level = 02402
	and s.ScedSequenceOfCourse >=2
union
	SELECT  
    'Count of courses(college prep coursework-FOREIGN LANGUAGE)' AS DataElementName,
    'RecordCount' AS CharacteristicType,  
    COUNT(f.K12CourseId) AS Value,
    NULL AS Remarks
FROM rds.FactK12StudentCourseSections f  
JOIN RDS.DimK12Schools sc on f.K12SchoolId = sc.DimK12SchoolId 
JOIN RDS.DimGradeLevels g ON f.EntryGradeLevelId = g.DimGradeLevelId
JOIN RDS.DimScedCodes s ON f.ScedCodeId = s.DimScedCodeId
where     g.GradeLevelCode IN ('09', '10', '11', '12')
	AND sc.SchoolOperationalStatus in ('Open', 'New', 'Added', 'ChangedAgency', 'Reopened')
	AND f.K12CourseId is not NULL
	AND s.ScedCourseSubjectAreaCode ='24'
	--School Level = 02402
	and s.ScedSequenceOfCourse >=2
union
	SELECT  
    'Count of courses(college prep coursework-VISUAL OR PERFORMING ARTS)' AS DataElementName,
    'RecordCount' AS CharacteristicType,  
    COUNT(f.K12CourseId) AS Value,
    NULL AS Remarks
FROM rds.FactK12StudentCourseSections f  
JOIN RDS.DimK12Schools sc on f.K12SchoolId = sc.DimK12SchoolId 
JOIN RDS.DimGradeLevels g ON f.EntryGradeLevelId = g.DimGradeLevelId
JOIN RDS.DimScedCodes s ON f.ScedCodeId = s.DimScedCodeId
where     g.GradeLevelCode IN ('09', '10', '11', '12')
	AND sc.SchoolOperationalStatus in ('Open', 'New', 'Added', 'ChangedAgency', 'Reopened')
	AND f.K12CourseId is not NULL
	AND s.ScedCourseSubjectAreaCode ='05'
	--School Level = 02402
	and s.ScedSequenceOfCourse >=1","SELECT  
    'Count of courses(college prep coursework:English)' AS DataElementName,
    'RecordCount' AS CharacteristicType,  
    COUNT(f.K12CourseId) AS Value,
    NULL AS Remarks
FROM rds.FactK12StudentCourseSections f  
--JOIN RDS.FactK12StudentEnrollments f ON f.K12StudentId = c.K12StudentId and c.SchoolYearId = f.SchoolYearId
JOIN RDS.DimK12Schools sc on f.K12SchoolId = sc.DimK12SchoolId 
JOIN RDS.DimGradeLevels g ON f.EntryGradeLevelId = g.DimGradeLevelId
JOIN RDS.DimScedCodes s ON f.ScedCodeId = s.DimScedCodeId
where     g.GradeLevelCode IN ('09', '10', '11', '12')
        AND sc.SchoolOperationalStatus in ('Open', 'New', 'Added', 'ChangedAgency', 'Reopened')
        AND f.K12CourseId is not NULL
        AND s.ScedCourseSubjectAreaCode ='01'
        --School Level = 02402
        and s.ScedSequenceOfCourse >=4
        union
        SELECT  
    'Count of courses(college prep coursework:Math)' AS DataElementName,
    'RecordCount' AS CharacteristicType,  
    COUNT(f.K12CourseId) AS Value,
    NULL AS Remarks
FROM rds.FactK12StudentCourseSections f  
JOIN RDS.DimK12Schools sc on f.K12SchoolId = sc.DimK12SchoolId 
JOIN RDS.DimGradeLevels g ON f.EntryGradeLevelId = g.DimGradeLevelId
JOIN RDS.DimScedCodes s ON f.ScedCodeId = s.DimScedCodeId
where     g.GradeLevelCode IN ('09', '10', '11', '12')
        AND sc.SchoolOperationalStatus in ('Open', 'New', 'Added', 'ChangedAgency', 'Reopened')
        AND f.K12CourseId is not NULL
        AND s.ScedCourseSubjectAreaCode ='02'
        AND s.ScedCourseCode in ('02051','02052','02072','02056', '02106','02110','02121','02205','02158','22161')
        --School Level = 02402
        and s.ScedSequenceOfCourse >=4
        union
        SELECT  
    'Count of courses(college prep coursework-LABORATORY SCIENCE)' AS DataElementName,
    'RecordCount' AS CharacteristicType,  
    COUNT(f.K12CourseId) AS Value,
    NULL AS Remarks
FROM rds.FactK12StudentCourseSections f  
JOIN RDS.DimK12Schools sc on f.K12SchoolId = sc.DimK12SchoolId 
JOIN RDS.DimGradeLevels g ON f.EntryGradeLevelId = g.DimGradeLevelId
JOIN RDS.DimScedCodes s ON f.ScedCodeId = s.DimScedCodeId
where     g.GradeLevelCode IN ('09', '10', '11', '12')
        AND sc.SchoolOperationalStatus in ('Open', 'New', 'Added', 'ChangedAgency', 'Reopened')
        AND f.K12CourseId is not NULL
        AND s.ScedCourseSubjectAreaCode ='03'
        AND s.ScedCourseCode in ('03051','03151','03101')
        --School Level = 02402
        and s.ScedSequenceOfCourse >=3
union
        SELECT  
    'Count of courses(college prep coursework-SOCIAL SCIENCE)' AS DataElementName,
    'RecordCount' AS CharacteristicType,  
    COUNT(f.K12CourseId) AS Value,
    NULL AS Remarks
FROM rds.FactK12StudentCourseSections f  
JOIN RDS.DimK12Schools sc on f.K12SchoolId = sc.DimK12SchoolId 
JOIN RDS.DimGradeLevels g ON f.EntryGradeLevelId = g.DimGradeLevelId
JOIN RDS.DimScedCodes s ON f.ScedCodeId = s.DimScedCodeId
where     g.GradeLevelCode IN ('09', '10', '11', '12')
        AND sc.SchoolOperationalStatus in ('Open', 'New', 'Added', 'ChangedAgency', 'Reopened')
        AND f.K12CourseId is not NULL
        AND s.ScedCourseSubjectAreaCode ='04'
        --School Level = 02402
        and s.ScedSequenceOfCourse >=2
union
        SELECT  
    'Count of courses(college prep coursework-FOREIGN LANGUAGE)' AS DataElementName,
    'RecordCount' AS CharacteristicType,  
    COUNT(f.K12CourseId) AS Value,
    NULL AS Remarks
FROM rds.FactK12StudentCourseSections f  
JOIN RDS.DimK12Schools sc on f.K12SchoolId = sc.DimK12SchoolId 
JOIN RDS.DimGradeLevels g ON f.EntryGradeLevelId = g.DimGradeLevelId
JOIN RDS.DimScedCodes s ON f.ScedCodeId = s.DimScedCodeId
where     g.GradeLevelCode IN ('09', '10', '11', '12')
        AND sc.SchoolOperationalStatus in ('Open', 'New', 'Added', 'ChangedAgency', 'Reopened')
        AND f.StateK12CourseId is not NULL
        AND s.ScedCourseSubjectAreaCode ='24'
        --School Level = 02402
        and s.ScedSequenceOfCourse >=2
union
        SELECT  
    'Count of courses(college prep coursework-VISUAL OR PERFORMING ARTS)' AS DataElementName,
    'RecordCount' AS CharacteristicType,  
    COUNT(f.StateK12CourseId) AS Value,
    NULL AS Remarks
FROM rds.FactK12StudentCourseSections f  
JOIN RDS.DimK12Schools sc on f.K12SchoolId = sc.DimK12SchoolId 
JOIN RDS.DimGradeLevels g ON f.EntryGradeLevelId = g.DimGradeLevelId
JOIN RDS.DimScedCodes s ON f.ScedCodeId = s.DimScedCodeId
where     g.GradeLevelCode IN ('09', '10', '11', '12')
        AND sc.SchoolOperationalStatus in ('Open', 'New', 'Added', 'ChangedAgency', 'Reopened')
        AND f.StateK12CourseId is not NULL
        AND s.ScedCourseSubjectAreaCode ='05'
        --School Level = 02402
        and s.ScedSequenceOfCourse >=1",,,,,,,
12. Do students have access to and complete rigorous and accelerated college preparatory coursework?,Academic Progress & Completion,E-W System Conditions,K12,Access to college preparatory coursework,"Percentage of high schools offering each of the following sets of college preparatory courses: 
o        Four years of English 
o        Four years of math (including at least four of the following: pre-algebra, algebra, geometry, Algebra II or trigonometry, precalculus, and calculus)
o        Three years of laboratory science (including biology, chemistry, physics)
o        Two years of social science
o        Two years of foreign language
o        One year of visual or performing arts
•        Percentage of middle schools offering Algebra I",Course department,Not Found,N/A,Not Found,N/A,N/A,,,,,,N/A,N/A,,,,,,,
12. Do students have access to and complete rigorous and accelerated college preparatory coursework?,Academic Progress & Completion,E-W System Conditions,K12,Access to college preparatory coursework,"Percentage of high schools offering each of the following sets of college preparatory courses: 
o        Four years of English 
o        Four years of math (including at least four of the following: pre-algebra, algebra, geometry, Algebra II or trigonometry, precalculus, and calculus)
o        Three years of laboratory science (including biology, chemistry, physics)
o        Two years of social science
o        Two years of foreign language
o        One year of visual or performing arts
•        Percentage of middle schools offering Algebra I","Level(s) at which course is offered (e.g., 9/10/11/12; Fr/So/Jr/Sr)",Found,Course.OfferedGradeLevel,Found,FactK12StudentCourseSections.EntryGradeLevelId,FactK12StudentCourseSections.EntryGradeLevelId,,,,,,"
SELECT  
    'Level(s) at which course is offered (college prep coursework) ' AS DataElementName,
    'RecordCount' AS CharacteristicType,  
    COUNT(1) AS Value,
    NULL AS Remarks
FROM rds.FactK12StudentCourseSections f  
JOIN RDS.DimK12Schools sc on f.K12SchoolId = sc.DimK12SchoolId 
JOIN RDS.DimGradeLevels g ON f.EntryGradeLevelId = g.DimGradeLevelId
JOIN RDS.DimScedCodes s ON f.ScedCodeId = s.DimScedCodeId
where   g.GradeLevelCode IN ('09', '10', '11', '12')
	AND sc.SchoolOperationalStatus in ('Open', 'New', 'Added', 'ChangedAgency', 'Reopened')
	AND f.K12CourseId is not NULL
	AND s.ScedCourseSubjectAreaCode in ('01','02','03','04','05','24')
	AND s.ScedSequenceOfCourse >=1
	AND s.ScedCourseCode in ('02051','02052','02072','02056', '02106','02110','02121','02205','02158','22161','03051','03151','03101')","
SELECT  
    'Level(s) at which course is offered (college prep coursework) ' AS DataElementName,
    'RecordCount' AS CharacteristicType,  
    COUNT(1) AS Value,
    NULL AS Remarks
FROM rds.FactK12StudentCourseSections f  
JOIN RDS.DimK12Schools sc on f.K12SchoolId = sc.DimK12SchoolId 
JOIN RDS.DimGradeLevels g ON f.EntryGradeLevelId = g.DimGradeLevelId
JOIN RDS.DimScedCodes s ON f.ScedCodeId = s.DimScedCodeId
where   g.GradeLevelCode IN ('09', '10', '11', '12')
	AND sc.SchoolOperationalStatus in ('Open', 'New', 'Added', 'ChangedAgency', 'Reopened')
	AND f.K12CourseId is not NULL
	AND s.ScedCourseSubjectAreaCode in ('01','02','03','04','05','24')
	AND s.ScedSequenceOfCourse >=1
	AND s.ScedCourseCode in ('02051','02052','02072','02056', '02106','02110','02121','02205','02158','22161','03051','03151','03101')",,,,,,,
12. Do students have access to and complete rigorous and accelerated college preparatory coursework?,Academic Progress & Completion,E-W System Conditions,K12,Access to early college coursework,"Number of AP, IB, and dual enrollment courses offered, overall and by subject",Course ID or course title,Found,"Course.CourseCode, Course.CourseTitle",Found,FactK12StudentCourseSections.K12CourseId,FactK12StudentCourseSections.K12CourseId,,,,,,"SELECT  
    'Count of courses' AS DataElementName,
    'RecordCount' AS CharacteristicType,  
    COUNT(f.K12CourseId) AS Value,
    NULL AS Remarks
FROM rds.FactK12StudentCourseSections f  
JOIN RDS.DimK12Schools sc on f.K12SchoolId = sc.DimK12SchoolId 
JOIN RDS.DimGradeLevels g ON f.EntryGradeLevelId = g.DimGradeLevelId
JOIN RDS.DimScedCodes s ON f.ScedCodeId = s.DimScedCodeId
JOIN RDS.DimK12CourseStatuses cs ON cs.DimK12CourseStatusId = f.K12CourseStatusId
where  f.K12CourseId is not NULL
and cs.CourseLevelCharacteristicCode in ('00574','00575','73048')","SELECT  
    'Count of courses' AS DataElementName,
    'RecordCount' AS CharacteristicType,  
    COUNT(f.K12CourseId) AS Value,
    NULL AS Remarks
FROM rds.FactK12StudentCourseSections f  
JOIN RDS.DimK12Schools sc on f.K12SchoolId = sc.DimK12SchoolId 
JOIN RDS.DimGradeLevels g ON f.EntryGradeLevelId = g.DimGradeLevelId
JOIN RDS.DimScedCodes s ON f.ScedCodeId = s.DimScedCodeId
JOIN RDS.DimK12CourseStatuses cs ON cs.DimK12CourseStatusId = f.K12CourseStatusId
where  f.StateK12CourseId is not NULL
and cs.CourseLevelCharacteristicCode in ('00574','00575','73048')",,,,,,,
12. Do students have access to and complete rigorous and accelerated college preparatory coursework?,Academic Progress & Completion,E-W System Conditions,K12,Access to early college coursework,"Number of AP, IB, and dual enrollment courses offered, overall and by subject",AP course designation,Found,CourseTranscript.Course.CourseLevelCharacteristicDescriptor,Found,FactK12StudentCourseSections.K12CourseStatusId,FactK12StudentCourseSections.K12CourseStatusId,,,,,,"SELECT  
    'Number of AP courses offered, overall and by subject' AS DataElementName,
    'RecordCount' AS CharacteristicType,  
    COUNT(f.K12CourseId) AS Value,
    NULL AS Remarks
FROM rds.FactK12StudentCourseSections f  
JOIN RDS.DimK12Schools sc on f.K12SchoolId = sc.DimK12SchoolId 
JOIN RDS.DimGradeLevels g ON f.EntryGradeLevelId = g.DimGradeLevelId
JOIN RDS.DimScedCodes s ON f.ScedCodeId = s.DimScedCodeId
JOIN RDS.DimK12CourseStatuses cs ON cs.DimK12CourseStatusId = f.K12CourseStatusId
where  f.K12CourseId is not NULL
and cs.CourseLevelCharacteristicCode in ('00574')","SELECT  
    'Number of AP courses offered, overall and by subject' AS DataElementName,
    'RecordCount' AS CharacteristicType,  
    COUNT(f.K12CourseId) AS Value,
    NULL AS Remarks
FROM rds.FactK12StudentCourseSections f  
JOIN RDS.DimK12Schools sc on f.K12SchoolId = sc.DimK12SchoolId 
JOIN RDS.DimGradeLevels g ON f.EntryGradeLevelId = g.DimGradeLevelId
JOIN RDS.DimScedCodes s ON f.ScedCodeId = s.DimScedCodeId
JOIN RDS.DimK12CourseStatuses cs ON cs.DimK12CourseStatusId = f.K12CourseStatusId
where  f.K12CourseId is not NULL
and cs.CourseLevelCharacteristicCode in ('00574')",,,,,,,
12. Do students have access to and complete rigorous and accelerated college preparatory coursework?,Academic Progress & Completion,E-W System Conditions,K12,Access to early college coursework,"Number of AP, IB, and dual enrollment courses offered, overall and by subject",IB course designation,Found,CourseTranscript.Course.CourseLevelCharacteristicDescriptor,Found,FactK12StudentCourseSections.K12CourseStatusId,FactK12StudentCourseSections.K12CourseStatusId,,,,,,"SELECT  
    'Number of IB courses offered, overall and by subject' AS DataElementName,
    'RecordCount' AS CharacteristicType,  
    COUNT(f.K12CourseId) AS Value,
    NULL AS Remarks
FROM rds.FactK12StudentCourseSections f  
JOIN RDS.DimK12Schools sc on f.K12SchoolId = sc.DimK12SchoolId 
JOIN RDS.DimGradeLevels g ON f.EntryGradeLevelId = g.DimGradeLevelId
JOIN RDS.DimScedCodes s ON f.ScedCodeId = s.DimScedCodeId
JOIN RDS.DimK12CourseStatuses cs ON cs.DimK12CourseStatusId = f.K12CourseStatusId
where  f.K12CourseId is not NULL
and cs.CourseLevelCharacteristicCode in ('00575')","SELECT  
    'Number of IB courses offered, overall and by subject' AS DataElementName,
    'RecordCount' AS CharacteristicType,  
    COUNT(f.K12CourseId) AS Value,
    NULL AS Remarks
FROM rds.FactK12StudentCourseSections f  
JOIN RDS.DimK12Schools sc on f.K12SchoolId = sc.DimK12SchoolId 
JOIN RDS.DimGradeLevels g ON f.EntryGradeLevelId = g.DimGradeLevelId
JOIN RDS.DimScedCodes s ON f.ScedCodeId = s.DimScedCodeId
JOIN RDS.DimK12CourseStatuses cs ON cs.DimK12CourseStatusId = f.K12CourseStatusId
where  f.K12CourseId is not NULL
and cs.CourseLevelCharacteristicCode in ('00575')",,,,,,,
12. Do students have access to and complete rigorous and accelerated college preparatory coursework?,Academic Progress & Completion,E-W System Conditions,K12,Access to early college coursework,"Number of AP, IB, and dual enrollment courses offered, overall and by subject",Dual credit course designation,Found,CourseTranscript.Course.CourseLevelCharacteristicDescriptor,Found,FactK12StudentCourseSections.K12CourseStatusId,FactK12StudentCourseSections.K12CourseStatusId,,,,,,"SELECT  
    'Number of Dual enrollment courses offered, overall and by subject' AS DataElementName,
    'RecordCount' AS CharacteristicType,  
    COUNT(f.K12CourseId) AS Value,
    NULL AS Remarks
FROM rds.FactK12StudentCourseSections f  
JOIN RDS.DimK12Schools sc on f.K12SchoolId = sc.DimK12SchoolId 
JOIN RDS.DimGradeLevels g ON f.EntryGradeLevelId = g.DimGradeLevelId
JOIN RDS.DimScedCodes s ON f.ScedCodeId = s.DimScedCodeId
JOIN RDS.DimK12CourseStatuses cs ON cs.DimK12CourseStatusId = f.K12CourseStatusId
where  f.K12CourseId is not NULL
and cs.CourseLevelCharacteristicCode in ('73048')","SELECT  
    'Number of Dual enrollment courses offered, overall and by subject' AS DataElementName,
    'RecordCount' AS CharacteristicType,  
    COUNT(f.K12CourseId) AS Value,
    NULL AS Remarks
FROM rds.FactK12StudentCourseSections f  
JOIN RDS.DimK12Schools sc on f.K12SchoolId = sc.DimK12SchoolId 
JOIN RDS.DimGradeLevels g ON f.EntryGradeLevelId = g.DimGradeLevelId
JOIN RDS.DimScedCodes s ON f.ScedCodeId = s.DimScedCodeId
JOIN RDS.DimK12CourseStatuses cs ON cs.DimK12CourseStatusId = f.K12CourseStatusId
where  f.K12CourseId is not NULL
and cs.CourseLevelCharacteristicCode in ('73048')",,,,,,,
12. Do students have access to and complete rigorous and accelerated college preparatory coursework?,Academic Progress & Completion,E-W System Conditions,K12,Access to early college coursework,"Percentage of students in an early college course who take the relevant end-of-course test needed to earn credit (for example, AP or IB test), overall and by subject",AP enrollment,Found,"CourseTranscript.Course.AcademicSubject, CourseTranscript.CourseAttempResultDescriptor, CourseTranscript.Course.CourseLevelCharacteristicDescriptor",Found,FactK12StudentCourseSections.K12StudentId,FactK12StudentCourseSections.K12StudentId,,,,,,"WITH total_students AS (
    SELECT COALESCE(COUNT(1),0) AS total, f.SchoolYearId
    FROM rds.FactK12StudentCourseSections f
    JOIN RDS.DimGradeLevels g ON f.EntryGradeLevelId = g.DimGradeLevelId
    WHERE g.GradeLevelCode IN ('09', '10', '11', '12')
    GROUP BY f.SchoolYearId
),
ap_students AS (
    SELECT f.SchoolYearId, COUNT(DISTINCT f.K12StudentId) AS ap_count
    FROM rds.FactK12StudentCourseSections f
    JOIN RDS.DimGradeLevels g ON f.EntryGradeLevelId = g.DimGradeLevelId
    JOIN RDS.DimK12CourseStatuses cs ON cs.DimK12CourseStatusId = f.K12CourseStatusId
    JOIN rds.FactK12StudentAssessments ase ON f.K12StudentId = ase.K12StudentId 
        AND f.SchoolYearId = ase.SchoolYearId
    JOIN RDS.DimAssessments da ON da.DimAssessmentId = ase.AssessmentId
    WHERE g.GradeLevelCode IN ('09', '10', '11', '12')
      AND cs.CourseLevelCharacteristicCode = '00574'
      AND da.AssessmentTitle = 'Advanced Placement test'
      AND ase.AssessmentResultScoreValueRawScore IS NOT NULL
      AND da.AssessmentAcademicSubjectCode IN ('13371','13372','73088','73089','13374','00554','00560','13373','01166','00562','73086','73087','01287')
    GROUP BY f.SchoolYearId
),
anchor AS (
    SELECT 1 AS dummy
)
SELECT 
    'Percentage of students enrolled in AP course' AS DataElementName,
    'Percentage' AS CharacteristicType,
    COALESCE(ap.ap_count * 100.0 / t.total, 0) AS Value,
    NULL AS Remarks
FROM anchor a
LEFT JOIN total_students t ON 1 = 1
LEFT JOIN ap_students ap ON t.SchoolYearId = ap.SchoolYearId;
","WITH total_students AS (
    SELECT COALESCE(COUNT(1),0) AS total, f.SchoolYearId
    FROM rds.FactK12StudentCourseSections f
    JOIN RDS.DimGradeLevels g ON f.EntryGradeLevelId = g.DimGradeLevelId
    WHERE g.GradeLevelCode IN ('09', '10', '11', '12')
    GROUP BY f.SchoolYearId
),
ap_students AS (
    SELECT f.SchoolYearId, COUNT(DISTINCT f.K12StudentId) AS ap_count
    FROM rds.FactK12StudentCourseSections f
    JOIN RDS.DimGradeLevels g ON f.EntryGradeLevelId = g.DimGradeLevelId
    JOIN RDS.DimK12CourseStatuses cs ON cs.DimK12CourseStatusId = f.K12CourseStatusId
    JOIN rds.FactK12StudentAssessments ase ON f.K12StudentId = ase.K12StudentId 
        AND f.SchoolYearId = ase.SchoolYearId
    JOIN RDS.DimAssessments da ON da.DimAssessmentId = ase.AssessmentId
    WHERE g.GradeLevelCode IN ('09', '10', '11', '12')
      AND cs.CourseLevelCharacteristicCode = '00574'
      AND da.AssessmentTitle = 'Advanced Placement test'
      AND ase.AssessmentResultScoreValueRawScore IS NOT NULL
      AND da.AssessmentAcademicSubjectCode IN ('13371','13372','73088','73089','13374','00554','00560','13373','01166','00562','73086','73087','01287')
    GROUP BY f.SchoolYearId
),
anchor AS (
    SELECT 1 AS dummy
)
SELECT 
    'Percentage of students enrolled in AP course' AS DataElementName,
    'Percentage' AS CharacteristicType,
    COALESCE(ap.ap_count * 100.0 / t.total, 0) AS Value,
    NULL AS Remarks
FROM anchor a
LEFT JOIN total_students t ON 1 = 1
LEFT JOIN ap_students ap ON t.SchoolYearId = ap.SchoolYearId;
",,,,,,,
12. Do students have access to and complete rigorous and accelerated college preparatory coursework?,Academic Progress & Completion,E-W System Conditions,K12,Access to early college coursework,"Percentage of students in an early college course who take the relevant end-of-course test needed to earn credit (for example, AP or IB test), overall and by subject",IB enrollment,Found,"CourseTranscript.Course.AcademicSubject, CourseTranscript.CourseAttempResultDescriptor, CourseTranscript.Course.CourseLevelCharacteristicDescriptor",Found,FactK12StudentCourseSections.K12StudentId,FactK12StudentCourseSections.K12StudentId,,,,,,"WITH total_students AS (
    SELECT COALESCE(COUNT(1),0) AS total, f.SchoolYearId
    FROM rds.FactK12StudentCourseSections f
    JOIN RDS.DimGradeLevels g ON f.EntryGradeLevelId = g.DimGradeLevelId
    WHERE g.GradeLevelCode IN ('09', '10', '11', '12')
    GROUP BY f.SchoolYearId
),
IB_students AS (
    SELECT f.SchoolYearId, COUNT(DISTINCT f.K12StudentId) AS ib_count
    FROM rds.FactK12StudentCourseSections f
    JOIN RDS.DimGradeLevels g ON f.EntryGradeLevelId = g.DimGradeLevelId
    JOIN RDS.DimK12CourseStatuses cs ON cs.DimK12CourseStatusId = f.K12CourseStatusId
    JOIN rds.FactK12StudentAssessments ase ON f.K12StudentId = ase.K12StudentId 
        AND f.SchoolYearId = ase.SchoolYearId
    JOIN RDS.DimAssessments da ON da.DimAssessmentId = ase.AssessmentId
    WHERE g.GradeLevelCode IN ('09', '10', '11', '12')
      AND cs.CourseLevelCharacteristicCode = '00575'
      AND da.AssessmentTitle = 'International Baccalaureate'
      AND ase.AssessmentResultScoreValueRawScore IS NOT NULL
      AND da.AssessmentAcademicSubjectCode IN ('13371','13372','73088','73089','13374','00554','00560','13373','01166','00562','73086','73087','01287')
    GROUP BY f.SchoolYearId
),
anchor AS (
    SELECT 1 AS dummy
)
SELECT 
    'Percentage of students enrolled in IB course' AS DataElementName,
    'Percentage' AS CharacteristicType,
    COALESCE(ib.ib_count * 100.0 / t.total, 0) AS Value,
    NULL AS Remarks
FROM anchor a
LEFT JOIN total_students t ON 1 = 1
LEFT JOIN IB_students ib ON t.SchoolYearId = ib.SchoolYearId;","WITH total_students AS (
    SELECT COALESCE(COUNT(1),0) AS total, f.SchoolYearId
    FROM rds.FactK12StudentCourseSections f
    JOIN RDS.DimGradeLevels g ON f.EntryGradeLevelId = g.DimGradeLevelId
    WHERE g.GradeLevelCode IN ('09', '10', '11', '12')
    GROUP BY f.SchoolYearId
),
IB_students AS (
    SELECT f.SchoolYearId, COUNT(DISTINCT f.K12StudentId) AS ib_count
    FROM rds.FactK12StudentCourseSections f
    JOIN RDS.DimGradeLevels g ON f.EntryGradeLevelId = g.DimGradeLevelId
    JOIN RDS.DimK12CourseStatuses cs ON cs.DimK12CourseStatusId = f.K12CourseStatusId
    JOIN rds.FactK12StudentAssessments ase ON f.K12StudentId = ase.K12StudentId 
        AND f.SchoolYearId = ase.SchoolYearId
    JOIN RDS.DimAssessments da ON da.DimAssessmentId = ase.AssessmentId
    WHERE g.GradeLevelCode IN ('09', '10', '11', '12')
      AND cs.CourseLevelCharacteristicCode = '00575'
      AND da.AssessmentTitle = 'International Baccalaureate'
      AND ase.AssessmentResultScoreValueRawScore IS NOT NULL
      AND da.AssessmentAcademicSubjectCode IN ('13371','13372','73088','73089','13374','00554','00560','13373','01166','00562','73086','73087','01287')
    GROUP BY f.SchoolYearId
),
anchor AS (
    SELECT 1 AS dummy
)
SELECT 
    'Percentage of students enrolled in IB course' AS DataElementName,
    'Percentage' AS CharacteristicType,
    COALESCE(ib.ib_count * 100.0 / t.total, 0) AS Value,
    NULL AS Remarks
FROM anchor a
LEFT JOIN total_students t ON 1 = 1
LEFT JOIN IB_students ib ON t.SchoolYearId = ib.SchoolYearId;",,,,,,,
12. Do students have access to and complete rigorous and accelerated college preparatory coursework?,Academic Progress & Completion,E-W System Conditions,K12,Access to early college coursework,"Percentage of students in an early college course who take the relevant end-of-course test needed to earn credit (for example, AP or IB test), overall and by subject",Dual credit enrollment,Found,"CourseTranscript.Course.AcademicSubject, CourseTranscript.CourseAttempResultDescriptor, CourseTranscript.Course.CourseLevelCharacteristicDescriptor",Found,FactK12StudentCourseSections.K12StudentId,FactK12StudentCourseSections.K12StudentId,,,,,,"

WITH total_students AS (
    SELECT COALESCE(COUNT(1),0) AS total, f.SchoolYearId
    FROM rds.FactK12StudentCourseSections f
    JOIN RDS.DimGradeLevels g ON f.EntryGradeLevelId = g.DimGradeLevelId
    WHERE g.GradeLevelCode IN ('09', '10', '11', '12')
    GROUP BY f.SchoolYearId
),
DE_students AS (
    SELECT f.SchoolYearId, COUNT(DISTINCT f.K12StudentId) AS de_count
    FROM rds.FactK12StudentCourseSections f
    JOIN RDS.DimGradeLevels g ON f.EntryGradeLevelId = g.DimGradeLevelId
    JOIN RDS.DimK12CourseStatuses cs ON cs.DimK12CourseStatusId = f.K12CourseStatusId
    JOIN rds.FactK12StudentAssessments ase ON f.K12StudentId = ase.K12StudentId 
        AND f.SchoolYearId = ase.SchoolYearId
    JOIN RDS.DimAssessments da ON da.DimAssessmentId = ase.AssessmentId
    WHERE g.GradeLevelCode IN ('09', '10', '11', '12')
      AND cs.CourseLevelCharacteristicCode = '73048'
      AND da.AssessmentTitle = 'Dual Enrollment'
      AND ase.AssessmentResultScoreValueRawScore IS NOT NULL
      AND da.AssessmentAcademicSubjectCode IN ('13371','13372','73088','73089','13374','00554','00560','13373','01166','00562','73086','73087','01287')
    GROUP BY f.SchoolYearId
),
anchor AS (
    SELECT 1 AS dummy
)
SELECT 
    'Percentage of students enrolled in Dual Enrollment course' AS DataElementName,
    'Percentage' AS CharacteristicType,
    COALESCE(de.de_count * 100.0 / t.total, 0) AS Value,
    NULL AS Remarks
FROM anchor a
LEFT JOIN total_students t ON 1 = 1
LEFT JOIN DE_students de ON t.SchoolYearId = de.SchoolYearId;","

WITH total_students AS (
    SELECT COALESCE(COUNT(1),0) AS total, f.SchoolYearId
    FROM rds.FactK12StudentCourseSections f
    JOIN RDS.DimGradeLevels g ON f.EntryGradeLevelId = g.DimGradeLevelId
    WHERE g.GradeLevelCode IN ('09', '10', '11', '12')
    GROUP BY f.SchoolYearId
),
DE_students AS (
    SELECT f.SchoolYearId, COUNT(DISTINCT f.K12StudentId) AS de_count
    FROM rds.FactK12StudentCourseSections f
    JOIN RDS.DimGradeLevels g ON f.EntryGradeLevelId = g.DimGradeLevelId
    JOIN RDS.DimK12CourseStatuses cs ON cs.DimK12CourseStatusId = f.K12CourseStatusId
    JOIN rds.FactK12StudentAssessments ase ON f.K12StudentId = ase.K12StudentId 
        AND f.SchoolYearId = ase.SchoolYearId
    JOIN RDS.DimAssessments da ON da.DimAssessmentId = ase.AssessmentId
    WHERE g.GradeLevelCode IN ('09', '10', '11', '12')
      AND cs.CourseLevelCharacteristicCode = '73048'
      AND da.AssessmentTitle = 'Dual Enrollment'
      AND ase.AssessmentResultScoreValueRawScore IS NOT NULL
      AND da.AssessmentAcademicSubjectCode IN ('13371','13372','73088','73089','13374','00554','00560','13373','01166','00562','73086','73087','01287')
    GROUP BY f.SchoolYearId
),
anchor AS (
    SELECT 1 AS dummy
)
SELECT 
    'Percentage of students enrolled in Dual Enrollment course' AS DataElementName,
    'Percentage' AS CharacteristicType,
    COALESCE(de.de_count * 100.0 / t.total, 0) AS Value,
    NULL AS Remarks
FROM anchor a
LEFT JOIN total_students t ON 1 = 1
LEFT JOIN DE_students de ON t.SchoolYearId = de.SchoolYearId;",,,,,,,
12. Do students have access to and complete rigorous and accelerated college preparatory coursework?,Academic Progress & Completion,E-W System Conditions,K12,Access to early college coursework,"Percentage of students in an early college course who take the relevant end-of-course test needed to earn credit (for example, AP or IB test), overall and by subject",AP test completion,Found,"CourseTranscript.Course.AcademicSubject, CourseTranscript.CourseAttempResultDescriptor, CourseTranscript.Course.CourseLevelCharacteristicDescriptor",,,,,,,,,?,?,,,,,,,
12. Do students have access to and complete rigorous and accelerated college preparatory coursework?,Academic Progress & Completion,E-W System Conditions,K12,Access to early college coursework,"Percentage of students in an early college course who take the relevant end-of-course test needed to earn credit (for example, AP or IB test), overall and by subject",IB test completion,Found,"CourseTranscript.Course.AcademicSubject, CourseTranscript.CourseAttempResultDescriptor, CourseTranscript.Course.CourseLevelCharacteristicDescriptor",,,,,,,,,?,?,,,,,,,
12. Do students have access to and complete rigorous and accelerated college preparatory coursework?,Academic Progress & Completion,E-W System Conditions,K12,Access to early college coursework,"Percentage of students in an early college course who take the relevant end-of-course test needed to earn credit (for example, AP or IB test), overall and by subject",Dual credit test completion,Found,"CourseTranscript.Course.AcademicSubject, CourseTranscript.CourseAttempResultDescriptor, CourseTranscript.Course.CourseLevelCharacteristicDescriptor",,,,,,,,,?,?,,,,,,,
12. Do students have access to and complete rigorous and accelerated college preparatory coursework?,Academic Progress & Completion,E-W System Conditions,PS,Access to early college coursework,"Number of AP, IB, and dual enrollment courses offered, overall and by subject",Course ID or course title,Found,"Course.CourseCode, Course.CourseTitle",Not Found,N/A,N/A,,,,,,CEDS DWH does not have Fact tables for PS Courses,CEDS DWH does not have Fact tables for PS Courses,,,,,,,
12. Do students have access to and complete rigorous and accelerated college preparatory coursework?,Academic Progress & Completion,E-W System Conditions,PS,Access to early college coursework,"Number of AP, IB, and dual enrollment courses offered, overall and by subject",AP course designation,Found,CourseTranscript.Course.CourseLevelCharacteristicDescriptor,Not Found,N/A,N/A,,,,,,CEDS DWH does not have Fact tables for PS Courses,CEDS DWH does not have Fact tables for PS Courses,,,,,,,
12. Do students have access to and complete rigorous and accelerated college preparatory coursework?,Academic Progress & Completion,E-W System Conditions,PS,Access to early college coursework,"Number of AP, IB, and dual enrollment courses offered, overall and by subject",IB course designation,Found,CourseTranscript.Course.CourseLevelCharacteristicDescriptor,Not Found,N/A,N/A,,,,,,CEDS DWH does not have Fact tables for PS Courses,CEDS DWH does not have Fact tables for PS Courses,,,,,,,
12. Do students have access to and complete rigorous and accelerated college preparatory coursework?,Academic Progress & Completion,E-W System Conditions,PS,Access to early college coursework,"Number of AP, IB, and dual enrollment courses offered, overall and by subject",Dual credit course designation,Found,CourseTranscript.Course.CourseLevelCharacteristicDescriptor,Not Found,N/A,N/A,,,,,,CEDS DWH does not have Fact tables for PS Courses,CEDS DWH does not have Fact tables for PS Courses,,,,,,,
12. Do students have access to and complete rigorous and accelerated college preparatory coursework?,Academic Progress & Completion,E-W System Conditions,PS,Access to early college coursework,"Percentage of students in an early college course who take the relevant end-of-course test needed to earn credit (for example, AP or IB test), overall and by subject",AP test completion,Found,"CourseTranscript.Course.AcademicSubject, CourseTranscript.CourseAttempResultDescriptor, CourseTranscript.Course.CourseLevelCharacteristicDescriptor",Not Found,N/A,N/A,,,,,,CEDS DWH does not have Fact tables for PS Courses,CEDS DWH does not have Fact tables for PS Courses,,,,,,,
12. Do students have access to and complete rigorous and accelerated college preparatory coursework?,Academic Progress & Completion,E-W System Conditions,PS,Access to early college coursework,"Percentage of students in an early college course who take the relevant end-of-course test needed to earn credit (for example, AP or IB test), overall and by subject",IB test completion,Found,"CourseTranscript.Course.AcademicSubject, CourseTranscript.CourseAttempResultDescriptor, CourseTranscript.Course.CourseLevelCharacteristicDescriptor",Not Found,N/A,N/A,,,,,,CEDS DWH does not have Fact tables for PS Courses,CEDS DWH does not have Fact tables for PS Courses,,,,,,,
12. Do students have access to and complete rigorous and accelerated college preparatory coursework?,Academic Progress & Completion,E-W System Conditions,PS,Access to early college coursework,"Percentage of students in an early college course who take the relevant end-of-course test needed to earn credit (for example, AP or IB test), overall and by subject",Dual credit test completion,Found,"CourseTranscript.Course.AcademicSubject, CourseTranscript.CourseAttempResultDescriptor, CourseTranscript.Course.CourseLevelCharacteristicDescriptor",Not Found,N/A,N/A,,,,,,CEDS DWH does not have Fact tables for PS Courses,CEDS DWH does not have Fact tables for PS Courses,,,,,,,
12. Do students have access to and complete rigorous and accelerated college preparatory coursework?,Academic Progress & Completion,E-W System Conditions,PS,Access to early college coursework,"Percentage of students in an early college course who take the relevant end-of-course test needed to earn credit (for example, AP or IB test), overall and by subject",AP enrollment,Found,"CourseTranscript.Course.AcademicSubject, CourseTranscript.CourseAttempResultDescriptor, CourseTranscript.Course.CourseLevelCharacteristicDescriptor",Not Found,N/A,N/A,,,,,,CEDS DWH does not have Fact tables for PS Courses,CEDS DWH does not have Fact tables for PS Courses,,,,,,,
12. Do students have access to and complete rigorous and accelerated college preparatory coursework?,Academic Progress & Completion,E-W System Conditions,PS,Access to early college coursework,"Percentage of students in an early college course who take the relevant end-of-course test needed to earn credit (for example, AP or IB test), overall and by subject",IB enrollment,Found,"CourseTranscript.Course.AcademicSubject, CourseTranscript.CourseAttempResultDescriptor, CourseTranscript.Course.CourseLevelCharacteristicDescriptor",Not Found,N/A,N/A,,,,,,CEDS DWH does not have Fact tables for PS Courses,CEDS DWH does not have Fact tables for PS Courses,,,,,,,
12. Do students have access to and complete rigorous and accelerated college preparatory coursework?,Academic Progress & Completion,E-W System Conditions,PS,Access to early college coursework,"Percentage of students in an early college course who take the relevant end-of-course test needed to earn credit (for example, AP or IB test), overall and by subject",Dual credit enrollment,Found,"CourseTranscript.Course.AcademicSubject, CourseTranscript.CourseAttempResultDescriptor, CourseTranscript.Course.CourseLevelCharacteristicDescriptor",Not Found,N/A,N/A,,,,,,CEDS DWH does not have Fact tables for PS Courses,CEDS DWH does not have Fact tables for PS Courses,,,,,,,
12. Do students have access to and complete rigorous and accelerated college preparatory coursework?,Academic Progress & Completion,E-W System Conditions,K12,Equitable placement in rigorous coursework,"Differences in the participation rates for students from key demographic subgroups in rigorous courses and programs relative to those students’ representation in their school population as a whole, including opportunities, such as the following: 
•        Gifted and talented programs
•        Algebra I in middle school
•        Higher-level math courses in high school (that is, Algebra II, calculus)
•        Early college courses (AP, IB, and dual enrollment)",Gifted and talented participation,Found,"GeneralStudentProgramAssociation.Program.ProgramType = 'Gifted and Talented', GeneralStudentProgramAssociation.StudentUSI",Found,FactK12ProgramParticipations.DimK12ProgramTypeId,FactK12ProgramParticipations.DimK12ProgramTypeId,,,,,,"SELECT  
    'Number of Students participating GiftedandTalented' AS DataElementName,
    'RecordCount' AS CharacteristicType,  
    COUNT(1) AS Value,
    NULL AS Remarks
FROM rds.FactK12ProgramParticipations p
JOIN rds.FactK12StudentCourseSections f  ON f.K12StudentId = p.K12StudentId and f.SchoolYearId = p.SchoolYearId 
JOIN RDS.DimGradeLevels g ON f.EntryGradeLevelId = g.DimGradeLevelId
JOIN RDS.DimK12ProgramTypes pt on pt.DimK12ProgramTypeId = p.K12ProgramTypeId
where   g.GradeLevelCode in ('06', '07', '08', '09', '10', '11', '12', '13', 'UG')
and pt.ProgramTypeCode = '04930'","SELECT  
    'Number of Students participating GiftedandTalented' AS DataElementName,
    'RecordCount' AS CharacteristicType,  
    COUNT(1) AS Value,
    NULL AS Remarks
FROM rds.FactK12ProgramParticipations p
JOIN rds.FactK12StudentCourseSections f  ON f.K12StudentId = p.K12StudentId and f.SchoolYearId = p.SchoolYearId 
JOIN RDS.DimGradeLevels g ON f.EntryGradeLevelId = g.DimGradeLevelId
JOIN RDS.DimK12ProgramTypes pt on pt.DimK12ProgramTypeId = p.K12ProgramTypeId
where   g.GradeLevelCode in ('06', '07', '08', '09', '10', '11', '12', '13', 'UG')
and pt.ProgramTypeCode = '04930'",,,,,,,
12. Do students have access to and complete rigorous and accelerated college preparatory coursework?,Academic Progress & Completion,E-W System Conditions,K12,Equitable placement in rigorous coursework,"Differences in the participation rates for students from key demographic subgroups in rigorous courses and programs relative to those students’ representation in their school population as a whole, including opportunities, such as the following: 
•	Gifted and talented programs
•	Algebra I in middle school
•	Higher-level math courses in high school (that is, Algebra II, calculus)
•	Early college courses (AP, IB, and dual enrollment)",Algebra 1 enrollment,Found,"StudentSectionAssociation.Section.CourseOffering.Course.CourseTitle, StudentSectionAssociation.StudentUSI",Found,FactK12StudentCourseSections.K12StudentId,FactK12StudentCourseSections.K12StudentId,,,,,,"SELECT  
    'Number of Students who took Algebra I in middle school' AS DataElementName,
    'RecordCount' AS CharacteristicType,  
    COUNT(f.K12StudentId) AS Value,
    NULL AS Remarks
FROM rds.FactK12StudentCourseSections f 
JOIN RDS.DimK12Schools sc on f.K12SchoolId = sc.DimK12SchoolId 
JOIN RDS.DimGradeLevels g ON f.EntryGradeLevelId = g.DimGradeLevelId
JOIN RDS.DimScedCodes s ON f.ScedCodeId = s.DimScedCodeId
where  f.K12CourseId is not NULL
and g.GradeLevelCode in ('06', '07', '08')
and s.ScedCourseCode in ('02052')
AND s.ScedCourseSubjectAreaCode in ('02')","SELECT  
    'Number of Students who took Algebra I in middle school' AS DataElementName,
    'RecordCount' AS CharacteristicType,  
    COUNT(f.K12StudentId) AS Value,
    NULL AS Remarks
FROM rds.FactK12StudentCourseSections f 
JOIN RDS.DimK12Schools sc on f.K12SchoolId = sc.DimK12SchoolId 
JOIN RDS.DimGradeLevels g ON f.EntryGradeLevelId = g.DimGradeLevelId
JOIN RDS.DimScedCodes s ON f.ScedCodeId = s.DimScedCodeId
where  f.K12CourseId is not NULL
and g.GradeLevelCode in ('06', '07', '08')
and s.ScedCourseCode in ('02052')
AND s.ScedCourseSubjectAreaCode in ('02')",,,,,,,
12. Do students have access to and complete rigorous and accelerated college preparatory coursework?,Academic Progress & Completion,E-W System Conditions,K12,Equitable placement in rigorous coursework,"Differences in the participation rates for students from key demographic subgroups in rigorous courses and programs relative to those students’ representation in their school population as a whole, including opportunities, such as the following: 
•	Gifted and talented programs
•	Algebra I in middle school
•	Higher-level math courses in high school (that is, Algebra II, calculus)
•	Early college courses (AP, IB, and dual enrollment)",Higher-level math enrollment,Found,"StudentSectionAssociation.Section.CourseOffering.Course.CourseTitle, StudentSectionAssociation.StudentUSI",Found,FactK12StudentCourseSections.K12StudentId,FactK12StudentCourseSections.K12StudentId,,,,,,"SELECT  
    'Number of Students who took Higher-level math in High School' AS DataElementName,
    'RecordCount' AS CharacteristicType,  
    COUNT(f.K12StudentId) AS Value,
    NULL AS Remarks
FROM rds.FactK12StudentCourseSections f 
JOIN RDS.DimK12Schools sc on f.K12SchoolId = sc.DimK12SchoolId 
JOIN RDS.DimGradeLevels g ON f.EntryGradeLevelId = g.DimGradeLevelId
JOIN RDS.DimScedCodes s ON f.ScedCodeId = s.DimScedCodeId
where  f.K12CourseId is not NULL
and g.GradeLevelCode in ('09', '10', '11', '12')
and s.ScedCourseCode in ('02056','02121')
AND s.ScedCourseSubjectAreaCode in ('02')
--CourseSectionEnrollmentStatusType='Completed' --missing in CEDS DWH","SELECT  
    'Number of Students who took Higher-level math in High School' AS DataElementName,
    'RecordCount' AS CharacteristicType,  
    COUNT(f.K12StudentId) AS Value,
    NULL AS Remarks
FROM rds.FactK12StudentCourseSections f 
JOIN RDS.DimK12Schools sc on f.K12SchoolId = sc.DimK12SchoolId 
JOIN RDS.DimGradeLevels g ON f.EntryGradeLevelId = g.DimGradeLevelId
JOIN RDS.DimScedCodes s ON f.ScedCodeId = s.DimScedCodeId
where  f.K12CourseId is not NULL
and g.GradeLevelCode in ('09', '10', '11', '12')
and s.ScedCourseCode in ('02056','02121')
AND s.ScedCourseSubjectAreaCode in ('02')
--CourseSectionEnrollmentStatusType='Completed' --missing in CEDS DWH",,,,,,,
12. Do students have access to and complete rigorous and accelerated college preparatory coursework?,Academic Progress & Completion,E-W System Conditions,K12,Equitable placement in rigorous coursework,"Differences in the participation rates for students from key demographic subgroups in rigorous courses and programs relative to those students’ representation in their school population as a whole, including opportunities, such as the following: 
•        Gifted and talented programs
•        Algebra I in middle school
•        Higher-level math courses in high school (that is, Algebra II, calculus)
•        Early college courses (AP, IB, and dual enrollment)","Early college course enrollment (AP, IB, and dual enrollment)",Found,"StudentSectionAssociation.Section.CourseOffering.Course.CourseTitle, StudentSectionAssociation.StudentUSI, CourseTranscript.Course.CourseLevelCharacteristicDescriptor",Found,FactK12StudentCourseSections.K12StudentId,FactK12StudentCourseSections.K12StudentId,,,,,,"
SELECT  
    'Number of Students who took AP, IB, and dual enrollment' AS DataElementName,
    'RecordCount' AS CharacteristicType,  
    COUNT(f.K12StudentId) AS Value,
    NULL AS Remarks
FROM rds.FactK12StudentCourseSections f 
JOIN RDS.DimK12Schools sc on f.K12SchoolId = sc.DimK12SchoolId 
JOIN RDS.DimGradeLevels g ON f.EntryGradeLevelId = g.DimGradeLevelId
JOIN RDS.DimScedCodes s ON f.ScedCodeId = s.DimScedCodeId
where  f.K12CourseId is not NULL
and g.GradeLevelCode in ('09', '10', '11', '12')
and s.ScedCourseCode in ('02056','02121')
AND s.ScedCourseSubjectAreaCode in ('02')
--CourseSectionEnrollmentStatusType='Completed' --missing in CEDS DWH","
SELECT  
    'Number of Students who took AP, IB, and dual enrollment' AS DataElementName,
    'RecordCount' AS CharacteristicType,  
    COUNT(f.K12StudentId) AS Value,
    NULL AS Remarks
FROM rds.FactK12StudentCourseSections f 
JOIN RDS.DimK12Schools sc on f.K12SchoolId = sc.DimK12SchoolId 
JOIN RDS.DimGradeLevels g ON f.EntryGradeLevelId = g.DimGradeLevelId
JOIN RDS.DimScedCodes s ON f.ScedCodeId = s.DimScedCodeId
where  f.K12CourseId is not NULL
and g.GradeLevelCode in ('09', '10', '11', '12')
and s.ScedCourseCode in ('02056','02121')
AND s.ScedCourseSubjectAreaCode in ('02')
--CourseSectionEnrollmentStatusType='Completed' --missing in CEDS DWH",,,,,,,
12. Do students have access to and complete rigorous and accelerated college preparatory coursework?,Academic Progress & Completion,E-W System Conditions,K12,Access to college and career advising,Ratio of number of students to number of Full-time equivalent (FTE) counselors,Staff type or role description,Found,StaffEducationOrganizationAssignmentAssociation.StaffClassification,Not Found,N/A,N/A,,,,,,No CEDS Connect found,No CEDS Connect found,,,,,,,
12. Do students have access to and complete rigorous and accelerated college preparatory coursework?,Academic Progress & Completion,E-W System Conditions,K12,Access to college and career advising,Ratio of number of students to number of Full-time equivalent (FTE) counselors,Staff FTE status,Found,StaffEducationOrganizationAssignmentAssociationFullTimeEquivalency,Found,N/A,FactK12StaffEmployments.FullTimeEquivalency,,,,,,No CEDS Connect found,"select
    'Number of FTE Staff(K-12)' AS DataElementName,
    'RecordCount' AS CharacteristicType,
    CAST(COUNT(*) AS NVARCHAR(MAX)) AS Value,
    NULL AS Remarks 
from RDS.FactK12StaffEmployments f 
join RDS.DimPeople_Current d
    on d.DimPersonId = f.K12Staff_CurrentId
where f.FullTimeEquivalency = 1.0",,,,,,,
12. Do students have access to and complete rigorous and accelerated college preparatory coursework?,Academic Progress & Completion,E-W System Conditions,PS,Access to college and career advising,Percentage of students using academic advising and career counseling services,Advising and counseling service utilization,Not Found,N/A,Not Found,N/A,N/A,,,,,,No CEDS Connect found,No CEDS Connect found,,,,,,,
12. Do students have access to and complete rigorous and accelerated college preparatory coursework?,Academic Progress & Completion,E-W System Conditions,PK,"Access to quality, culturally responsive curricula","Percentage of teachers regularly using standards-aligned, culturally responsive curricula",No specific measures or tools recommended by framework,Not Found,N/A,,,,,,,,,PK Tables not available in CEDS DWH,PK Tables not available in CEDS DWH,,,,,,,
12. Do students have access to and complete rigorous and accelerated college preparatory coursework?,Academic Progress & Completion,E-W System Conditions,K12,"Access to quality, culturally responsive curricula","Percentage of teachers regularly using standards-aligned, culturally responsive curricula",No specific measures or tools recommended by framework,Not Found,N/A,Not Found,N/A,N/A,,,,,,No CEDS Connect found,No CEDS Connect found,,,,,,,
12. Do students have access to and complete rigorous and accelerated college preparatory coursework?,Academic Progress & Completion,E-W System Conditions,PS,"Access to quality, culturally responsive curricula","Percentage of teachers regularly using standards-aligned, culturally responsive curricula",No specific measures or tools recommended by framework,Not Found,N/A,Not Found,N/A,N/A,,,,,,No CEDS Connect found,No CEDS Connect found,,,,,,,
13. Are students taking the necessary steps to apply to college after high school with sufficient counseling support?,Academic Progress & Completion,Outcomes & Milestones,K12,FAFSA completion,Percentage of grade 12 students who complete the FAFSA by June 30,Student grade level,Found,StudentSchoolAssociation.EntryGradeLevel,Found,FactK12Enrollments.EntryGradeId,FactK12Enrollments.EntryGradeId,ALSDE Data Code Manual,Automated,Available,,,"select
        'Number of Students (Grade 12)' AS DataElementName,
    'RecordCount' AS CharacteristicType,
        CAST(COUNT(*) AS NVARCHAR(MAX)) AS Value,
    NULL AS Remarks
    from
        RDS.FactK12StudentEnrollments f
        join RDS.DimGradeLevels g on f.EntryGradeLevelId = g.DimGradeLevelId
    where
         g.GradeLevelCode in ('12')","select
        'Number of Students (Grade 12)' AS DataElementName,
    'RecordCount' AS CharacteristicType,
        CAST(COUNT(*) AS NVARCHAR(MAX)) AS Value,
    NULL AS Remarks
    from
        RDS.FactK12StudentEnrollments f
        join RDS.DimGradeLevels g on f.EntryGradeLevelId = g.DimGradeLevelId
    where
         g.GradeLevelCode in ('12')",,,,,,,
13. Are students taking the necessary steps to apply to college after high school with sufficient counseling support?,Academic Progress & Completion,Outcomes & Milestones,K12,FAFSA completion,Percentage of grade 12 students who complete the FAFSA by June 30,FAFSA completion date,Not Found,N/A,,,,,Automated,Available,"Alabama publishes the FAFSA Completion 2024-25 dashboard, showing the percentage of the cohort completing FAFSA. The ALSDE Data Code Manual also includes a data element entitled FAFSA Waiver (https://www.livebinders.com/b/2767891). Students with no waiver are required to submit a FAFSA application.  The Federal Student Aid website includes downloadable reports by state and school (linked here) of FAFSA completions by month (including by June 30) (https://studentaid.gov/data-center/student/application-volume/fafsa-completion-high-school)",,"""Missing: Financial Aid Applicant
Financial Aid Application Type
Financial Aid Year Designator""","""Missing: Financial Aid Applicant
Financial Aid Application Type
Financial Aid Year Designator""",,,,,,,
13. Are students taking the necessary steps to apply to college after high school with sufficient counseling support?,Academic Progress & Completion,Outcomes & Milestones,PS,FAFSA completion,Percentage of grade 12 students who complete the FAFSA by June 30,Student grade level,Not Found,N/A,,,,ALSDE Data Code Manual,Automated,Available,,,"Missing: Financial Aid Applicant
Financial Aid Application Type
Financial Aid Year Designator","Missing: Financial Aid Applicant
Financial Aid Application Type
Financial Aid Year Designator",,,,,,,
13. Are students taking the necessary steps to apply to college after high school with sufficient counseling support?,Academic Progress & Completion,Outcomes & Milestones,PS,FAFSA completion,Percentage of grade 12 students who complete the FAFSA by June 30,FAFSA completion date,Not Found,N/A,,,,,Automated,Available,"Alabama publishes the FAFSA Completion 2024-25 dashboard, showing the percentage of the cohort completing FAFSA. The ALSDE Data Code Manual also includes a data element entitled FAFSA Waiver (https://www.livebinders.com/b/2767891). Students with no waiver are required to submit a FAFSA application.  The Federal Student Aid website includes downloadable reports by state and school (linked here) of FAFSA completions by month (including by June 30) (https://studentaid.gov/data-center/student/application-volume/fafsa-completion-high-school)",,"Missing: Financial Aid Applicant
Financial Aid Application Type
Financial Aid Year Designator","Missing: Financial Aid Applicant
Financial Aid Application Type
Financial Aid Year Designator",,,,,,,
13. Are students taking the necessary steps to apply to college after high school with sufficient counseling support?,Academic Progress & Completion,Outcomes & Milestones,K12,College applications,Percentage of grade 12 students who submitted at least three college applications,Student grade level,Found,StudentSchoolAssociation.EntryGradeLevel,Found,FactK12Enrollments.EntryGradeId,FactK12Enrollments.EntryGradeId,ALSDE Data Code Manual,Automated,Available,,,"select
        'Number of Students (Grade 12)' AS DataElementName,
    'RecordCount' AS CharacteristicType,
        CAST(COUNT(*) AS NVARCHAR(MAX)) AS Value,
    NULL AS Remarks
    from
        RDS.FactK12StudentEnrollments f
        join RDS.DimGradeLevels g on f.EntryGradeLevelId = g.DimGradeLevelId
    where
         g.GradeLevelCode in ('12')","select
        'Number of Students (Grade 12)' AS DataElementName,
    'RecordCount' AS CharacteristicType,
        CAST(COUNT(*) AS NVARCHAR(MAX)) AS Value,
    NULL AS Remarks
    from
        RDS.FactK12StudentEnrollments f
        join RDS.DimGradeLevels g on f.EntryGradeLevelId = g.DimGradeLevelId
    where
         g.GradeLevelCode in ('12')",,,,,,,
13. Are students taking the necessary steps to apply to college after high school with sufficient counseling support?,Academic Progress & Completion,Outcomes & Milestones,K12,College applications,Percentage of grade 12 students who submitted at least three college applications,Postsecondary applications submitted,Not Found,N/A,Not Found,N/A,N/A,,Manual,Not Available,,,"CEDS DWH does not contain elements:Postsecondary Applicant ,Application Date and no appropriate table to indicate the student submitted College application","CEDS DWH does not contain elements:Postsecondary Applicant ,Application Date and no appropriate table to indicate the student submitted College application",,,,,,,
13. Are students taking the necessary steps to apply to college after high school with sufficient counseling support?,Academic Progress & Completion,E-W System Conditions,K12,Access to college and career advising,Ratio of number of students to number of Full-time equivalent (FTE) counselors,Staff type or role description,Found,StaffEducationOrganizationAssignmentAssociation.StaffClassification,Not Found,N/A,N/A,ALSDE Data Code Manual,Automated,Available,,,No CEDS Connect found,No CEDS Connect found,,,,,,,
13. Are students taking the necessary steps to apply to college after high school with sufficient counseling support?,Academic Progress & Completion,E-W System Conditions,K12,Access to college and career advising,Ratio of number of students to number of Full-time equivalent (FTE) counselors,Staff FTE status,Found,staffEducationOrganizationEmploymentAssociation.FullTimeEquivalency,Found,N/A,FactK12StaffEmployments.FullTimeEquivalency,ALSDE Data Code Manual,Automated,Available,,,"select
    'Number of FTE Staff(K-12)' AS DataElementName,
    'RecordCount' AS CharacteristicType,
    CAST(COUNT(*) AS NVARCHAR(MAX)) AS Value,
    NULL AS Remarks 
from RDS.FactK12StaffEmployments f 
join RDS.DimPeople_Current d
    on d.DimPersonId = f.K12Staff_CurrentId
where f.FullTimeEquivalency = 1.0",No CEDS Connect found,,,,,,,
13. Are students taking the necessary steps to apply to college after high school with sufficient counseling support?,Academic Progress & Completion,E-W System Conditions,PS,Access to college and career advising,Percentage of students using academic advising and career counseling services,Advising and counseling service utilization,Not Found,N/A,Not Found,N/A,N/A,,Manual,Not Available,,,No CEDS Connect found,No CEDS Connect found,,,,,,,
13. Are students taking the necessary steps to apply to college after high school with sufficient counseling support?,Academic Progress & Completion,Outcomes & Milestones,K12,SAT and ACT participation and performance,Percentage of grade 11–12 students who take the SAT/ACT,Student grade level,Found,StudentSchoolAssociation.EntryGradeLevel,Found,FactK12Enrollments.EntryGradeId,FactK12Enrollments.EntryGradeId,ALSDE Data Code Manual,Automated,Available,,,"select
        'Number of Students' AS DataElementName,
    'RecordCount' AS CharacteristicType,
        CAST(COUNT(*) AS NVARCHAR(MAX)) AS Value,
    NULL AS Remarks
    from
        RDS.FactK12StudentEnrollments f
        join RDS.DimGradeLevels g on f.EntryGradeLevelId = g.DimGradeLevelId
    where
         g.GradeLevelCode in ('11', '12')","select
        'Number of Students' AS DataElementName,
    'RecordCount' AS CharacteristicType,
        CAST(COUNT(*) AS NVARCHAR(MAX)) AS Value,
    NULL AS Remarks
    from
        RDS.FactK12StudentEnrollments f
        join RDS.DimGradeLevels g on f.EntryGradeLevelId = g.DimGradeLevelId
    where
         g.GradeLevelCode in ('11', '12')",,,,,,,
13. Are students taking the necessary steps to apply to college after high school with sufficient counseling support?,Academic Progress & Completion,Outcomes & Milestones,K12,SAT and ACT participation and performance,Percentage of grade 11–12 students who take the SAT/ACT,SAT completion,Found,"Assessment.AssessmentTitle, StudentAssessmentPerformanceLevel.PerfomanceLevelDescriptorId
PerformanceLevelDescriptor.DescriptorId",Found,FactK12StudentAssessments.AssessmentResultScoreValueSATScore,FactK12StudentAssessments.AssessmentResultScoreValueSATScore,,Automated,Available,The College Board reports on SAT participation rates and scores by graduating class and by state (linked here).,,"select  
        'Count of Students completed SAT (Grade 11-12)' AS DataElementName,
                'RecordCount' AS CharacteristicType,  
                count(1) AS Value,
                NULL AS Remarks
                from rds.FactK12StudentAssessments ase  
                join  RDS.FactK12StudentEnrollments f on f.K12StudentId = ase.K12StudentId
        join RDS.DimAssessments da on da.DimAssessmentId = ase.AssessmentId
                join RDS.DimGradeLevels g on f.EntryGradeLevelId = g.DimGradeLevelId
                join RDS.DimAssessmentSubtests s on ase.AssessmentSubtestId = s.DimAssessmentSubtestId  
                                --join RDS.DimAssessmentResults ar
                where  ase.AssessmentResultScoreValueSATScore is not null
                        and da.AssessmentTypeCode = 'AchievementTest' 
                        and s.AssessmentLevelForWhichDesigned in ( '11', '12')
                                                --and ar.AssessmentScoreMetricType = 03481 --CEDS DWH missing AssessmentScoreMetricType","select  
        'Count of Students completed SAT (Grade 11-12)' AS DataElementName,
                'RecordCount' AS CharacteristicType,  
                count(1) AS Value,
                NULL AS Remarks
                from rds.FactK12StudentAssessments ase  
                join  RDS.FactK12StudentEnrollments f on f.K12StudentId = ase.K12StudentId
        join RDS.DimAssessments da on da.DimAssessmentId = ase.AssessmentId
                join RDS.DimGradeLevels g on f.EntryGradeLevelId = g.DimGradeLevelId
                join RDS.DimAssessmentSubtests s on ase.AssessmentSubtestId = s.DimAssessmentSubtestId  
                where  ase.AssessmentResultScoreValueSATScore is not null
                        and da.AssessmentTypeCode = 'AchievementTest' 
                        and s.AssessmentLevelForWhichDesigned in ( '11', '12')",,,,,,,
13. Are students taking the necessary steps to apply to college after high school with sufficient counseling support?,Academic Progress & Completion,Outcomes & Milestones,K12,SAT and ACT participation and performance,Percentage of grade 11–12 students who take the SAT/ACT,ACT completion,Found,"Assessment.AssessmentTitle, StudentAssessmentPerformanceLevel.PerfomanceLevelDescriptorId
PerformanceLevelDescriptor.DescriptorId",Found,FactK12StudentAssessments.AssessmentResultScoreValueACTScore,FactK12StudentAssessments.AssessmentResultScoreValueACTScore,Student Data Application Guide,Automated,Available,p. 88,,"select  
        'Count of Students completed ACT (Grade 11-12)' AS DataElementName,
                'RecordCount' AS CharacteristicType,  
                count(1) AS Value,
                NULL AS Remarks
                from rds.FactK12StudentAssessments ase  
                join  RDS.FactK12StudentEnrollments f on f.K12StudentId = ase.K12StudentId
        join RDS.DimAssessments da on da.DimAssessmentId = ase.AssessmentId
                join RDS.DimGradeLevels g on f.EntryGradeLevelId = g.DimGradeLevelId
                join RDS.DimAssessmentSubtests s on ase.AssessmentSubtestId = s.DimAssessmentSubtestId  
                                --join RDS.DimAssessmentResults ar
                where  ase.AssessmentResultScoreValueACTScore is not null
                        and da.AssessmentTypeCode = 'AchievementTest' 
                        and s.AssessmentLevelForWhichDesigned in ( '11', '12')
                                                --and ar.AssessmentScoreMetricType = 00494 ","select  
        'Count of Students completed ACT (Grade 11-12)' AS DataElementName,
                'RecordCount' AS CharacteristicType,  
                count(1) AS Value,
                NULL AS Remarks
                from rds.FactK12StudentAssessments ase  
                join  RDS.FactK12StudentEnrollments f on f.K12StudentId = ase.K12StudentId
        join RDS.DimAssessments da on da.DimAssessmentId = ase.AssessmentId
                join RDS.DimGradeLevels g on f.EntryGradeLevelId = g.DimGradeLevelId
                join RDS.DimAssessmentSubtests s on ase.AssessmentSubtestId = s.DimAssessmentSubtestId  
                where  ase.AssessmentResultScoreValueACTScore is not null
                        and da.AssessmentTypeCode = 'AchievementTest' 
                        and s.AssessmentLevelForWhichDesigned in ( '11', '12')",,,,,,,
13. Are students taking the necessary steps to apply to college after high school with sufficient counseling support?,Academic Progress & Completion,Outcomes & Milestones,K12,SAT and ACT participation and performance,"Percentage of grade 11–12 students who earn a “college-ready” score, based on the benchmarks set by the SAT and ACT",Student grade level,Found,StudentSchoolAssociation.EntryGradeLevel,Found,FactK12Enrollments.EntryGradeId,FactK12Enrollments.EntryGradeId,ALSDE Data Code Manual,Automated,Available,,,"select
        'Number of Students' AS DataElementName,
    'RecordCount' AS CharacteristicType,
        CAST(COUNT(*) AS NVARCHAR(MAX)) AS Value,
    NULL AS Remarks
    from
        RDS.FactK12StudentEnrollments f
        join RDS.DimGradeLevels g on f.EntryGradeLevelId = g.DimGradeLevelId
    where
         g.GradeLevelCode in ('11', '12')","select
        'Number of Students' AS DataElementName,
    'RecordCount' AS CharacteristicType,
        CAST(COUNT(*) AS NVARCHAR(MAX)) AS Value,
    NULL AS Remarks
    from
        RDS.FactK12StudentEnrollments f
        join RDS.DimGradeLevels g on f.EntryGradeLevelId = g.DimGradeLevelId
    where
         g.GradeLevelCode in ('11', '12')",,,,,,,
13. Are students taking the necessary steps to apply to college after high school with sufficient counseling support?,Academic Progress & Completion,Outcomes & Milestones,K12,SAT and ACT participation and performance,"Percentage of grade 11–12 students who earn a “college-ready” score, based on the benchmarks set by the SAT and ACT",SAT score,Found,"Assessment.AssessmentTitle, StudentAssessmentPerformanceLevel.PerfomanceLevelDescriptorId
PerformanceLevelDescriptor.DescriptorId",Found,FactK12StudentAssessments.AssessmentResultScoreValueSATScore,FactK12StudentAssessments.AssessmentResultScoreValueSATScore,,Automated,Available,The College Board reports on SAT participation rates and scores by state (linked here).,,"SELECT  
    'Count of Students college-ready SAT Score (Grade 11-12, Reading/Writing)' AS DataElementName,
    'RecordCount' AS CharacteristicType,  
    COUNT(1) AS Value,
    NULL AS Remarks
FROM rds.FactK12StudentAssessments ase  
JOIN RDS.FactK12StudentEnrollments f ON f.K12StudentId = ase.K12StudentId
JOIN RDS.DimAssessments da ON da.DimAssessmentId = ase.AssessmentId
JOIN RDS.DimGradeLevels g ON f.EntryGradeLevelId = g.DimGradeLevelId
JOIN RDS.DimAssessmentSubtests s ON ase.AssessmentSubtestId = s.DimAssessmentSubtestId
WHERE ase.AssessmentResultScoreValueSATScore >= 530
    AND da.AssessmentTypeCode = 'AchievementTest' 
    AND da.AssessmentAcademicSubjectCode IN ('01166')
    AND s.AssessmentLevelForWhichDesigned IN ('11', '12')
	--and ar.AssessmentScoreMetricType = 03481 
UNION

SELECT  
    'Count of Students college-ready SAT Score (Grade 11-12, Math)' AS DataElementName,
    'RecordCount' AS CharacteristicType,  
    COUNT(1) AS Value,
    NULL AS Remarks
FROM rds.FactK12StudentAssessments ase  
JOIN RDS.FactK12StudentEnrollments f ON f.K12StudentId = ase.K12StudentId
JOIN RDS.DimAssessments da ON da.DimAssessmentId = ase.AssessmentId
JOIN RDS.DimGradeLevels g ON f.EntryGradeLevelId = g.DimGradeLevelId
JOIN RDS.DimAssessmentSubtests s ON ase.AssessmentSubtestId = s.DimAssessmentSubtestId
WHERE ase.AssessmentResultScoreValueSATScore >= 480
    AND da.AssessmentTypeCode = 'AchievementTest' 
    AND da.AssessmentAcademicSubjectCode IN ('13373')
    AND s.AssessmentLevelForWhichDesigned IN ('11', '12')
	--and ar.AssessmentScoreMetricType = 03481 

","SELECT  
    'Count of Students college-ready SAT Score (Grade 11-12, Reading/Writing)' AS DataElementName,
    'RecordCount' AS CharacteristicType,  
    COUNT(1) AS Value,
    NULL AS Remarks
FROM rds.FactK12StudentAssessments ase  
JOIN RDS.FactK12StudentEnrollments f ON f.K12StudentId = ase.K12StudentId
JOIN RDS.DimAssessments da ON da.DimAssessmentId = ase.AssessmentId
JOIN RDS.DimGradeLevels g ON f.EntryGradeLevelId = g.DimGradeLevelId
JOIN RDS.DimAssessmentSubtests s ON ase.AssessmentSubtestId = s.DimAssessmentSubtestId
WHERE ase.AssessmentResultScoreValueSATScore >= 530
    AND da.AssessmentTypeCode = 'AchievementTest' 
    AND da.AssessmentAcademicSubjectCode IN ('01166')
    AND s.AssessmentLevelForWhichDesigned IN ('11', '12')
	--and ar.AssessmentScoreMetricType = 03481 
UNION

SELECT  
    'Count of Students college-ready SAT Score (Grade 11-12, Math)' AS DataElementName,
    'RecordCount' AS CharacteristicType,  
    COUNT(1) AS Value,
    NULL AS Remarks
FROM rds.FactK12StudentAssessments ase  
JOIN RDS.FactK12StudentEnrollments f ON f.K12StudentId = ase.K12StudentId
JOIN RDS.DimAssessments da ON da.DimAssessmentId = ase.AssessmentId
JOIN RDS.DimGradeLevels g ON f.EntryGradeLevelId = g.DimGradeLevelId
JOIN RDS.DimAssessmentSubtests s ON ase.AssessmentSubtestId = s.DimAssessmentSubtestId
WHERE ase.AssessmentResultScoreValueSATScore >= 480
    AND da.AssessmentTypeCode = 'AchievementTest' 
    AND da.AssessmentAcademicSubjectCode IN ('13373')
    AND s.AssessmentLevelForWhichDesigned IN ('11', '12')
	--and ar.AssessmentScoreMetricType = 03481 

",,,,,,,
13. Are students taking the necessary steps to apply to college after high school with sufficient counseling support?,Academic Progress & Completion,Outcomes & Milestones,K12,SAT and ACT participation and performance,"Percentage of grade 11–12 students who earn a “college-ready” score, based on the benchmarks set by the SAT and ACT",ACT score,Found,"Assessment.AssessmentTitle, StudentAssessmentPerformanceLevel.PerfomanceLevelDescriptorId
PerformanceLevelDescriptor.DescriptorId",Found,FactK12StudentAssessments.AssessmentResultScoreValueACTScore,FactK12StudentAssessments.AssessmentResultScoreValueACTScore,Student Data Application Guide,Automated,Available,p. 88,,"SELECT  
    'Count of Students college-ready SAT Score (Grade 11-12, Reading/Writing)' AS DataElementName,
    'RecordCount' AS CharacteristicType,  
    COUNT(1) AS Value,
    NULL AS Remarks
FROM rds.FactK12StudentAssessments ase  
JOIN RDS.FactK12StudentEnrollments f ON f.K12StudentId = ase.K12StudentId
JOIN RDS.DimAssessments da ON da.DimAssessmentId = ase.AssessmentId
JOIN RDS.DimGradeLevels g ON f.EntryGradeLevelId = g.DimGradeLevelId
JOIN RDS.DimAssessmentSubtests s ON ase.AssessmentSubtestId = s.DimAssessmentSubtestId
WHERE ase.AssessmentResultScoreValueACTScore >= 530
    AND da.AssessmentTypeCode = 'AchievementTest' 
    AND da.AssessmentAcademicSubjectCode IN ('01166')
    AND s.AssessmentLevelForWhichDesigned IN ('11', '12')
        --and ar.AssessmentScoreMetricType = 00494 
UNION

SELECT  
    'Count of Students college-ready SAT Score (Grade 11-12, Math)' AS DataElementName,
    'RecordCount' AS CharacteristicType,  
    COUNT(1) AS Value,
    NULL AS Remarks
FROM rds.FactK12StudentAssessments ase  
JOIN RDS.FactK12StudentEnrollments f ON f.K12StudentId = ase.K12StudentId
JOIN RDS.DimAssessments da ON da.DimAssessmentId = ase.AssessmentId
JOIN RDS.DimGradeLevels g ON f.EntryGradeLevelId = g.DimGradeLevelId
JOIN RDS.DimAssessmentSubtests s ON ase.AssessmentSubtestId = s.DimAssessmentSubtestId
WHERE ase.AssessmentResultScoreValueACTScore >= 480
    AND da.AssessmentTypeCode = 'AchievementTest' 
    AND da.AssessmentAcademicSubjectCode IN ('13373')
    AND s.AssessmentLevelForWhichDesigned IN ('11', '12')
        --and ar.AssessmentScoreMetricType = 00494

","SELECT  
    'Count of Students college-ready SAT Score (Grade 11-12, Reading/Writing)' AS DataElementName,
    'RecordCount' AS CharacteristicType,  
    COUNT(1) AS Value,
    NULL AS Remarks
FROM rds.FactK12StudentAssessments ase  
JOIN RDS.FactK12StudentEnrollments f ON f.K12StudentId = ase.K12StudentId
JOIN RDS.DimAssessments da ON da.DimAssessmentId = ase.AssessmentId
JOIN RDS.DimGradeLevels g ON f.EntryGradeLevelId = g.DimGradeLevelId
JOIN RDS.DimAssessmentSubtests s ON ase.AssessmentSubtestId = s.DimAssessmentSubtestId
WHERE ase.AssessmentResultScoreValueACTScore >= 530
    AND da.AssessmentTypeCode = 'AchievementTest' 
    AND da.AssessmentAcademicSubjectCode IN ('01166')
    AND s.AssessmentLevelForWhichDesigned IN ('11', '12')
        --and ar.AssessmentScoreMetricType = 00494 
UNION

SELECT  
    'Count of Students college-ready SAT Score (Grade 11-12, Math)' AS DataElementName,
    'RecordCount' AS CharacteristicType,  
    COUNT(1) AS Value,
    NULL AS Remarks
FROM rds.FactK12StudentAssessments ase  
JOIN RDS.FactK12StudentEnrollments f ON f.K12StudentId = ase.K12StudentId
JOIN RDS.DimAssessments da ON da.DimAssessmentId = ase.AssessmentId
JOIN RDS.DimGradeLevels g ON f.EntryGradeLevelId = g.DimGradeLevelId
JOIN RDS.DimAssessmentSubtests s ON ase.AssessmentSubtestId = s.DimAssessmentSubtestId
WHERE ase.AssessmentResultScoreValueACTScore >= 480
    AND da.AssessmentTypeCode = 'AchievementTest' 
    AND da.AssessmentAcademicSubjectCode IN ('13373')
    AND s.AssessmentLevelForWhichDesigned IN ('11', '12')
        --and ar.AssessmentScoreMetricType = 00494

",,,,,,,
13. Are students taking the necessary steps to apply to college after high school with sufficient counseling support?,Academic Progress & Completion,Outcomes & Milestones,K12,Social capital,"Percentage of students or individuals reporting a high level of social capital on surveys such as the Social Capital Assessment + Learning for Equity (SCALE) Social Capital, Network Diversity, and Network Strength scales",Social capital survey results (K-12),Found,"SurveyQuestionResponseSurveyQuestionResponseValue.NumericResponse, SurveyQuestionResponseSurveyQuestionResponseValue.TextResponse",Not Found,N/A,N/A,,Manual,Not Available,,,No CEDS Connect found,No CEDS Connect found,,,,,,,
13. Are students taking the necessary steps to apply to college after high school with sufficient counseling support?,Academic Progress & Completion,Outcomes & Milestones,PS,Social capital,"Percentage of students or individuals reporting a high level of social capital on surveys such as the Social Capital Assessment + Learning for Equity (SCALE) Social Capital, Network Diversity, and Network Strength scales",Social capital survey results (Postsecondary),Not Found,N/A,Not Found,N/A,N/A,,Manual,Not Available,,,No CEDS Connect found,No CEDS Connect found,,,,,,,
13. Are students taking the necessary steps to apply to college after high school with sufficient counseling support?,Academic Progress & Completion,Outcomes & Milestones,WF,Social capital,"Percentage of students or individuals reporting a high level of social capital on surveys such as the Social Capital Assessment + Learning for Equity (SCALE) Social Capital, Network Diversity, and Network Strength scales",Social capital survey results (Workforce),Not Found,N/A,Not Found,N/A,N/A,,Manual,Not Available,,,No CEDS Connect found,No CEDS Connect found,,,,,,,
"14. Are students graduating from high school on time and successfully transitioning into further education, training, or employment?",Academic Progress & Completion,Outcomes & Milestones,K12,Senior summer on track,Percentage of high school graduates reporting intentions to enroll in postsecondary education in the fall who successfully enroll in a postsecondary institution by October 31 following their high school graduation,High school graduation indicator,Found,"StudentAcademicRecord.Diploma.Achievement, StudentAcademicRecord.Diploma.DiplomaType",Found,FactK12StudentEnrollments .K12StudentId,FactK12StudentEnrollments .K12StudentId,,,,,,"SELECT  
    'Number of Students who graduated High School' AS DataElementName,
    'RecordCount' AS CharacteristicType,  
    COUNT(f.K12StudentId) AS Value,
    NULL AS Remarks
FROM rds.FactK12StudentEnrollments f 
JOIN RDS.DimGradeLevels g ON f.EntryGradeLevelId = g.DimGradeLevelId
JOIN RDS.DimK12EnrollmentStatuses e ON e.ExitOrWithdrawalTypeCode = f.K12EnrollmentStatusId
where   g.GradeLevelCode in ('12')
AND e.ExitOrWithdrawalTypeCode in ('Graduated with regular', 'advanced', 'International Baccalaureate')","SELECT  
    'Number of Students who graduated High School' AS DataElementName,
    'RecordCount' AS CharacteristicType,  
    COUNT(f.K12StudentId) AS Value,
    NULL AS Remarks
FROM rds.FactK12StudentEnrollments f 
JOIN RDS.DimGradeLevels g ON f.EntryGradeLevelId = g.DimGradeLevelId
JOIN RDS.DimK12EnrollmentStatuses e ON e.ExitOrWithdrawalTypeCode = f.K12EnrollmentStatusId
where   g.GradeLevelCode in ('12')
AND e.ExitOrWithdrawalTypeCode in ('Graduated with regular', 'advanced', 'International Baccalaureate')",,,,,,,
"14. Are students graduating from high school on time and successfully transitioning into further education, training, or employment?",Academic Progress & Completion,Outcomes & Milestones,K12,Senior summer on track,Percentage of high school graduates reporting intentions to enroll in postsecondary education in the fall who successfully enroll in a postsecondary institution by October 31 following their high school graduation,Reported intent to enroll in postsecondary education,Not Found,N/A,Not Found,N/A,N/A,,,,,,"Missing elements in CEDS DWH:
DiplomaCredentialAwardDate , Intentions Following High School","Missing elements in CEDS DWH:
DiplomaCredentialAwardDate , Intentions Following High School",,,,,,,
"14. Are students graduating from high school on time and successfully transitioning into further education, training, or employment?",Academic Progress & Completion,Outcomes & Milestones,K12,Senior summer on track,Percentage of high school graduates reporting intentions to enroll in postsecondary education in the fall who successfully enroll in a postsecondary institution by October 31 following their high school graduation,Postsecondary enrollment date,Partial,StudentSchoolAssociation.EntryDate,Found,"FactPsStudentEnrollments.PsStudentId
","FactPsStudentEnrollments.PsStudentId
",,,,,,"SELECT  
    'Number of Students enrolled in PS' AS DataElementName,
    'RecordCount' AS CharacteristicType,  
    COUNT(PsStudentId) AS Value,
    NULL AS Remarks
FROM rds.FactPsStudentEnrollments 
where EnrollmentEntryDateId is not null","SELECT  
    'Number of Students enrolled in PS' AS DataElementName,
    'RecordCount' AS CharacteristicType,  
    COUNT(PsStudentId) AS Value,
    NULL AS Remarks
FROM rds.FactPsStudentEnrollments 
where EnrollmentEntryDateId is not null",,,,,,,
"14. Are students graduating from high school on time and successfully transitioning into further education, training, or employment?",Academic Progress & Completion,Outcomes & Milestones,PS,Senior summer on track,Percentage of high school graduates reporting intentions to enroll in postsecondary education in the fall who successfully enroll in a postsecondary institution by October 31 following their high school graduation,High school graduation indicator,Found,"StudentAcademicRecord.Diploma.Achievement, StudentAcademicRecord.Diploma.DiplomaType",Found,FactK12StudentEnrollments .K12StudentId,FactK12StudentEnrollments .K12StudentId,,,,,,"SELECT  
    'Number of Students who graduated High School' AS DataElementName,
    'RecordCount' AS CharacteristicType,  
    COUNT(f.K12StudentId) AS Value,
    NULL AS Remarks
FROM rds.FactK12StudentEnrollments f 
JOIN RDS.DimGradeLevels g ON f.EntryGradeLevelId = g.DimGradeLevelId
JOIN RDS.DimK12EnrollmentStatuses e ON e.ExitOrWithdrawalTypeCode = f.K12EnrollmentStatusId
where   g.GradeLevelCode in ('12')
AND e.ExitOrWithdrawalTypeCode in ('Graduated with regular', 'advanced', 'International Baccalaureate')","SELECT  
    'Number of Students who graduated High School' AS DataElementName,
    'RecordCount' AS CharacteristicType,  
    COUNT(f.K12StudentId) AS Value,
    NULL AS Remarks
FROM rds.FactK12StudentEnrollments f 
JOIN RDS.DimGradeLevels g ON f.EntryGradeLevelId = g.DimGradeLevelId
JOIN RDS.DimK12EnrollmentStatuses e ON e.ExitOrWithdrawalTypeCode = f.K12EnrollmentStatusId
where   g.GradeLevelCode in ('12')
AND e.ExitOrWithdrawalTypeCode in ('Graduated with regular', 'advanced', 'International Baccalaureate')",,,,,,,
"14. Are students graduating from high school on time and successfully transitioning into further education, training, or employment?",Academic Progress & Completion,Outcomes & Milestones,PS,Senior summer on track,Percentage of high school graduates reporting intentions to enroll in postsecondary education in the fall who successfully enroll in a postsecondary institution by October 31 following their high school graduation,Reported intent to enroll in postsecondary education,Not Found,N/A,Not Found,N/A,N/A,,,,,,"Missing elements in CEDS DWH:
DiplomaCredentialAwardDate , Intentions Following High School","Missing elements in CEDS DWH:
DiplomaCredentialAwardDate , Intentions Following High School",,,,,,,
"14. Are students graduating from high school on time and successfully transitioning into further education, training, or employment?",Academic Progress & Completion,Outcomes & Milestones,PS,Senior summer on track,Percentage of high school graduates reporting intentions to enroll in postsecondary education in the fall who successfully enroll in a postsecondary institution by October 31 following their high school graduation,Postsecondary enrollment date,Partial,StudentSchoolAssociation.EntryDate,Found,"FactPsStudentEnrollments.PsStudentId
","FactPsStudentEnrollments.PsStudentId
",,,,,,"SELECT  
    'Number of Students enrolled in PS' AS DataElementName,
    'RecordCount' AS CharacteristicType,  
    COUNT(PsStudentId) AS Value,
    NULL AS Remarks
FROM rds.FactPsStudentEnrollments 
where EnrollmentEntryDateId is not null","SELECT  
    'Number of Students enrolled in PS' AS DataElementName,
    'RecordCount' AS CharacteristicType,  
    COUNT(PsStudentId) AS Value,
    NULL AS Remarks
FROM rds.FactPsStudentEnrollments 
where EnrollmentEntryDateId is not null",,,,,,,
"14. Are students graduating from high school on time and successfully transitioning into further education, training, or employment?",Academic Progress & Completion,Outcomes & Milestones,K12,Postsecondary enrollment after high school graduation,Percentage of high school graduates who enroll in a postsecondary institution by October 31 following their high school graduation,High school graduation date,Found,Diploma.DiplomaAwardDate,Not Found,N/A,N/A,,,,,,"Missing elements in CEDS DWH:
DiplomaCredentialAwardDate","Missing elements in CEDS DWH:
DiplomaCredentialAwardDate",,,,,,,
"14. Are students graduating from high school on time and successfully transitioning into further education, training, or employment?",Academic Progress & Completion,Outcomes & Milestones,K12,Postsecondary enrollment after high school graduation,Percentage of high school graduates who enroll in a postsecondary institution by October 31 following their high school graduation,Postsecondary enrollment date,Partial,StudentSchoolAssociation.EntryDate,Found,"FactPsStudentEnrollments.PsStudentId
","FactPsStudentEnrollments.PsStudentId
",,,,,,"SELECT  
    'Number of Students enrolled in PS' AS DataElementName,
    'RecordCount' AS CharacteristicType,  
    COUNT(PsStudentId) AS Value,
    NULL AS Remarks
FROM rds.FactPsStudentEnrollments 
where EnrollmentEntryDateId is not null","SELECT  
    'Number of Students enrolled in PS' AS DataElementName,
    'RecordCount' AS CharacteristicType,  
    COUNT(PsStudentId) AS Value,
    NULL AS Remarks
FROM rds.FactPsStudentEnrollments 
where EnrollmentEntryDateId is not null",,,,,,,
"14. Are students graduating from high school on time and successfully transitioning into further education, training, or employment?",Academic Progress & Completion,Outcomes & Milestones,PS,Postsecondary enrollment after high school graduation,Percentage of high school graduates who enroll in a postsecondary institution by October 31 following their high school graduation,High school graduation date,Found,Diploma.DiplomaAwardDate,Not Found,N/A,N/A,,,,,,"Missing elements in CEDS DWH:
DiplomaCredentialAwardDate","Missing elements in CEDS DWH:
DiplomaCredentialAwardDate",,,,,,,
"14. Are students graduating from high school on time and successfully transitioning into further education, training, or employment?",Academic Progress & Completion,Outcomes & Milestones,PS,Postsecondary enrollment after high school graduation,Percentage of high school graduates who enroll in a postsecondary institution by October 31 following their high school graduation,Postsecondary enrollment date,Partial,StudentSchoolAssociation.EntryDate,Found,"FactPsStudentEnrollments.PsStudentId
","FactPsStudentEnrollments.PsStudentId
",,,,,,"SELECT  
    'Number of Students enrolled in PS' AS DataElementName,
    'RecordCount' AS CharacteristicType,  
    COUNT(PsStudentId) AS Value,
    NULL AS Remarks
FROM rds.FactPsStudentEnrollments 
where EnrollmentEntryDateId is not null","SELECT  
    'Number of Students enrolled in PS' AS DataElementName,
    'RecordCount' AS CharacteristicType,  
    COUNT(PsStudentId) AS Value,
    NULL AS Remarks
FROM rds.FactPsStudentEnrollments 
where EnrollmentEntryDateId is not null",,,,,,,
"14. Are students graduating from high school on time and successfully transitioning into further education, training, or employment?",Career Readiness & Economic Success,Outcomes & Milestones,K12,Successful career transition after high school,"Percentage of high school graduates enlisted in the military, enrolled in an apprenticeship program, enrolled in noncredit career and technical education (CTE) courses, or employed and earning at least the median annual full-time earnings for high school graduates ($35,000 year) before October 31 following graduation.",High school graduation date,Found,Diploma.DiplomaAwardDate,,,,,,,,,,,,,,,,,
"14. Are students graduating from high school on time and successfully transitioning into further education, training, or employment?",Career Readiness & Economic Success,Outcomes & Milestones,K12,Successful career transition after high school,"Percentage of high school graduates enlisted in the military, enrolled in an apprenticeship program, enrolled in noncredit career and technical education (CTE) courses, or employed and earning at least the median annual full-time earnings for high school graduates ($35,000 year) before October 31 following graduation.",Apprenticeship program enrollment date,Not Found,N/A,,,,,,,,,,,,,,,,,
"14. Are students graduating from high school on time and successfully transitioning into further education, training, or employment?",Career Readiness & Economic Success,Outcomes & Milestones,K12,Successful career transition after high school,"Percentage of high school graduates enlisted in the military, enrolled in an apprenticeship program, enrolled in noncredit career and technical education (CTE) courses, or employed and earning at least the median annual full-time earnings for high school graduates ($35,000 year) before October 31 following graduation.",Enrollment in noncredit CTE date,Found,StudentCTEProgramAssociation.BeginDate,,,,,,,,,,,,,,,,,
"14. Are students graduating from high school on time and successfully transitioning into further education, training, or employment?",Career Readiness & Economic Success,Outcomes & Milestones,K12,Successful career transition after high school,"Percentage of high school graduates enlisted in the military, enrolled in an apprenticeship program, enrolled in noncredit career and technical education (CTE) courses, or employed and earning at least the median annual full-time earnings for high school graduates ($35,000 year) before October 31 following graduation.",Enlistment in the military,Not Found,N/A,,,,,,,,,,,,,,,,,
"14. Are students graduating from high school on time and successfully transitioning into further education, training, or employment?",Career Readiness & Economic Success,Outcomes & Milestones,K12,Successful career transition after high school,"Percentage of high school graduates enlisted in the military, enrolled in an apprenticeship program, enrolled in noncredit career and technical education (CTE) courses, or employed and earning at least the median annual full-time earnings for high school graduates ($35,000 year) before October 31 following graduation.",Employment date,Not Found,N/A,,,,,,,,,,,,,,,,,
"14. Are students graduating from high school on time and successfully transitioning into further education, training, or employment?",Career Readiness & Economic Success,Outcomes & Milestones,K12,Successful career transition after high school,"Percentage of high school graduates enlisted in the military, enrolled in an apprenticeship program, enrolled in noncredit career and technical education (CTE) courses, or employed and earning at least the median annual full-time earnings for high school graduates ($35,000 year) before October 31 following graduation.",Earnings,Not Found,N/A,,,,,,,,,,,,,,,,,
"14. Are students graduating from high school on time and successfully transitioning into further education, training, or employment?",Career Readiness & Economic Success,Outcomes & Milestones,K12,CTE pathway concentration,Percentage of 12th-grade students enrolled in CTE who complete three or more CTE courses in a single pathway,Student grade level,Found,StudentSchoolAssociation.EntryGradeLevel,Found,FactK12Enrollments.EntryGradeId,,,,,,,"select
	'Number of Students (Grade 1 and 2)' AS DataElementName,
    'RecordCount' AS CharacteristicType,
	CAST(COUNT(*) AS NVARCHAR(MAX)) AS Value,
    NULL AS Remarks
    from
        RDS.FactK12StudentEnrollments f
        join RDS.DimGradeLevels g on f.EntryGradeLevelId = g.DimGradeLevelId
    where
         g.GradeLevelCode in ('01', '02')",,,,,,,,
"14. Are students graduating from high school on time and successfully transitioning into further education, training, or employment?",Career Readiness & Economic Success,Outcomes & Milestones,K12,CTE pathway concentration,Percentage of 12th-grade students enrolled in CTE who complete three or more CTE courses in a single pathway,Course ID or course title,Found,"Course.CourseCode, Course.CourseTitle",,,,,,,,,,,,,,,,,
"14. Are students graduating from high school on time and successfully transitioning into further education, training, or employment?",Career Readiness & Economic Success,Outcomes & Milestones,K12,CTE pathway concentration,Percentage of 12th-grade students enrolled in CTE who complete three or more CTE courses in a single pathway,CTE pathway or career cluster associated with CTE course,Found,"StudentSectionAssociation.Section.CourseOffering.Course.CourseLevelCharactertistic = 'Career and Technical Education', StudentSectionAssociation.Section.CourseOffering.Course.CareerPathway, StudentSectionAssociation.StudentUSI",,,,,,,,,,,,,,,,,
"14. Are students graduating from high school on time and successfully transitioning into further education, training, or employment?",Career Readiness & Economic Success,Outcomes & Milestones,K12,CTE pathway concentration,Percentage of 12th-grade students enrolled in CTE who complete three or more CTE courses in a single pathway,CTE course completion,Found,"CourseTranscript.Course.AcademicSubject, CourseTranscript.CourseAttempResultDescriptor, CourseTranscript.Course.CourseLevelCharacteristicDescriptor, CourseTranscript.StudentAcademicRecord.StudentUSI",,,,,,,,,,,,,,,,,
"14. Are students graduating from high school on time and successfully transitioning into further education, training, or employment?",Career Readiness & Economic Success,Outcomes & Milestones,PS,CTE pathway concentration,Percentage of CTE students who earn at least 12 credits within a CTE program or complete such a program if it encompasses fewer than 12 credits in total,CTE course enrollment,Found,"StudentSectionAssociation.Section.CourseOffering.Course.CourseLevelCharactertistic = 'Career and Technical Education', StudentSectionAssociation.StudentUSI",,,,,,,,,,,,,,,,,
"14. Are students graduating from high school on time and successfully transitioning into further education, training, or employment?",Career Readiness & Economic Success,Outcomes & Milestones,PS,CTE pathway concentration,Percentage of CTE students who earn at least 12 credits within a CTE program or complete such a program if it encompasses fewer than 12 credits in total,CTE course ID or course title,Found,"StudentSectionAssociation.Section.CourseOffering.Course.CourseLevelCharactertistic = 'Career and Technical Education', StudentSectionAssociation.Section.CourseOffering.Course.CourseCode, StudentSectionAssociation.Section.CourseOffering.Course.CourseTitle, StudentSectionAssociation.StudentUSI",,,,,,,,,,,,,,,,,
"14. Are students graduating from high school on time and successfully transitioning into further education, training, or employment?",Career Readiness & Economic Success,Outcomes & Milestones,PS,CTE pathway concentration,Percentage of CTE students who earn at least 12 credits within a CTE program or complete such a program if it encompasses fewer than 12 credits in total,CTE course completion,Found,"CourseTranscript.Course.AcademicSubject, CourseTranscript.CourseAttempResultDescriptor, CourseTranscript.Course.CourseLevelCharacteristicDescriptor, CourseTranscript.StudentAcademicRecord.StudentUSI",,,,,,,,,,,,,,,,,
"14. Are students graduating from high school on time and successfully transitioning into further education, training, or employment?",Career Readiness & Economic Success,Outcomes & Milestones,K12,Participation in work-based learning,Percentage of students who participate in a work-based learning opportunity before graduation,Student grade level,Found,StudentSchoolAssociation.EntryGradeLevel,Found,FactK12Enrollments.EntryGradeId,,,,,,,"select
	'Number of Students (Grade 1 and 2)' AS DataElementName,
    'RecordCount' AS CharacteristicType,
	CAST(COUNT(*) AS NVARCHAR(MAX)) AS Value,
    NULL AS Remarks
    from
        RDS.FactK12StudentEnrollments f
        join RDS.DimGradeLevels g on f.EntryGradeLevelId = g.DimGradeLevelId
    where
         g.GradeLevelCode in ('01', '02')",,,,,,,,
"14. Are students graduating from high school on time and successfully transitioning into further education, training, or employment?",Career Readiness & Economic Success,Outcomes & Milestones,K12,Participation in work-based learning,Percentage of students who participate in a work-based learning opportunity before graduation,Participation in work-based learning,Not Found,N/A,,,,,,,,,,,,,,,,,
"14. Are students graduating from high school on time and successfully transitioning into further education, training, or employment?",Career Readiness & Economic Success,Outcomes & Milestones,PS,Participation in work-based learning,Percentage of students who participate in a work-based learning opportunity before graduation,Student grade level or year,Found,StudentSchoolAssociation.EntryGradeLevel,,,,,,,,,,,,,,,,,
"14. Are students graduating from high school on time and successfully transitioning into further education, training, or employment?",Career Readiness & Economic Success,Outcomes & Milestones,PS,Participation in work-based learning,Percentage of students who participate in a work-based learning opportunity before graduation,Participation in work-based learning,Not Found,N/A,,,,,,,,,,,,,,,,,
"14. Are students graduating from high school on time and successfully transitioning into further education, training, or employment?",Career Readiness & Economic Success,Outcomes & Milestones,WF,Participation in work-based learning,Percentage of workforce training program participants who participate in a work-based learning opportunity before program completion,Enrollment in workforce training program,Not Found,N/A,,,,,,,,,,,,,,,,,
"14. Are students graduating from high school on time and successfully transitioning into further education, training, or employment?",Career Readiness & Economic Success,Outcomes & Milestones,WF,Participation in work-based learning,Percentage of workforce training program participants who participate in a work-based learning opportunity before program completion,Participation in work-based learning,Not Found,N/A,,,,,,,,,,,,,,,,,
"14. Are students graduating from high school on time and successfully transitioning into further education, training, or employment?",Career Readiness & Economic Success,E-W System Conditions,K12,Access to in-demand CTE pathways,Number and percentage of CTE program offerings considered “in demand”,CTE program,Found,CTEProgramServiceDescriptor,,,,,,,,,,,,,,,,,
"14. Are students graduating from high school on time and successfully transitioning into further education, training, or employment?",Career Readiness & Economic Success,E-W System Conditions,K12,Access to in-demand CTE pathways,Number and percentage of CTE program offerings considered “in demand”,In-demand status,Not Found,N/A,,,,,,,,,,,,,,,,,
"14. Are students graduating from high school on time and successfully transitioning into further education, training, or employment?",Career Readiness & Economic Success,E-W System Conditions,PS,Access to in-demand CTE pathways,Number and percentage of CTE program offerings considered “in demand”,CTE program,Found,CTEProgramServiceDescriptor,,,,,,,,,,,,,,,,,
"14. Are students graduating from high school on time and successfully transitioning into further education, training, or employment?",Career Readiness & Economic Success,E-W System Conditions,PS,Access to in-demand CTE pathways,Number and percentage of CTE program offerings considered “in demand”,In-demand status,Not Found,N/A,,,,,,,,,,,,,,,,,
"14. Are students graduating from high school on time and successfully transitioning into further education, training, or employment?",Career Readiness & Economic Success,E-W System Conditions,WF,Expenditures on workforce development programs,The amount of funding dedicated to workforce development programs as a percentage of total educational funding in a state,Funding dedicated to workforce development programs,Not Found,N/A,,,,,,,,,,,,,,,,,
"14. Are students graduating from high school on time and successfully transitioning into further education, training, or employment?",Career Readiness & Economic Success,E-W System Conditions,WF,Expenditures on workforce development programs,The amount of funding dedicated to workforce development programs as a percentage of total educational funding in a state,Total educational funding,Not Found,N/A,,,,,,,,,,,,,,,,,
"14. Are students graduating from high school on time and successfully transitioning into further education, training, or employment?",Career Readiness & Economic Success,E-W System Conditions,WF,Access to jobs paying a living wage,Percentage of jobs in a county or metropolitan statistical area (MSA) for which the ratio of average pay to the location-adjusted cost of living is greater than one,Average pay in county or MSA,Not Found,N/A,,,,,,,,,,,,,,,,,
"14. Are students graduating from high school on time and successfully transitioning into further education, training, or employment?",Career Readiness & Economic Success,E-W System Conditions,K12,Access to jobs paying a living wage,Percentage of jobs in a county or metropolitan statistical area (MSA) for which the ratio of average pay to the location-adjusted cost of living is greater than one,Location-adjusted cost of living in county or MSA,Not Found,N/A,,,,,,,,,,,,,,,,,
"14. Are students graduating from high school on time and successfully transitioning into further education, training, or employment?",Career Readiness & Economic Success,E-W System Conditions,K12,Access to college and career advising,Ratio of number of students to number of Full-time equivalent (FTE) counselors,Staff type or role description,Found,StaffEducationOrganizationAssignmentAssociation.StaffClassification,,,,,,,,,,,,,,,,,
"14. Are students graduating from high school on time and successfully transitioning into further education, training, or employment?",Career Readiness & Economic Success,E-W System Conditions,K12,Access to college and career advising,Ratio of number of students to number of Full-time equivalent (FTE) counselors,Staff FTE status,Found,StaffEducationOrganizationAssignmentAssociationFullTimeEquivalency,,,,,,,,,,,,,,,,,
"14. Are students graduating from high school on time and successfully transitioning into further education, training, or employment?",Career Readiness & Economic Success,E-W System Conditions,PS,Access to college and career advising,Percentage of students using academic advising and career counseling services,Advising and counseling service utilization,Not Found,N/A,,,,,,,,,,,,,,,,,
"14. Are students graduating from high school on time and successfully transitioning into further education, training, or employment?",Academic Progress & Completion,Outcomes & Milestones,K12,High school graduation,"Adjusted cohort graduation rate (the percentage of high school freshmen who graduate with a regular diploma within four, five, and six years of entering high school, regardless of whether they transferred schools)",Enrollment date,Found,StudentCohortAssociation.BeginDate,Found,FactK12StudentEnrollments.EnrollmentEntryDateId,FactK12StudentEnrollments.EnrollmentEntryDateId,,,,,,"SELECT  
    'Number of Students in Grade 9' AS DataElementName,
    'RecordCount' AS CharacteristicType,  
    COUNT(f.K12StudentId) AS Value,
    NULL AS Remarks
FROM rds.FactK12StudentEnrollments f 
JOIN RDS.DimGradeLevels g ON f.EntryGradeLevelId = g.DimGradeLevelId
JOIN RDS.DimK12EnrollmentStatuses e ON e.ExitOrWithdrawalTypeCode = f.K12EnrollmentStatusId
where   g.GradeLevelCode in ('09')
AND e.ExitOrWithdrawalTypeCode in ('01921')
and f.EnrollmentEntryDateId is not null","SELECT  
    'Number of Students in Grade 9' AS DataElementName,
    'RecordCount' AS CharacteristicType,  
    COUNT(f.K12StudentId) AS Value,
    NULL AS Remarks
FROM rds.FactK12StudentEnrollments f 
JOIN RDS.DimGradeLevels g ON f.EntryGradeLevelId = g.DimGradeLevelId
JOIN RDS.DimK12EnrollmentStatuses e ON e.ExitOrWithdrawalTypeCode = f.K12EnrollmentStatusId
where   g.GradeLevelCode in ('09')
AND e.ExitOrWithdrawalTypeCode in ('01921')
and f.EnrollmentEntryDateId is not null",,,,,,,
"14. Are students graduating from high school on time and successfully transitioning into further education, training, or employment?",Academic Progress & Completion,Outcomes & Milestones,K12,High school graduation,"Adjusted cohort graduation rate (the percentage of high school freshmen who graduate with a regular diploma within four, five, and six years of entering high school, regardless of whether they transferred schools)",Cohort year,Found,StudentSchoolAssociation.GraduationSchoolYear,Found,FactK12StudentEnrollments.CohortYearId,FactK12StudentEnrollments.CohortYearId,,,,,,"SELECT  
    'Number of Students in Grade 9 with Cohort Year' AS DataElementName,
    'RecordCount' AS CharacteristicType,  
    COUNT(f.K12StudentId) AS Value,
    NULL AS Remarks
FROM rds.FactK12StudentEnrollments f 
JOIN RDS.DimGradeLevels g ON f.EntryGradeLevelId = g.DimGradeLevelId
JOIN RDS.DimK12EnrollmentStatuses e ON e.ExitOrWithdrawalTypeCode = f.K12EnrollmentStatusId
where   g.GradeLevelCode in ('09')
AND e.ExitOrWithdrawalTypeCode in ('01921')
and f.CohortYearId is not null","SELECT  
    'Number of Students in Grade 9 with Cohort Year' AS DataElementName,
    'RecordCount' AS CharacteristicType,  
    COUNT(f.K12StudentId) AS Value,
    NULL AS Remarks
FROM rds.FactK12StudentEnrollments f 
JOIN RDS.DimGradeLevels g ON f.EntryGradeLevelId = g.DimGradeLevelId
JOIN RDS.DimK12EnrollmentStatuses e ON e.ExitOrWithdrawalTypeCode = f.K12EnrollmentStatusId
where   g.GradeLevelCode in ('09')
AND e.ExitOrWithdrawalTypeCode in ('01921')
and f.CohortYearId is not null",,,,,,,
"14. Are students graduating from high school on time and successfully transitioning into further education, training, or employment?",Academic Progress & Completion,Outcomes & Milestones,K12,High school graduation,"Adjusted cohort graduation rate (the percentage of high school freshmen who graduate with a regular diploma within four, five, and six years of entering high school, regardless of whether they transferred schools)",Cohort graduation year,Found,StudentSchoolAssociation.GraduationSchoolYear,Found,FactK12StudentEnrollments.CohortGraduationYearId,FactK12StudentEnrollments.CohortGraduationYearId,,,,,,"SELECT  
    'Number of Students in Grade 9 with Cohort Graduation Year' AS DataElementName,
    'RecordCount' AS CharacteristicType,  
    COUNT(f.K12StudentId) AS Value,
    NULL AS Remarks
FROM rds.FactK12StudentEnrollments f 
JOIN RDS.DimGradeLevels g ON f.EntryGradeLevelId = g.DimGradeLevelId
JOIN RDS.DimK12EnrollmentStatuses e ON e.ExitOrWithdrawalTypeCode = f.K12EnrollmentStatusId
where   g.GradeLevelCode in ('09')
AND e.ExitOrWithdrawalTypeCode in ('01921')
and f.CohortGraduationYearId is not null","SELECT  
    'Number of Students in Grade 9 with Cohort Graduation Year' AS DataElementName,
    'RecordCount' AS CharacteristicType,  
    COUNT(f.K12StudentId) AS Value,
    NULL AS Remarks
FROM rds.FactK12StudentEnrollments f 
JOIN RDS.DimGradeLevels g ON f.EntryGradeLevelId = g.DimGradeLevelId
JOIN RDS.DimK12EnrollmentStatuses e ON e.ExitOrWithdrawalTypeCode = f.K12EnrollmentStatusId
where   g.GradeLevelCode in ('09')
AND e.ExitOrWithdrawalTypeCode in ('01921')
and f.CohortGraduationYearId is not null",,,,,,,
"14. Are students graduating from high school on time and successfully transitioning into further education, training, or employment?",Academic Progress & Completion,Outcomes & Milestones,K12,High school graduation,"Adjusted cohort graduation rate (the percentage of high school freshmen who graduate with a regular diploma within four, five, and six years of entering high school, regardless of whether they transferred schools)",Diploma or credential award date,Found,StudentAcademicRecordDiploma.DiplomaAwardDate,Not Found,N/A,N/A,,,,,,Missing field in CEDS DWH:Diploma or credential award date,Missing field in CEDS DWH:Diploma or credential award date,,,,,,,
"14. Are students graduating from high school on time and successfully transitioning into further education, training, or employment?",Academic Progress & Completion,Outcomes & Milestones,K12,High school graduation,"Adjusted cohort graduation rate (the percentage of high school freshmen who graduate with a regular diploma within four, five, and six years of entering high school, regardless of whether they transferred schools)",High school diploma type,Found,StudentAcademicRecordDiploma.DiplomaType,Found,FactK12StudentCounts.K12AcademicAwardStatusId,FactK12StudentCounts.K12AcademicAwardStatusId,,,,,,"SELECT  
    'Number of Students in Grade 9 with High school diploma type' AS DataElementName,
    'RecordCount' AS CharacteristicType,  
    COUNT(f.K12StudentId) AS Value,
    NULL AS Remarks
FROM 
rds.FactK12StudentCounts f
JOIN RDS.DimGradeLevels g ON f.GradeLevelId = g.DimGradeLevelId
JOIN RDS.DimK12AcademicAwardStatuses a ON a.HighSchoolDiplomaTypeCode = f.K12AcademicAwardStatusId
JOIN RDS.DimK12EnrollmentStatuses e ON e.ExitOrWithdrawalTypeCode = f.K12EnrollmentStatusId
where   g.GradeLevelCode in ('09')
AND e.ExitOrWithdrawalTypeCode in ('01921')
AND a.HighSchoolDiplomaTypeCode='00806'","SELECT  
    'Number of Students in Grade 9 with High school diploma type' AS DataElementName,
    'RecordCount' AS CharacteristicType,  
    COUNT(f.K12StudentId) AS Value,
    NULL AS Remarks
FROM 
rds.FactK12StudentCounts f
JOIN RDS.DimGradeLevels g ON f.GradeLevelId = g.DimGradeLevelId
JOIN RDS.DimK12AcademicAwardStatuses a ON a.HighSchoolDiplomaTypeCode = f.K12AcademicAwardStatusId
JOIN RDS.DimK12EnrollmentStatuses e ON e.ExitOrWithdrawalTypeCode = f.K12EnrollmentStatusId
where   g.GradeLevelCode in ('09')
AND e.ExitOrWithdrawalTypeCode in ('01921')
AND a.HighSchoolDiplomaTypeCode='00806'",,,,,,,
15. Are there quality pathways for students who pursue career training that lead to employment in quality jobs?,Academic Progress & Completion,Outcomes & Milestones,PS,Transfer (if applicable),"Percentage of students in a certificate or associate’s degree program who transfer to a longer degree program within 150 percent of the original program’s intended length. Other time frames, such as 100 percent and 200 percent of program length, are also useful to track.",Postsecondary degree program length,Not Found,N/A,Not Found,N/A,N/A,,Manual,Not Available,"While we were not able to find a data element for typical degree program length, it is likely that the state calculates this information or assumes fixed lengths for different types of degrees.",,"Missing in CEDS DWH:Degree or Certificate Seeking Student ,Enrollment in Postsecondary Award Type,
Postsecondary Enrollment Type,Transfer-ready,Enrollment in Postsecondary Award
","Missing in CEDS DWH:Degree or Certificate Seeking Student ,Enrollment in Postsecondary Award Type,
Postsecondary Enrollment Type,Transfer-ready,Enrollment in Postsecondary Award
",,,,,,,
15. Are there quality pathways for students who pursue career training that lead to employment in quality jobs?,Academic Progress & Completion,Outcomes & Milestones,PS,Transfer (if applicable),"Percentage of students in a certificate or associate’s degree program who transfer to a longer degree program within 150 percent of the original program’s intended length. Other time frames, such as 100 percent and 200 percent of program length, are also useful to track.",Transfer indicator or transfer student status,Partial,StudentSchoolAssociation.EntryGradeLevelReasonDescriptor,Not Found,N/A,N/A,ACHE Data Dictionary,Automated,Available,,,"Missing in CEDS DWH:Degree or Certificate Seeking Student ,Enrollment in Postsecondary Award Type,
Postsecondary Enrollment Type,Transfer-ready,Enrollment in Postsecondary Award","Missing in CEDS DWH:Degree or Certificate Seeking Student ,Enrollment in Postsecondary Award Type,
Postsecondary Enrollment Type,Transfer-ready,Enrollment in Postsecondary Award",,,,,,,
15. Are there quality pathways for students who pursue career training that lead to employment in quality jobs?,Academic Progress & Completion,Outcomes & Milestones,PS,Transfer (if applicable),"Percentage of students in a certificate or associate’s degree program who transfer to a longer degree program within 150 percent of the original program’s intended length. Other time frames, such as 100 percent and 200 percent of program length, are also useful to track.",Postsecondary institution ID (current and prior years),Found,PostSecondaryInstitutionId,Found,FactPsStudentEnrollments.PsInstitutionID,FactPsStudentEnrollments.PsInstitutionID,ACHE Data Dictionary,Automated,Available,,,"SELECT  
    'Number of PS Institutes' AS DataElementName,
    'RecordCount' AS CharacteristicType,  
    COUNT(PsInstitutionID) AS Value,
    NULL AS Remarks
FROM rds.FactPsStudentEnrollments f
where PsInstitutionID is not null","SELECT  
    'Number of PS Institutes' AS DataElementName,
    'RecordCount' AS CharacteristicType,  
    COUNT(PsInstitutionID) AS Value,
    NULL AS Remarks
FROM rds.FactPsStudentEnrollments f
where PsInstitutionID is not null",,,,,,,
15. Are there quality pathways for students who pursue career training that lead to employment in quality jobs?,Academic Progress & Completion,Outcomes & Milestones,PS,Transfer (if applicable),"Percentage of students in a certificate or associate’s degree program who transfer to a longer degree program within 150 percent of the original program’s intended length. Other time frames, such as 100 percent and 200 percent of program length, are also useful to track.",Enrollment status (current and prior years),Partial,"StudentSchoolAssociation.BeginDate, StudentSchoolAssociation.EndDate",Found,FactPsStudentEnrollments.PsEnrollmentStatusId,FactPsStudentEnrollments.PsEnrollmentStatusId,ACHE Data Dictionary,Automated,Available,,,"SELECT  
    'Number of PS Students with EnrollmentStatus' AS DataElementName,
    'RecordCount' AS CharacteristicType,  
    COUNT(PsEnrollmentStatusId) AS Value,
    NULL AS Remarks
FROM rds.FactPsStudentEnrollments f
where PsEnrollmentStatusId is not null","SELECT  
    'Number of PS Students with EnrollmentStatus' AS DataElementName,
    'RecordCount' AS CharacteristicType,  
    COUNT(PsEnrollmentStatusId) AS Value,
    NULL AS Remarks
FROM rds.FactPsStudentEnrollments f
where PsEnrollmentStatusId is not null",,,,,,,
15. Are there quality pathways for students who pursue career training that lead to employment in quality jobs?,Career Readiness & Economic Success,E-W System Conditions,WF,Access to ongoing career skills development,Percentage of employees who have access to on-the-job training or a professional learning and development plan directly from their employer,On-the-job training offered,Not Found,N/A,,,,,Manual,Not Available,,,,,,,,,,,
15. Are there quality pathways for students who pursue career training that lead to employment in quality jobs?,Career Readiness & Economic Success,E-W System Conditions,WF,Access to ongoing career skills development,Percentage of employees who have access to on-the-job training or a professional learning and development plan directly from their employer,Learning and development plan offered,Not Found,N/A,,,,,Manual,Not Available,,,,,,,,,,,
15. Are there quality pathways for students who pursue career training that lead to employment in quality jobs?,Career Readiness & Economic Success,E-W System Conditions,K12,Access to in-demand CTE pathways,Number and percentage of CTE program offerings considered “in demand”,CTE program,Found,CTEProgramServiceDescriptor,,,,Student Data Application Guide,Automated,Available,,,,,,,,,,,
15. Are there quality pathways for students who pursue career training that lead to employment in quality jobs?,Career Readiness & Economic Success,E-W System Conditions,K12,Access to in-demand CTE pathways,Number and percentage of CTE program offerings considered “in demand”,In-demand status,Not Found,N/A,,,,,Semi-Automated,Partially Available,"A public/private partnership between the Alabama State Department of Education, Alabamaâ€™s employers and industry leaders, and CTE+CTSO teachers and students, the Alabama Career and Technical Student Organizations (https://alabamactso.org/) publishes Impact Reports (linked here) with numbers of credentials earned in ""high-wage, high-demand industries."" The report does not document how it defines high impact or demand, and it is not clear if the report captures all CTE students in the state.",,,,,,,,,,
15. Are there quality pathways for students who pursue career training that lead to employment in quality jobs?,Career Readiness & Economic Success,E-W System Conditions,PS,Access to in-demand CTE pathways,Number and percentage of CTE program offerings considered “in demand”,CTE program,Found,CTEProgramServiceDescriptor,,,,Student Data Application Guide,Automated,Available,,,,,,,,,,,
15. Are there quality pathways for students who pursue career training that lead to employment in quality jobs?,Career Readiness & Economic Success,E-W System Conditions,PS,Access to in-demand CTE pathways,Number and percentage of CTE program offerings considered “in demand”,In-demand status,Not Found,N/A,,,,,Semi-Automated,Partially Available,"A public/private partnership between the Alabama State Department of Education, Alabamaâ€™s employers and industry leaders, and CTE+CTSO teachers and students, the Alabama Career and Technical Student Organizations (https://alabamactso.org/) publishes Impact Reports (linked here) with numbers of credentials earned in ""high-wage, high-demand industries."" The report does not document how it defines high impact or demand, and it is not clear if the report captures all CTE students in the state.",,,,,,,,,,
15. Are there quality pathways for students who pursue career training that lead to employment in quality jobs?,Career Readiness & Economic Success,Outcomes & Milestones,K12,CTE pathway concentration,Percentage of 12th-grade students enrolled in CTE who complete three or more CTE courses in a single pathway,Student grade level,Found,StudentSchoolAssociation.EntryGradeLevel,Found,FactK12Enrollments.EntryGradeId,,ALSDE Data Code Manual,Automated,Available,,,"select
	'Number of Students (Grade 1 and 2)' AS DataElementName,
    'RecordCount' AS CharacteristicType,
	CAST(COUNT(*) AS NVARCHAR(MAX)) AS Value,
    NULL AS Remarks
    from
        RDS.FactK12StudentEnrollments f
        join RDS.DimGradeLevels g on f.EntryGradeLevelId = g.DimGradeLevelId
    where
         g.GradeLevelCode in ('01', '02')",,,,,,,,
15. Are there quality pathways for students who pursue career training that lead to employment in quality jobs?,Career Readiness & Economic Success,Outcomes & Milestones,K12,CTE pathway concentration,Percentage of 12th-grade students enrolled in CTE who complete three or more CTE courses in a single pathway,Course ID or course title,Found,"Course.CourseCode, Course.CourseTitle",,,,Student Data Application Guide,Automated,Available,p. 57,,,,,,,,,,
15. Are there quality pathways for students who pursue career training that lead to employment in quality jobs?,Career Readiness & Economic Success,Outcomes & Milestones,K12,CTE pathway concentration,Percentage of 12th-grade students enrolled in CTE who complete three or more CTE courses in a single pathway,CTE pathway or career cluster associated with CTE course,Found,"StudentSectionAssociation.Section.CourseOffering.Course.CourseLevelCharactertistic = 'Career and Technical Education', StudentSectionAssociation.Section.CourseOffering.Course.CareerPathway, StudentSectionAssociation.StudentUSI",,,,,Automated,Available,"The Perkins State Enrollment Data dashboard for Alabama (linked here) breaks out data by career cluster, suggesting that the state collects career cluster data.",,,,,,,,,,
15. Are there quality pathways for students who pursue career training that lead to employment in quality jobs?,Career Readiness & Economic Success,Outcomes & Milestones,K12,CTE pathway concentration,Percentage of 12th-grade students enrolled in CTE who complete three or more CTE courses in a single pathway,CTE course completion,Found,"CourseTranscript.Course.AcademicSubject, CourseTranscript.CourseAttempResultDescriptor, CourseTranscript.Course.CourseLevelCharacteristicDescriptor, CourseTranscript.StudentAcademicRecord.StudentUSI",,,,Student Data Application Guide,Automated,Available,p. 57,,,,,,,,,,
15. Are there quality pathways for students who pursue career training that lead to employment in quality jobs?,Career Readiness & Economic Success,Outcomes & Milestones,PS,CTE pathway concentration,Percentage of CTE students who earn at least 12 credits within a CTE program or complete such a program if it encompasses fewer than 12 credits in total,CTE course enrollment,Found,"StudentSectionAssociation.Section.CourseOffering.Course.CourseLevelCharactertistic = 'Career and Technical Education', StudentSectionAssociation.StudentUSI",,,,,Automated,Available,"Alabama's Perkins data reporting to the federal government (linked here) includes data on CTE participants, from which we infer that the state collects data on CTE course enrollment.",,,,,,,,,,
15. Are there quality pathways for students who pursue career training that lead to employment in quality jobs?,Career Readiness & Economic Success,Outcomes & Milestones,PS,CTE pathway concentration,Percentage of CTE students who earn at least 12 credits within a CTE program or complete such a program if it encompasses fewer than 12 credits in total,CTE course ID or course title,Found,"StudentSectionAssociation.Section.CourseOffering.Course.CourseLevelCharactertistic = 'Career and Technical Education', StudentSectionAssociation.Section.CourseOffering.Course.CourseCode, StudentSectionAssociation.Section.CourseOffering.Course.CourseTitle, StudentSectionAssociation.StudentUSI",,,,,Automated,Available,"Alabama's Perkins data reporting to the federal government (linked here) includes data on CTE participants, from which we infer that the state collects data on  enrollment in courses identified as CTE courses.",,,,,,,,,,
15. Are there quality pathways for students who pursue career training that lead to employment in quality jobs?,Career Readiness & Economic Success,Outcomes & Milestones,PS,CTE pathway concentration,Percentage of CTE students who earn at least 12 credits within a CTE program or complete such a program if it encompasses fewer than 12 credits in total,CTE course completion,Found,"CourseTranscript.Course.AcademicSubject, CourseTranscript.CourseAttempResultDescriptor, CourseTranscript.Course.CourseLevelCharacteristicDescriptor, CourseTranscript.StudentAcademicRecord.StudentUSI",,,,Student Data Application Guide,Automated,Available,p. 57,,,,,,,,,,
15. Are there quality pathways for students who pursue career training that lead to employment in quality jobs?,Career Readiness & Economic Success,E-W System Conditions,WF,Expenditures on workforce development programs,The amount of funding dedicated to workforce development programs as a percentage of total educational funding in a state,Funding dedicated to workforce development programs,Not Found,N/A,,,,,Manual,Not Available,,,,,,,,,,,
15. Are there quality pathways for students who pursue career training that lead to employment in quality jobs?,Career Readiness & Economic Success,E-W System Conditions,WF,Expenditures on workforce development programs,The amount of funding dedicated to workforce development programs as a percentage of total educational funding in a state,Total educational funding,Not Found,N/A,,,,,Manual,Not Available,,,,,,,,,,,
15. Are there quality pathways for students who pursue career training that lead to employment in quality jobs?,Career Readiness & Economic Success,Outcomes & Milestones,K12,Participation in work-based learning,Percentage of students who participate in a work-based learning opportunity before graduation,Student grade level,Found,StudentSchoolAssociation.EntryGradeLevel,Found,FactK12Enrollments.EntryGradeId,,ALSDE Data Code Manual,Automated,Available,,,,,,,,,,,
15. Are there quality pathways for students who pursue career training that lead to employment in quality jobs?,Career Readiness & Economic Success,Outcomes & Milestones,K12,Participation in work-based learning,Percentage of students who participate in a work-based learning opportunity before graduation,Participation in work-based learning,Not Found,N/A,,,,,Manual,Not Available,,,,,,,,,,,
15. Are there quality pathways for students who pursue career training that lead to employment in quality jobs?,Career Readiness & Economic Success,Outcomes & Milestones,PS,Participation in work-based learning,Percentage of students who participate in a work-based learning opportunity before graduation,Student grade level or year,Found,StudentSchoolAssociation.EntryGradeLevel,,,,,Automated,Available,,,,,,,,,,,
15. Are there quality pathways for students who pursue career training that lead to employment in quality jobs?,Career Readiness & Economic Success,Outcomes & Milestones,PS,Participation in work-based learning,Percentage of students who participate in a work-based learning opportunity before graduation,Participation in work-based learning,Not Found,N/A,,,,,Manual,Not Available,,,,,,,,,,,
15. Are there quality pathways for students who pursue career training that lead to employment in quality jobs?,Career Readiness & Economic Success,Outcomes & Milestones,WF,Participation in work-based learning,Percentage of workforce training program participants who participate in a work-based learning opportunity before program completion,Enrollment in workforce training program,Not Found,N/A,,,,,Semi-Automated,Partially Available,"The workforce Innovation Opportunity Act (WIOA) ""requires Titles I and III programs to submit programmatic performance data to the Department of Labor (WIOA sec. 116 (d)); states report data annually through the ETA-9169 (OMB Control Number 1205-0526) reporting template."" The U.S. Department of Labor reports the resulting data on WIOA Adult, Dislocated Worker, and Youth Programs as well as Wagner-Peyser programs. Reports include such data as total number of participants receiving training, employment rates two and four quarters after exit, median earnings. For all programs except Wagner-Peyser, it reports on credential attainment rates and measurable skill gains. (See linked dashboard). In addition, the U.S. Department of Labor reports on data quality, system reach, and services (among other indicators) in its State Workforce Services dashboards (https://www.dol.gov/agencies/eta/datahub/state-dashboards). The data are of course limited to WIOA participants.",,,,,,,,,,
15. Are there quality pathways for students who pursue career training that lead to employment in quality jobs?,Career Readiness & Economic Success,Outcomes & Milestones,WF,Participation in work-based learning,Percentage of workforce training program participants who participate in a work-based learning opportunity before program completion,Participation in work-based learning,Not Found,N/A,,,,,Manual,Not Available,,,,,,,,,,,
16. Are students matriculating to well-matched postsecondary institutions that successfully graduate their students with credentials of value?,Career Readiness & Economic Success,Outcomes & Milestones,"K12, PS",College match,Percentage of students enrolling in colleges that match their academic qualifications,College selectivity level,Not Found,N/A,Partial,DimPSInstitutions.InstitutionLevel,,"National Student Clearinghouse, IPEDS",Manual,Partially Available,Requires matching student qualifications to institution selectivity,Challenge,,,,,,,,,
16. Are students matriculating to well-matched postsecondary institutions that successfully graduate their students with credentials of value?,Career Readiness & Economic Success,Outcomes & Milestones,"K12, PS",Institution graduation rate,Graduation rate of postsecondary institutions attended,Institution graduation rate,Not Found,N/A,Found,DimPSInstitutions.GraduationRate,,IPEDS,Automated,Available,Published annually by Department of Education,Established,,,,,,,,,
17. Do students attend postsecondary institutions that provide adequate financial aid and are adequately funded to offer a quality educational experience?,Career Readiness & Economic Success,Contextual Factors,PS,Financial aid,Average financial aid package,Financial aid amount,Not Found,N/A,Found,FactPSStudentFinancialAid.FinancialAidAmount,,National Postsecondary Student Aid Study,Hybrid,Partially Available,Detailed data available only for sample of students,Challenge,,,,,,,,,
17. Do students attend postsecondary institutions that provide adequate financial aid and are adequately funded to offer a quality educational experience?,Career Readiness & Economic Success,Contextual Factors,PS,Institution funding,Per-student expenditure at postsecondary institution,Institutional expenditure per student,Not Found,N/A,Found,FactPSInstitutionExpenditures.TotalExpenditureAmount,,IPEDS,Automated,Available,Published annually by Department of Education,Established,,,,,,,,,
18. Are students experiencing sufficient early momentum in postsecondary education to be on track for on-time completion?,Academic Progress & Completion,Outcomes & Milestones,PS,Credit accumulation,Percentage of first-year students earning sufficient credits to be on track,Credits earned in first year,Not Found,N/A,Not Found,N/A,N/A,National Student Clearinghouse,Automated,Available,Sufficient typically means 30 credits for 4-year institutions,Established,Missing elements in CEDS DWH:Credits Earned Cumulative ,Missing elements in CEDS DWH:Credits Earned Cumulative ,,,,,,,
18. Are students experiencing sufficient early momentum in postsecondary education to be on track for on-time completion?,Academic Progress & Completion,Outcomes & Milestones,PS,Gateway course completion,Percentage of students completing gateway math and English courses in first year,Gateway course completion,Not Found,N/A,Not Found,N/A,N/A,National Student Clearinghouse,Automated,Partially Available,"Definition of ""gateway"" courses varies by institution",Challenge,Missing elements in CEDS DWH:Credits Earned Cumulative ,Missing elements in CEDS DWH:Credits Earned Cumulative ,,,,,,,
19. Are students completing credentials of value after high school that set them up for success in the workforce?,Career Readiness & Economic Success,Outcomes & Milestones,"PS, WF",Postsecondary credential completion,Percentage of students who complete a postsecondary credential,Postsecondary credential earned,Not Found,N/A,Found,FactPSStudentAcademicAwards.PSAcademicAwardLevelId,,National Student Clearinghouse,Hybrid,Available,Requires data sharing agreement with NSC,Established,,,,,,,,,
19. Are students completing credentials of value after high school that set them up for success in the workforce?,Career Readiness & Economic Success,Outcomes & Milestones,"PS, WF",Credential value,Return on investment of credential,Post-credential earnings,Not Found,N/A,Not Found,N/A,,"College Scorecard, State Unemployment Insurance",Manual,Partially Available,Requires data sharing agreement with workforce agencies,Challenge,,,,,,,,,
20. Are students gaining access to quality jobs that offer economic mobility and security after high school or postsecondary training and education?,Career Readiness & Economic Success,Outcomes & Milestones,WF,Employment rate,Percentage of graduates employed within one year,Employment status,Not Found,N/A,Not Found,N/A,,State Unemployment Insurance,Manual,Partially Available,Requires data sharing agreement with workforce agencies,Challenge,,,,,,,,,
20. Are students gaining access to quality jobs that offer economic mobility and security after high school or postsecondary training and education?,Career Readiness & Economic Success,Outcomes & Milestones,WF,Earnings,Median earnings of graduates,Earnings amount,Not Found,N/A,Not Found,N/A,,"State Unemployment Insurance, Social Security Administration",Manual,Partially Available,Requires data sharing agreement with workforce agencies,Challenge,,,,,,,,,
20. Are students gaining access to quality jobs that offer economic mobility and security after high school or postsecondary training and education?,Career Readiness & Economic Success,Outcomes & Milestones,WF,Job quality,Percentage of graduates in jobs with benefits,Benefits availability,Not Found,N/A,Not Found,N/A,,"Bureau of Labor Statistics, State Workforce Surveys",Manual,Not Available,Limited data sources for benefits by occupation,Heavy Lift,,,,,,,,,
16. Are students matriculating to well-matched postsecondary institutions that successfully graduate their students with credentials of value?,Academic Progress & Completion,Outcomes & Milestones,K12,Selection of a well-matched postsecondary institution,"Percentage of high school seniors who select a college within 10 percentage points of the best matched postsecondary institution to which they were admitted, based on the institution’s graduation rate for similar students by race, ethnicity, or income status (as measured by Pell Grant receipt).",High school graduation indicator,Found,"StudentAcademicRecord.Diploma.Achievement, StudentAcademicRecord.Diploma.DiplomaType",Found,FactK12StudentEnrollments .K12StudentId	,FactK12StudentEnrollments .K12StudentId	,ALSDE Data Code Manual,Automated,Available,,,"SELECT  
    'Number of Students who graduated High School' AS DataElementName,
    'RecordCount' AS CharacteristicType,  
    COUNT(f.K12StudentId) AS Value,
    NULL AS Remarks
FROM rds.FactK12StudentEnrollments f 
JOIN RDS.DimGradeLevels g ON f.EntryGradeLevelId = g.DimGradeLevelId
JOIN RDS.DimK12EnrollmentStatuses e ON e.ExitOrWithdrawalTypeCode = f.K12EnrollmentStatusId
where   g.GradeLevelCode in ('12')
AND e.ExitOrWithdrawalTypeCode in ('Graduated with regular', 'advanced', 'International Baccalaureate')","SELECT  
    'Number of Students who graduated High School' AS DataElementName,
    'RecordCount' AS CharacteristicType,  
    COUNT(f.K12StudentId) AS Value,
    NULL AS Remarks
FROM rds.FactK12StudentEnrollments f 
JOIN RDS.DimGradeLevels g ON f.EntryGradeLevelId = g.DimGradeLevelId
JOIN RDS.DimK12EnrollmentStatuses e ON e.ExitOrWithdrawalTypeCode = f.K12EnrollmentStatusId
where   g.GradeLevelCode in ('12')
AND e.ExitOrWithdrawalTypeCode in ('Graduated with regular', 'advanced', 'International Baccalaureate')",,,,,,,
16. Are students matriculating to well-matched postsecondary institutions that successfully graduate their students with credentials of value?,Academic Progress & Completion,Outcomes & Milestones,K12,Selection of a well-matched postsecondary institution,"Percentage of high school seniors who select a college within 10 percentage points of the best matched postsecondary institution to which they were admitted, based on the institution’s graduation rate for similar students by race, ethnicity, or income status (as measured by Pell Grant receipt).",Postsecondary enrollment date,Partial,StudentSchoolAssociation.EntryDate,Found,FactPsStudentEnrollments.PsStudentId,FactPsStudentEnrollments.PsStudentId,ACHE Data Dictionary,Automated,Available,,,"SELECT  
    'Number of Students enrolled in PS' AS DataElementName,
    'RecordCount' AS CharacteristicType,  
    COUNT(PsStudentId) AS Value,
    NULL AS Remarks
FROM rds.FactPsStudentEnrollments 
where EnrollmentEntryDateId is not null","SELECT  
    'Number of Students enrolled in PS' AS DataElementName,
    'RecordCount' AS CharacteristicType,  
    COUNT(PsStudentId) AS Value,
    NULL AS Remarks
FROM rds.FactPsStudentEnrollments 
where EnrollmentEntryDateId is not null",,,,,,,
16. Are students matriculating to well-matched postsecondary institutions that successfully graduate their students with credentials of value?,Academic Progress & Completion,Outcomes & Milestones,K12,Selection of a well-matched postsecondary institution,"Percentage of high school seniors who select a college within 10 percentage points of the best matched postsecondary institution to which they were admitted, based on the institution’s graduation rate for similar students by race, ethnicity, or income status (as measured by Pell Grant receipt).",Postsecondary Institution ID,Partial,PostSecondaryInstitutionId,Found,FactPsStudentEnrollments.PsInstitutionID,FactPsStudentEnrollments.PsInstitutionID,ACHE Data Dictionary,Automated,Available,,,"SELECT  
    'Number of PS Institutes' AS DataElementName,
    'RecordCount' AS CharacteristicType,  
    COUNT(PsInstitutionID) AS Value,
    NULL AS Remarks
FROM rds.FactPsStudentEnrollments f
where PsInstitutionID is not null","SELECT  
    'Number of PS Institutes' AS DataElementName,
    'RecordCount' AS CharacteristicType,  
    COUNT(PsInstitutionID) AS Value,
    NULL AS Remarks
FROM rds.FactPsStudentEnrollments f
where PsInstitutionID is not null",,,,,,,
16. Are students matriculating to well-matched postsecondary institutions that successfully graduate their students with credentials of value?,Academic Progress & Completion,Outcomes & Milestones,K12,Selection of a well-matched postsecondary institution,"Percentage of high school seniors who select a college within 10 percentage points of the best matched postsecondary institution to which they were admitted, based on the institution’s graduation rate for similar students by race, ethnicity, or income status (as measured by Pell Grant receipt).","PS institution graduation rate, by race/ethnicity and Pell grant receipt",Not Found,N/A,Not Found,N/A,N/A,,Automated,Available,"Some reports published by the Alabama Commission on Higher Education disggregate results by race, ethnicity and Pell eligibility. (Example linked here). We infer from this that the state collects data on Pell eligibility.",,Missing CEDS connect,Missing CEDS connect,,,,,,,
16. Are students matriculating to well-matched postsecondary institutions that successfully graduate their students with credentials of value?,Academic Progress & Completion,Outcomes & Milestones,K12,Selection of a well-matched postsecondary institution,"Percentage of high school seniors who select a college within 10 percentage points of the best matched postsecondary institution to which they were admitted, based on the institution’s graduation rate for similar students by race, ethnicity, or income status (as measured by Pell Grant receipt).",High school graduation indicator,Found,"StudentAcademicRecord.Diploma.Achievement, StudentAcademicRecord.Diploma.DiplomaType",Found,FactK12StudentEnrollments .K12StudentId	,FactK12StudentEnrollments .K12StudentId	,ALSDE Data Code Manual,Automated,Available,,,"SELECT  
    'Number of Students who graduated High School' AS DataElementName,
    'RecordCount' AS CharacteristicType,  
    COUNT(f.K12StudentId) AS Value,
    NULL AS Remarks
FROM rds.FactK12StudentEnrollments f 
JOIN RDS.DimGradeLevels g ON f.EntryGradeLevelId = g.DimGradeLevelId
JOIN RDS.DimK12EnrollmentStatuses e ON e.ExitOrWithdrawalTypeCode = f.K12EnrollmentStatusId
where   g.GradeLevelCode in ('12')
AND e.ExitOrWithdrawalTypeCode in ('Graduated with regular', 'advanced', 'International Baccalaureate')","SELECT  
    'Number of Students who graduated High School' AS DataElementName,
    'RecordCount' AS CharacteristicType,  
    COUNT(f.K12StudentId) AS Value,
    NULL AS Remarks
FROM rds.FactK12StudentEnrollments f 
JOIN RDS.DimGradeLevels g ON f.EntryGradeLevelId = g.DimGradeLevelId
JOIN RDS.DimK12EnrollmentStatuses e ON e.ExitOrWithdrawalTypeCode = f.K12EnrollmentStatusId
where   g.GradeLevelCode in ('12')
AND e.ExitOrWithdrawalTypeCode in ('Graduated with regular', 'advanced', 'International Baccalaureate')",,,,,,,
16. Are students matriculating to well-matched postsecondary institutions that successfully graduate their students with credentials of value?,Academic Progress & Completion,Outcomes & Milestones,PS,Selection of a well-matched postsecondary institution,"Percentage of high school seniors who select a college within 10 percentage points of the best matched postsecondary institution to which they were admitted, based on the institution’s graduation rate for similar students by race, ethnicity, or income status (as measured by Pell Grant receipt).",Postsecondary enrollment date,Partial,StudentSchoolAssociation.EntryDate,Found,FactPsStudentEnrollments.PsStudentId,FactPsStudentEnrollments.PsStudentId,ACHE Data Dictionary,Automated,Available,,,"SELECT  
    'Number of Students enrolled in PS' AS DataElementName,
    'RecordCount' AS CharacteristicType,  
    COUNT(PsStudentId) AS Value,
    NULL AS Remarks
FROM rds.FactPsStudentEnrollments 
where EnrollmentEntryDateId is not null","SELECT  
    'Number of Students enrolled in PS' AS DataElementName,
    'RecordCount' AS CharacteristicType,  
    COUNT(PsStudentId) AS Value,
    NULL AS Remarks
FROM rds.FactPsStudentEnrollments 
where EnrollmentEntryDateId is not null",,,,,,,
16. Are students matriculating to well-matched postsecondary institutions that successfully graduate their students with credentials of value?,Academic Progress & Completion,Outcomes & Milestones,PS,Selection of a well-matched postsecondary institution,"Percentage of high school seniors who select a college within 10 percentage points of the best matched postsecondary institution to which they were admitted, based on the institution’s graduation rate for similar students by race, ethnicity, or income status (as measured by Pell Grant receipt).",Postsecondary Institution ID,Partial,PostSecondaryInstitutionId,Found,FactPsStudentEnrollments.PsInstitutionID,FactPsStudentEnrollments.PsInstitutionID,ACHE Data Dictionary,Automated,Available,,,"SELECT  
    'Number of PS Institutes' AS DataElementName,
    'RecordCount' AS CharacteristicType,  
    COUNT(PsInstitutionID) AS Value,
    NULL AS Remarks
FROM rds.FactPsStudentEnrollments f
where PsInstitutionID is not null","SELECT  
    'Number of PS Institutes' AS DataElementName,
    'RecordCount' AS CharacteristicType,  
    COUNT(PsInstitutionID) AS Value,
    NULL AS Remarks
FROM rds.FactPsStudentEnrollments f
where PsInstitutionID is not null",,,,,,,
16. Are students matriculating to well-matched postsecondary institutions that successfully graduate their students with credentials of value?,Academic Progress & Completion,Outcomes & Milestones,PS,Selection of a well-matched postsecondary institution,"Percentage of high school seniors who select a college within 10 percentage points of the best matched postsecondary institution to which they were admitted, based on the institution’s graduation rate for similar students by race, ethnicity, or income status (as measured by Pell Grant receipt).","PS institution graduation rate, by race/ethnicity and Pell grant receipt",Not Found,N/A,Not Found,N/A,N/A,,Automated,Available,"Some reports published by the Alabama Commission on Higher Education disggregate results by race, ethnicity and Pell eligibility. (Example linked here). We infer from this that the state collects data on Pell eligibility.",,Missing CEDS connect,Missing CEDS connect,,,,,,,
16. Are students matriculating to well-matched postsecondary institutions that successfully graduate their students with credentials of value?,Academic Progress & Completion,Outcomes & Milestones,PS,Postsecondary persistence,"Percentage of students in a cohort who continue enrolling in college (including transfers to other colleges) or complete a credential the following year, captured for up to 150 percent of program length. Other time frames, such as 100 and 200 percent of program length, should also be reported for this measure.",Postsecondary degree program length,Not Found,N/A,Not Found,N/A,N/A,,Manual,Not Available,"While we were not able to find a data element for typical degree program length, it is likely that the state calculates this information or assumes fixed lengths for different types of degrees.",,"Missing in CEDS DWH:Degree or Certificate Seeking Student ,Enrollment in Postsecondary Award Type,
Postsecondary Enrollment Type,Transfer-ready,Enrollment in Postsecondary Award
","Missing in CEDS DWH:Degree or Certificate Seeking Student ,Enrollment in Postsecondary Award Type,
Postsecondary Enrollment Type,Transfer-ready,Enrollment in Postsecondary Award
",,,,,,,
16. Are students matriculating to well-matched postsecondary institutions that successfully graduate their students with credentials of value?,Academic Progress & Completion,Outcomes & Milestones,PS,Postsecondary persistence,"Percentage of students in a cohort who continue enrolling in college (including transfers to other colleges) or complete a credential the following year, captured for up to 150 percent of program length. Other time frames, such as 100 and 200 percent of program length, should also be reported for this measure.",Enrollment status (current and prior years),Partial,StudentSchoolAssociation.EntryDate,Found,FactPsStudentEnrollments.PsEnrollmentStatusId,FactPsStudentEnrollments.PsEnrollmentStatusId,ACHE Data Dictionary,Automated,Available,,,"SELECT  
    'Number of PS Students with EnrollmentStatus' AS DataElementName,
    'RecordCount' AS CharacteristicType,  
    COUNT(PsEnrollmentStatusId) AS Value,
    NULL AS Remarks
FROM rds.FactPsStudentEnrollments f
where PsEnrollmentStatusId is not null","SELECT  
    'Number of PS Students with EnrollmentStatus' AS DataElementName,
    'RecordCount' AS CharacteristicType,  
    COUNT(PsEnrollmentStatusId) AS Value,
    NULL AS Remarks
FROM rds.FactPsStudentEnrollments f
where PsEnrollmentStatusId is not null",,,,,,,
16. Are students matriculating to well-matched postsecondary institutions that successfully graduate their students with credentials of value?,Academic Progress & Completion,Outcomes & Milestones,PS,Postsecondary persistence,"Percentage of students in a cohort who continue enrolling in college (including transfers to other colleges) or complete a credential the following year, captured for up to 150 percent of program length. Other time frames, such as 100 and 200 percent of program length, should also be reported for this measure.",Postsecondary credential attainment date,Partial,"StudentAcademicRecord.Diploma.Achievement, StudentAcademicRecord.Diploma.DiplomaType",Found,FactPsStudentAcademicAwards.AcademicAwardDateId,FactPsStudentAcademicAwards.AcademicAwardDateId,ACHE Data Dictionary,Automated,Available,,,"SELECT  
    'Number of PS Students with credential attainment date' AS DataElementName,
    'RecordCount' AS CharacteristicType,  
    COUNT(PsStudentId) AS Value,
    NULL AS Remarks
FROM rds.FactPsStudentAcademicAwards f
where AcademicAwardDateId is not null","SELECT  
    'Number of PS Students with credential attainment date' AS DataElementName,
    'RecordCount' AS CharacteristicType,  
    COUNT(PsStudentId) AS Value,
    NULL AS Remarks
FROM rds.FactPsStudentAcademicAwards f
where AcademicAwardDateId is not null",,,,,,,
16. Are students matriculating to well-matched postsecondary institutions that successfully graduate their students with credentials of value?,Academic Progress & Completion,Outcomes & Milestones,PS,Postsecondary certificate or degree completion,"Percentage of students completing a certificate, associate’s, or bachelor’s degree within 150 percent of the program's intended length. Other time frames, such as 100 percent and 200 percent of program length, should also be reported for this measure.",Postsecondary degree program length,Partial,"StudentAcademicRecord.Diploma.Achievement, StudentAcademicRecord.Diploma.DiplomaType",Not Found,N/A,N/A,,Manual,Not Available,"While we were not able to find a data element for typical degree program length, it is likely that the state calculates this information or assumes fixed lengths for different types of degrees.",,"Missing in CEDS DWH:Degree or Certificate Seeking Student ,Enrollment in Postsecondary Award Type,
Postsecondary Enrollment Type,Transfer-ready,Enrollment in Postsecondary Award
","Missing in CEDS DWH:Degree or Certificate Seeking Student ,Enrollment in Postsecondary Award Type,
Postsecondary Enrollment Type,Transfer-ready,Enrollment in Postsecondary Award
",,,,,,,
16. Are students matriculating to well-matched postsecondary institutions that successfully graduate their students with credentials of value?,Academic Progress & Completion,Outcomes & Milestones,PS,Postsecondary certificate or degree completion,"Percentage of students completing a certificate, associate’s, or bachelor’s degree within 150 percent of the program's intended length. Other time frames, such as 100 percent and 200 percent of program length, should also be reported for this measure.",Postsecondary enrollment date,Partial,StudentSchoolAssociation.EntryDate,Found,FactPsStudentEnrollments.PsStudentId,FactPsStudentEnrollments.PsStudentId,ACHE Data Dictionary,Automated,Available,,,"SELECT  
    'Number of Students enrolled in PS' AS DataElementName,
    'RecordCount' AS CharacteristicType,  
    COUNT(PsStudentId) AS Value,
    NULL AS Remarks
FROM rds.FactPsStudentEnrollments 
where EnrollmentEntryDateId is not null","SELECT  
    'Number of Students enrolled in PS' AS DataElementName,
    'RecordCount' AS CharacteristicType,  
    COUNT(PsStudentId) AS Value,
    NULL AS Remarks
FROM rds.FactPsStudentEnrollments 
where EnrollmentEntryDateId is not null",,,,,,,
16. Are students matriculating to well-matched postsecondary institutions that successfully graduate their students with credentials of value?,Academic Progress & Completion,Outcomes & Milestones,PS,Postsecondary certificate or degree completion,"Percentage of students completing a certificate, associate’s, or bachelor’s degree within 150 percent of the program's intended length. Other time frames, such as 100 percent and 200 percent of program length, should also be reported for this measure.",Postsecondary credential attainment date,Partial,StudentAcademicRecordDiploma.DiplomaAwardDate,Found,FactPsStudentAcademicAwards.AcademicAwardDateId,FactPsStudentAcademicAwards.AcademicAwardDateId,ACHE Data Dictionary,Automated,Available,,,"SELECT  
    'Number of PS Students with credential attainment date' AS DataElementName,
    'RecordCount' AS CharacteristicType,  
    COUNT(PsStudentId) AS Value,
    NULL AS Remarks
FROM rds.FactPsStudentAcademicAwards f
where AcademicAwardDateId is not null","SELECT  
    'Number of PS Students with credential attainment date' AS DataElementName,
    'RecordCount' AS CharacteristicType,  
    COUNT(PsStudentId) AS Value,
    NULL AS Remarks
FROM rds.FactPsStudentAcademicAwards f
where AcademicAwardDateId is not null",,,,,,,
16. Are students matriculating to well-matched postsecondary institutions that successfully graduate their students with credentials of value?,Career Readiness & Economic Success,Outcomes & Milestones,PS,Minimum economic return,Percentage of individuals that earn at least as much as the median high school graduate in their state plus enough to recoup their total net price plus interest (if they pursued postsecondary education) within 10 years of completing their highest degree or leaving education (high school or postsecondary),High school graduation date,Found,Diploma.DiplomaAwardDate,,,,ALSDE Data Code Manual,Automated,Available,,,,,,,,,,,
16. Are students matriculating to well-matched postsecondary institutions that successfully graduate their students with credentials of value?,Career Readiness & Economic Success,Outcomes & Milestones,PS,Minimum economic return,Percentage of individuals that earn at least as much as the median high school graduate in their state plus enough to recoup their total net price plus interest (if they pursued postsecondary education) within 10 years of completing their highest degree or leaving education (high school or postsecondary),Postsecondary degree attainment date,Partial,StudentAcademicRecordDiploma.DiplomaAwardDate,,,,ACHE Data Dictionary,Automated,Available,,,,,,,,,,,
16. Are students matriculating to well-matched postsecondary institutions that successfully graduate their students with credentials of value?,Career Readiness & Economic Success,Outcomes & Milestones,PS,Minimum economic return,Percentage of individuals that earn at least as much as the median high school graduate in their state plus enough to recoup their total net price plus interest (if they pursued postsecondary education) within 10 years of completing their highest degree or leaving education (high school or postsecondary),Earnings,Not Found,N/A,,,,,Automated,Available,Employment Outcomes Report 2022,,,,,,,,,,
16. Are students matriculating to well-matched postsecondary institutions that successfully graduate their students with credentials of value?,Career Readiness & Economic Success,Outcomes & Milestones,PS,Minimum economic return,Percentage of individuals that earn at least as much as the median high school graduate in their state plus enough to recoup their total net price plus interest (if they pursued postsecondary education) within 10 years of completing their highest degree or leaving education (high school or postsecondary),Total net price of education plus interest,Not Found,N/A,,,,,Automated,Available,College Navigator includes net price information,,,,,,,,,,
16. Are students matriculating to well-matched postsecondary institutions that successfully graduate their students with credentials of value?,Career Readiness & Economic Success,Outcomes & Milestones,WF,Minimum economic return,Percentage of individuals that earn at least as much as the median high school graduate in their state plus enough to recoup their total net price plus interest (if they pursued postsecondary education) within 10 years of completing their highest degree or leaving education (high school or postsecondary),High school graduation date,Not Found,N/A,,,,ALSDE Data Code Manual,Automated,Available,,,,,,,,,,,
16. Are students matriculating to well-matched postsecondary institutions that successfully graduate their students with credentials of value?,Career Readiness & Economic Success,Outcomes & Milestones,WF,Minimum economic return,Percentage of individuals that earn at least as much as the median high school graduate in their state plus enough to recoup their total net price plus interest (if they pursued postsecondary education) within 10 years of completing their highest degree or leaving education (high school or postsecondary),Postsecondary degree attainment date,Not Found,N/A,,,,ACHE Data Dictionary,Automated,Available,,,,,,,,,,,
16. Are students matriculating to well-matched postsecondary institutions that successfully graduate their students with credentials of value?,Career Readiness & Economic Success,Outcomes & Milestones,WF,Minimum economic return,Percentage of individuals that earn at least as much as the median high school graduate in their state plus enough to recoup their total net price plus interest (if they pursued postsecondary education) within 10 years of completing their highest degree or leaving education (high school or postsecondary),Earnings,Not Found,N/A,,,,,Automated,Available,Employment Outcomes Report 2022,,,,,,,,,,
16. Are students matriculating to well-matched postsecondary institutions that successfully graduate their students with credentials of value?,Career Readiness & Economic Success,Outcomes & Milestones,WF,Minimum economic return,Percentage of individuals that earn at least as much as the median high school graduate in their state plus enough to recoup their total net price plus interest (if they pursued postsecondary education) within 10 years of completing their highest degree or leaving education (high school or postsecondary),Total net price of education plus interest,Not Found,N/A,,,,,Automated,Available,College Navigator includes net price information,,,,,,,,,,
16. Are students matriculating to well-matched postsecondary institutions that successfully graduate their students with credentials of value?,Career Readiness & Economic Success,E-W System Conditions,PS,Unmet financial need,"Average net price (cost of attendance minus grants, scholarships, or tuition waivers from all sources) minus average expected family contribution (EFC), as calculated by Free Application for Federal Student Aid (FAFSA)",Average cost of attendance,Not Found,N/A,,,,,Semi-Automated,Partially Available,"The U.S. Department of Education's College Score Card (linked here) includes data on the average net price of attending institutions: ""Cost includes tuition, living costs, books and supplies, and fees minus the average grants and scholarships for federal financial aid recipients."" The data necessary to calculate average net cost are submitted by instutitions to the U.S. Department of Education. The Department does not produce an aggregate average net cost at the state level.",,,,,,,,,,
16. Are students matriculating to well-matched postsecondary institutions that successfully graduate their students with credentials of value?,Career Readiness & Economic Success,E-W System Conditions,PS,Unmet financial need,"Average net price (cost of attendance minus grants, scholarships, or tuition waivers from all sources) minus average expected family contribution (EFC), as calculated by Free Application for Federal Student Aid (FAFSA)",Average value of grants,Not Found,N/A,,,,,Semi-Automated,Partially Available,"The U.S. Department of Education's College Score Card (linked here) includes data on the average net price of attending institutions: ""Cost includes tuition, living costs, books and supplies, and fees minus the average grants and scholarships for federal financial aid recipients."" The data necessary to calculate average net cost are submitted by instutitions to the U.S. Department of Education. The Department does not produce an aggregate average net cost at the state level.",,,,,,,,,,
16. Are students matriculating to well-matched postsecondary institutions that successfully graduate their students with credentials of value?,Career Readiness & Economic Success,E-W System Conditions,PS,Unmet financial need,"Average net price (cost of attendance minus grants, scholarships, or tuition waivers from all sources) minus average expected family contribution (EFC), as calculated by Free Application for Federal Student Aid (FAFSA)",Average value of scholarships,Not Found,N/A,,,,,Semi-Automated,Partially Available,"The U.S. Department of Education's College Score Card (linked here) includes data on the average net price of attending institutions: ""Cost includes tuition, living costs, books and supplies, and fees minus the average grants and scholarships for federal financial aid recipients."" The data necessary to calculate average net cost are submitted by instutitions to the U.S. Department of Education. The Department does not produce an aggregate average net cost at the state level.",,,,,,,,,,
16. Are students matriculating to well-matched postsecondary institutions that successfully graduate their students with credentials of value?,Career Readiness & Economic Success,E-W System Conditions,PS,Unmet financial need,"Average net price (cost of attendance minus grants, scholarships, or tuition waivers from all sources) minus average expected family contribution (EFC), as calculated by Free Application for Federal Student Aid (FAFSA)",Average value of tuition waivers,Not Found,N/A,,,,,Semi-Automated,Partially Available,"The U.S. Department of Education's College Score Card (linked here) includes data on the average net price of attending institutions: ""Cost includes tuition, living costs, books and supplies, and fees minus the average grants and scholarships for federal financial aid recipients."" The data necessary to calculate average net cost are submitted by instutitions to the U.S. Department of Education. The Department does not produce an aggregate average net cost at the state level.",,,,,,,,,,
16. Are students matriculating to well-matched postsecondary institutions that successfully graduate their students with credentials of value?,Career Readiness & Economic Success,E-W System Conditions,PS,Unmet financial need,"Average net price (cost of attendance minus grants, scholarships, or tuition waivers from all sources) minus average expected family contribution (EFC), as calculated by Free Application for Federal Student Aid (FAFSA)",Average expected family contribution (EFC),Not Found,N/A,,,,,Semi-Automated,Partially Available,Expected Family Contribution can be calculated from data on FAFSA forms. (Explanation linked here),,,,,,,,,,
16. Are students matriculating to well-matched postsecondary institutions that successfully graduate their students with credentials of value?,Career Readiness & Economic Success,E-W System Conditions,PS,Cumulative student debt,Median student debt,Median student debt,Not Found,N/A,,,,,Semi-Automated,Partially Available,,Challenge,,,,,,,,,
16. Are students matriculating to well-matched postsecondary institutions that successfully graduate their students with credentials of value?,Career Readiness & Economic Success,E-W System Conditions,WF,Cumulative student debt,Median student debt,Median student debt,Not Found,N/A,,,,,Semi-Automated,Partially Available,,Challenge,,,,,,,,,
16. Are students matriculating to well-matched postsecondary institutions that successfully graduate their students with credentials of value?,Career Readiness & Economic Success,E-W System Conditions,K12,Access to college and career advising,Ratio of number of students to number of Full-time equivalent (FTE) counselors,Staff type or role description,Found,"StaffEducationOrganizationAssignmentAssociation.PositionTitle,  StaffEducationOrganizationAssignmentAssociation.StaffClassificationDescriptor (would need data from previous years)",,,,ALSDE Data Code Manual,Automated,Available,,,,,,,,,,,
16. Are students matriculating to well-matched postsecondary institutions that successfully graduate their students with credentials of value?,Career Readiness & Economic Success,E-W System Conditions,K12,Access to college and career advising,Ratio of number of students to number of Full-time equivalent (FTE) counselors,Staff FTE status,Found,staffEducationOrganizationEmploymentAssociation.FullTimeEquivalency,,,,ALSDE Data Code Manual,Automated,Available,,,,,,,,,,,
16. Are students matriculating to well-matched postsecondary institutions that successfully graduate their students with credentials of value?,Career Readiness & Economic Success,E-W System Conditions,PS,Access to college and career advising,Percentage of students using academic advising and career counseling services,Advising and counseling service utilization,Not Found,N/A,,,,,Manual,Not Available,,,,,,,,,,,
16. Are students matriculating to well-matched postsecondary institutions that successfully graduate their students with credentials of value?,Academic Progress & Completion,E-W System Conditions,K12,Institutions' contributions to student outcomes,"Schools’ contributions to student outcomes, including achievement, attendance, social-emotional learning, college enrollment, and earnings, using value-added models",School value-added,Not Found,N/A,Not Found,N/A,N/A,,Manual,Not Available,,,N/A,N/A,,,,,,,
16. Are students matriculating to well-matched postsecondary institutions that successfully graduate their students with credentials of value?,Academic Progress & Completion,E-W System Conditions,PS,Institutions' contributions to student outcomes,"Colleges’ contributions to student outcomes, including graduation rates, earnings, and student loan repayment, using value-added models",College value-added,Not Found,N/A,Not Found,N/A,N/A,,Manual,Not Available,,,N/A,N/A,,,,,,,
16. Are students matriculating to well-matched postsecondary institutions that successfully graduate their students with credentials of value?,Academic Progress & Completion,Outcomes & Milestones,K12,Senior summer on track,Percentage of high school graduates reporting intentions to enroll in postsecondary education in the fall who successfully enroll in a postsecondary institution by October 31 following their high school graduation,High school graduation indicator,Found,"StudentAcademicRecord.Diploma.Achievement, StudentAcademicRecord.Diploma.DiplomaType",Found,FactK12StudentEnrollments .K12StudentId,FactK12StudentEnrollments .K12StudentId,ALSDE Data Code Manual,Automated,Available,,,"SELECT  
    'Number of Students who graduated High School' AS DataElementName,
    'RecordCount' AS CharacteristicType,  
    COUNT(f.K12StudentId) AS Value,
    NULL AS Remarks
FROM rds.FactK12StudentEnrollments f 
JOIN RDS.DimGradeLevels g ON f.EntryGradeLevelId = g.DimGradeLevelId
JOIN RDS.DimK12EnrollmentStatuses e ON e.ExitOrWithdrawalTypeCode = f.K12EnrollmentStatusId
where   g.GradeLevelCode in ('12')
AND e.ExitOrWithdrawalTypeCode in ('Graduated with regular', 'advanced', 'International Baccalaureate')","SELECT  
    'Number of Students who graduated High School' AS DataElementName,
    'RecordCount' AS CharacteristicType,  
    COUNT(f.K12StudentId) AS Value,
    NULL AS Remarks
FROM rds.FactK12StudentEnrollments f 
JOIN RDS.DimGradeLevels g ON f.EntryGradeLevelId = g.DimGradeLevelId
JOIN RDS.DimK12EnrollmentStatuses e ON e.ExitOrWithdrawalTypeCode = f.K12EnrollmentStatusId
where   g.GradeLevelCode in ('12')
AND e.ExitOrWithdrawalTypeCode in ('Graduated with regular', 'advanced', 'International Baccalaureate')",,,,,,,
16. Are students matriculating to well-matched postsecondary institutions that successfully graduate their students with credentials of value?,Academic Progress & Completion,Outcomes & Milestones,K12,Senior summer on track,Percentage of high school graduates reporting intentions to enroll in postsecondary education in the fall who successfully enroll in a postsecondary institution by October 31 following their high school graduation,Reported intent to enroll in postsecondary education,Not Found,N/A,Not Found,N/A,N/A,,Manual,Not Available,,,"Missing elements in CEDS DWH:
DiplomaCredentialAwardDate , Intentions Following High School","Missing elements in CEDS DWH:
DiplomaCredentialAwardDate , Intentions Following High School",,,,,,,
16. Are students matriculating to well-matched postsecondary institutions that successfully graduate their students with credentials of value?,Academic Progress & Completion,Outcomes & Milestones,K12,Senior summer on track,Percentage of high school graduates reporting intentions to enroll in postsecondary education in the fall who successfully enroll in a postsecondary institution by October 31 following their high school graduation,Postsecondary enrollment date,Not Found,N/A,Found,"FactPsStudentEnrollments.PsStudentId
","FactPsStudentEnrollments.PsStudentId
",ACHE Data Dictionary,Automated,Available,,,"SELECT  
    'Number of Students enrolled in PS' AS DataElementName,
    'RecordCount' AS CharacteristicType,  
    COUNT(PsStudentId) AS Value,
    NULL AS Remarks
FROM rds.FactPsStudentEnrollments 
where EnrollmentEntryDateId is not null","SELECT  
    'Number of Students enrolled in PS' AS DataElementName,
    'RecordCount' AS CharacteristicType,  
    COUNT(PsStudentId) AS Value,
    NULL AS Remarks
FROM rds.FactPsStudentEnrollments 
where EnrollmentEntryDateId is not null",,,,,,,
16. Are students matriculating to well-matched postsecondary institutions that successfully graduate their students with credentials of value?,Academic Progress & Completion,Outcomes & Milestones,PS,Senior summer on track,Percentage of high school graduates reporting intentions to enroll in postsecondary education in the fall who successfully enroll in a postsecondary institution by October 31 following their high school graduation,High school graduation indicator,Found,"StudentAcademicRecord.Diploma.Achievement, StudentAcademicRecord.Diploma.DiplomaType",Found,FactK12StudentEnrollments .K12StudentId,FactK12StudentEnrollments .K12StudentId,ALSDE Data Code Manual,Automated,Available,,,"SELECT  
    'Number of Students who graduated High School' AS DataElementName,
    'RecordCount' AS CharacteristicType,  
    COUNT(f.K12StudentId) AS Value,
    NULL AS Remarks
FROM rds.FactK12StudentEnrollments f 
JOIN RDS.DimGradeLevels g ON f.EntryGradeLevelId = g.DimGradeLevelId
JOIN RDS.DimK12EnrollmentStatuses e ON e.ExitOrWithdrawalTypeCode = f.K12EnrollmentStatusId
where   g.GradeLevelCode in ('12')
AND e.ExitOrWithdrawalTypeCode in ('Graduated with regular', 'advanced', 'International Baccalaureate')","SELECT  
    'Number of Students who graduated High School' AS DataElementName,
    'RecordCount' AS CharacteristicType,  
    COUNT(f.K12StudentId) AS Value,
    NULL AS Remarks
FROM rds.FactK12StudentEnrollments f 
JOIN RDS.DimGradeLevels g ON f.EntryGradeLevelId = g.DimGradeLevelId
JOIN RDS.DimK12EnrollmentStatuses e ON e.ExitOrWithdrawalTypeCode = f.K12EnrollmentStatusId
where   g.GradeLevelCode in ('12')
AND e.ExitOrWithdrawalTypeCode in ('Graduated with regular', 'advanced', 'International Baccalaureate')",,,,,,,
16. Are students matriculating to well-matched postsecondary institutions that successfully graduate their students with credentials of value?,Academic Progress & Completion,Outcomes & Milestones,PS,Senior summer on track,Percentage of high school graduates reporting intentions to enroll in postsecondary education in the fall who successfully enroll in a postsecondary institution by October 31 following their high school graduation,Reported intent to enroll in postsecondary education,Not Found,N/A,Not Found,N/A,N/A,,Manual,Not Available,,,"Missing elements in CEDS DWH:
DiplomaCredentialAwardDate , Intentions Following High School","Missing elements in CEDS DWH:
DiplomaCredentialAwardDate , Intentions Following High School",,,,,,,
16. Are students matriculating to well-matched postsecondary institutions that successfully graduate their students with credentials of value?,Academic Progress & Completion,Outcomes & Milestones,PS,Senior summer on track,Percentage of high school graduates reporting intentions to enroll in postsecondary education in the fall who successfully enroll in a postsecondary institution by October 31 following their high school graduation,Postsecondary enrollment date,Partial,StudentSchoolAssociation.EntryDate,Found,"FactPsStudentEnrollments.PsStudentId
","FactPsStudentEnrollments.PsStudentId
",ACHE Data Dictionary,Automated,Available,,,"SELECT  
    'Number of Students enrolled in PS' AS DataElementName,
    'RecordCount' AS CharacteristicType,  
    COUNT(PsStudentId) AS Value,
    NULL AS Remarks
FROM rds.FactPsStudentEnrollments 
where EnrollmentEntryDateId is not null","SELECT  
    'Number of Students enrolled in PS' AS DataElementName,
    'RecordCount' AS CharacteristicType,  
    COUNT(PsStudentId) AS Value,
    NULL AS Remarks
FROM rds.FactPsStudentEnrollments 
where EnrollmentEntryDateId is not null",,,,,,,
17. Do students attend postsecondary institutions that provide adequate financial aid and are adequately funded to offer a quality educational experience?,Career Readiness & Economic Success,Outcomes & Milestones,PS,Student loan repayment,"Percentage of student borrowers in the following repayment categories, as defined on the College Scorecard —making progress, paid in Found, and deferment—1, 2, 3, 5, and 10 years into the repayment phase of the loans",Repayment status,Not Found,N/A,,,,,Automated,Available,Loan repayment information by institution is available on the U.S. Department of Education's College Scorecard (linked here). Covers federal loans..,,,,,,,,,,
17. Do students attend postsecondary institutions that provide adequate financial aid and are adequately funded to offer a quality educational experience?,Career Readiness & Economic Success,Outcomes & Milestones,PS,Student loan repayment,"Percentage of student borrowers in the following repayment categories, as defined on the College Scorecard —making progress, paid in Found, and deferment—1, 2, 3, 5, and 10 years into the repayment phase of the loans",Repayment phase start date,Not Found,N/A,,,,,Automated,Available,Loan repayment information by institution is available on the U.S. Department of Education's College Scorecard (linked here). Covers federal loans..,,,,,,,,,,
17. Do students attend postsecondary institutions that provide adequate financial aid and are adequately funded to offer a quality educational experience?,Career Readiness & Economic Success,Outcomes & Milestones,WF,Student loan repayment,"Percentage of student borrowers in the following repayment categories, as defined on the College Scorecard —making progress, paid in Found, and deferment—1, 2, 3, 5, and 10 years into the repayment phase of the loans",Repayment status,Not Found,N/A,,,,,Automated,Available,Loan repayment information by institution is available on the U.S. Department of Education's College Scorecard (linked here). Covers federal loans..,,,,,,,,,,
17. Do students attend postsecondary institutions that provide adequate financial aid and are adequately funded to offer a quality educational experience?,Career Readiness & Economic Success,Outcomes & Milestones,WF,Student loan repayment,"Percentage of student borrowers in the following repayment categories, as defined on the College Scorecard —making progress, paid in Found, and deferment—1, 2, 3, 5, and 10 years into the repayment phase of the loans",Repayment phase start date,Not Found,N/A,,,,,Automated,Available,Loan repayment information by institution is available on the U.S. Department of Education's College Scorecard (linked here). Covers federal loans..,,,,,,,,,,
17. Do students attend postsecondary institutions that provide adequate financial aid and are adequately funded to offer a quality educational experience?,Career Readiness & Economic Success,E-W System Conditions,PS,Cumulative student debt,Median student debt,Median student debt,Not Found,N/A,,,,,Semi-Automated,Partially Available,,Challenge,,,,,,,,,
17. Do students attend postsecondary institutions that provide adequate financial aid and are adequately funded to offer a quality educational experience?,Career Readiness & Economic Success,E-W System Conditions,WF,Cumulative student debt,Median student debt,Median student debt,Not Found,N/A,,,,,Semi-Automated,Partially Available,,Challenge,,,,,,,,,
17. Do students attend postsecondary institutions that provide adequate financial aid and are adequately funded to offer a quality educational experience?,Academic Progress & Completion,E-W System Conditions,Pre-K,Expenditures per student,State expenditures per child enrolled,Expenditures per Pre-K pupil,Not Found,N/A,Not Found,N/A,N/A,,Automated,Available,The National Institute for Early Education Research State of Preschool Yearbook--Alabama State Profile (linked here) publishes estimates of per-child expenditures on Pre-K.,,CEDS DWH does not have tables for PK,CEDS DWH does not have tables for PK,,,,,,,
17. Do students attend postsecondary institutions that provide adequate financial aid and are adequately funded to offer a quality educational experience?,Academic Progress & Completion,E-W System Conditions,K-12,Expenditures per student,"K-12:  Per pupil expenditures, Equity Factor, a measure that indicates variance in per-pupil funding within a state",Expenditures per K-12 pupil,Not Found,N/A,Not Found,N/A,N/A,Annual Survey of School System Finances,Automated,Available,,,Element not found,Element not found,,,,,,,
17. Do students attend postsecondary institutions that provide adequate financial aid and are adequately funded to offer a quality educational experience?,Academic Progress & Completion,E-W System Conditions,PS,Expenditures per student,Total instruction and student service expenditures per FTE student based on 12-month enrollment,Student FTE status,Partial,StudentSchoolAssociation.FullTimeEquivalency,Not Found,N/A,N/A,ACHE Data Dictionary,Automated,Available,,,CEDS DWH does not have tables for PS,CEDS DWH does not have tables for PS,,,,,,,
17. Do students attend postsecondary institutions that provide adequate financial aid and are adequately funded to offer a quality educational experience?,Academic Progress & Completion,E-W System Conditions,PS,Expenditures per student,Total instruction and student service expenditures per FTE student based on 12-month enrollment,Expenditures per student (postsecondary),Not Found,N/A,Not Found,N/A,N/A,,Semi-Automated,Partially Available,Higher Ed Appropriations Per Student dashboard  shows state postsecondary appropriations per student compared to other states. Does not show expenditures.,,CEDS DWH does not have tables for PS,CEDS DWH does not have tables for PS,,,,,,,
17. Do students attend postsecondary institutions that provide adequate financial aid and are adequately funded to offer a quality educational experience?,Career Readiness & Economic Success,E-W System Conditions,PS,Unmet financial need,"Average net price (cost of attendance minus grants, scholarships, or tuition waivers from all sources) minus average expected family contribution (EFC), as calculated by Free Application for Federal Student Aid (FAFSA)",Average cost of attendance,Not Found,N/A,,,,,Semi-Automated,Partially Available,"The U.S. Department of Education's College Score Card (linked here) includes data on the average net price of attending institutions: ""Cost includes tuition, living costs, books and supplies, and fees minus the average grants and scholarships for federal financial aid recipients."" The data necessary to calculate average net cost are submitted by instutitions to the U.S. Department of Education. The Department does not produce an aggregate average net cost at the state level.",,,,,,,,,,
17. Do students attend postsecondary institutions that provide adequate financial aid and are adequately funded to offer a quality educational experience?,Career Readiness & Economic Success,E-W System Conditions,PS,Unmet financial need,"Average net price (cost of attendance minus grants, scholarships, or tuition waivers from all sources) minus average expected family contribution (EFC), as calculated by Free Application for Federal Student Aid (FAFSA)",Average value of grants,Not Found,N/A,,,,,Semi-Automated,Partially Available,"The U.S. Department of Education's College Score Card (linked here) includes data on the average net price of attending institutions: ""Cost includes tuition, living costs, books and supplies, and fees minus the average grants and scholarships for federal financial aid recipients."" The data necessary to calculate average net cost are submitted by instutitions to the U.S. Department of Education. The Department does not produce an aggregate average net cost at the state level.",,,,,,,,,,
17. Do students attend postsecondary institutions that provide adequate financial aid and are adequately funded to offer a quality educational experience?,Career Readiness & Economic Success,E-W System Conditions,PS,Unmet financial need,"Average net price (cost of attendance minus grants, scholarships, or tuition waivers from all sources) minus average expected family contribution (EFC), as calculated by Free Application for Federal Student Aid (FAFSA)",Average value of scholarships,Not Found,N/A,,,,,Semi-Automated,Partially Available,"The U.S. Department of Education's College Score Card (linked here) includes data on the average net price of attending institutions: ""Cost includes tuition, living costs, books and supplies, and fees minus the average grants and scholarships for federal financial aid recipients."" The data necessary to calculate average net cost are submitted by instutitions to the U.S. Department of Education. The Department does not produce an aggregate average net cost at the state level.",,,,,,,,,,
17. Do students attend postsecondary institutions that provide adequate financial aid and are adequately funded to offer a quality educational experience?,Career Readiness & Economic Success,E-W System Conditions,PS,Unmet financial need,"Average net price (cost of attendance minus grants, scholarships, or tuition waivers from all sources) minus average expected family contribution (EFC), as calculated by Free Application for Federal Student Aid (FAFSA)",Average value of tuition waivers,Not Found,N/A,,,,,Semi-Automated,Partially Available,"The U.S. Department of Education's College Score Card (linked here) includes data on the average net price of attending institutions: ""Cost includes tuition, living costs, books and supplies, and fees minus the average grants and scholarships for federal financial aid recipients."" The data necessary to calculate average net cost are submitted by instutitions to the U.S. Department of Education. The Department does not produce an aggregate average net cost at the state level.",,,,,,,,,,
17. Do students attend postsecondary institutions that provide adequate financial aid and are adequately funded to offer a quality educational experience?,Career Readiness & Economic Success,E-W System Conditions,PS,Unmet financial need,"Average net price (cost of attendance minus grants, scholarships, or tuition waivers from all sources) minus average expected family contribution (EFC), as calculated by Free Application for Federal Student Aid (FAFSA)",Average expected family contribution (EFC),Not Found,N/A,,,,,Semi-Automated,Partially Available,Expected Family Contribution can be calculated from data on FAFSA forms. (Explanation linked here),,,,,,,,,,
18. Are students experiencing sufficient early momentum in postsecondary education to be on track for on-time completion?,Academic Progress & Completion,Outcomes & Milestones,PS,First-year credit accumulation,Percentage of students attempting and completing sufficient credits toward on-time completion in their first year: 30 credits for full-time and 15 credits for part-time students,Postsecondary enrollment date OR first-year indicator,Partial,StudentSchoolAssociation.EntryDate,Not Found,N/A,N/A,ACHE Data Dictionary,Automated,Available,,,CEDS DWH does not have tables for PS,CEDS DWH does not have tables for PS,,,,,,,
18. Are students experiencing sufficient early momentum in postsecondary education to be on track for on-time completion?,Academic Progress & Completion,Outcomes & Milestones,PS,First-year credit accumulation,Percentage of students attempting and completing sufficient credits toward on-time completion in their first year: 30 credits for full-time and 15 credits for part-time students,Postsecondary enrollment status (Full time/part time),Partial,"StudentSchoolAssociation.BeginDate, StudentSchoolAssociation.EndDate",Not Found,N/A,N/A,ACHE Data Dictionary,Automated,Available,,,CEDS DWH does not have tables for PS,CEDS DWH does not have tables for PS,,,,,,,
18. Are students experiencing sufficient early momentum in postsecondary education to be on track for on-time completion?,Academic Progress & Completion,Outcomes & Milestones,PS,First-year credit accumulation,Percentage of students attempting and completing sufficient credits toward on-time completion in their first year: 30 credits for full-time and 15 credits for part-time students,Number of credits attempted,Partial,StudentAcademicRecord.CumulativeAttemptedCredits,Not Found,N/A,N/A,ACHE Data Dictionary,Automated,Available,,,CEDS DWH does not have tables for PS,CEDS DWH does not have tables for PS,,,,,,,
18. Are students experiencing sufficient early momentum in postsecondary education to be on track for on-time completion?,Academic Progress & Completion,Outcomes & Milestones,PS,First-year credit accumulation,Percentage of students attempting and completing sufficient credits toward on-time completion in their first year: 30 credits for full-time and 15 credits for part-time students,Number of credits earned,Partial,StudentAcademicRecord.CumulativeEarnedCredits,Not Found,N/A,N/A,ACHE Data Dictionary,Automated,Available,,,CEDS DWH does not have tables for PS,CEDS DWH does not have tables for PS,,,,,,,
18. Are students experiencing sufficient early momentum in postsecondary education to be on track for on-time completion?,Academic Progress & Completion,Outcomes & Milestones,PS,First-year program of study concentration,Percentage of students completing at least nine credits (or three courses) within a meta-major during their first year in postsecondary education,Postsecondary enrollment date OR first-year indicator,Partial,StudentSchoolAssociation.EntryDate,Not Found,N/A,N/A,ACHE Data Dictionary,Automated,Available,,,CEDS DWH does not have tables for PS,CEDS DWH does not have tables for PS,,,,,,,
18. Are students experiencing sufficient early momentum in postsecondary education to be on track for on-time completion?,Academic Progress & Completion,Outcomes & Milestones,PS,First-year program of study concentration,Percentage of students completing at least nine credits (or three courses) within a meta-major during their first year in postsecondary education,Course ID  - CIP code,Not Found,N/A,Not Found,N/A,N/A,,Manual,Not Available,"Major/minor field CIP codes are collected, but not for individual courses",,CEDS DWH does not have tables for PS,CEDS DWH does not have tables for PS,,,,,,,
18. Are students experiencing sufficient early momentum in postsecondary education to be on track for on-time completion?,Academic Progress & Completion,Outcomes & Milestones,PS,First-year program of study concentration,Percentage of students completing at least nine credits (or three courses) within a meta-major during their first year in postsecondary education,Number of credits earned,Partial,StudentAcademicRecord.CumulativeEarnedCredits,Not Found,N/A,N/A,ACHE Data Dictionary,Automated,Available,,,CEDS DWH does not have tables for PS,CEDS DWH does not have tables for PS,,,,,,,
18. Are students experiencing sufficient early momentum in postsecondary education to be on track for on-time completion?,Career Readiness & Economic Success,E-W System Conditions,K-12,Access to college and career advising,Ratio of number of students to number of Full-time equivalent (FTE) counselors,Staff type or role description,Found,StaffEducationOrganizationAssignmentAssociation.StaffClassification,,,,ALSDE Data Code Manual,Automated,Available,,,,,,,,,,,
18. Are students experiencing sufficient early momentum in postsecondary education to be on track for on-time completion?,Career Readiness & Economic Success,E-W System Conditions,K-12,Access to college and career advising,Ratio of number of students to number of Full-time equivalent (FTE) counselors,Staff FTE status,Found,staffEducationOrganizationEmploymentAssociation.FullTimeEquivalency,,,,ALSDE Data Code Manual,Automated,Available,,,,,,,,,,,
18. Are students experiencing sufficient early momentum in postsecondary education to be on track for on-time completion?,Career Readiness & Economic Success,E-W System Conditions,PS,Access to college and career advising,Percentage of students using academic advising and career counseling services,Advising and counseling service utilization,Not Found,N/A,,,,,Manual,Not Available,,,,,,,,,,,
18. Are students experiencing sufficient early momentum in postsecondary education to be on track for on-time completion?,Academic Progress & Completion,Outcomes & Milestones,PS,Postsecondary persistence,"Percentage of students in a cohort who continue enrolling in college (including transfers to other colleges) or complete a credential the following year, captured for up to 150 percent of program length. Other time frames, such as 100 and 200 percent of program length, should also be reported for this measure.",Postsecondary degree program length,Not Found,N/A,Not Found,N/A,N/A,,Manual,Not Available,"While we were not able to find a data element for typical degree program length, it is likely that the state calculates this information or assumes fixed lengths for different types of degrees.",,"Missing in CEDS DWH:Degree or Certificate Seeking Student ,Enrollment in Postsecondary Award Type,
Postsecondary Enrollment Type,Transfer-ready,Enrollment in Postsecondary Award
","Missing in CEDS DWH:Degree or Certificate Seeking Student ,Enrollment in Postsecondary Award Type,
Postsecondary Enrollment Type,Transfer-ready,Enrollment in Postsecondary Award
",,,,,,,
18. Are students experiencing sufficient early momentum in postsecondary education to be on track for on-time completion?,Academic Progress & Completion,Outcomes & Milestones,PS,Postsecondary persistence,"Percentage of students in a cohort who continue enrolling in college (including transfers to other colleges) or complete a credential the following year, captured for up to 150 percent of program length. Other time frames, such as 100 and 200 percent of program length, should also be reported for this measure.",Enrollment status (current and prior years),Partial,"StudentSchoolAssociation.BeginDate, StudentSchoolAssociation.EndDate",Found,FactPsStudentEnrollments.PsEnrollmentStatusId,FactPsStudentEnrollments.PsEnrollmentStatusId,ACHE Data Dictionary,Automated,Available,,,"SELECT  
    'Number of PS Students with EnrollmentStatus' AS DataElementName,
    'RecordCount' AS CharacteristicType,  
    COUNT(PsEnrollmentStatusId) AS Value,
    NULL AS Remarks
FROM rds.FactPsStudentEnrollments f
where PsEnrollmentStatusId is not null","SELECT  
    'Number of PS Students with EnrollmentStatus' AS DataElementName,
    'RecordCount' AS CharacteristicType,  
    COUNT(PsEnrollmentStatusId) AS Value,
    NULL AS Remarks
FROM rds.FactPsStudentEnrollments f
where PsEnrollmentStatusId is not null",,,,,,,
18. Are students experiencing sufficient early momentum in postsecondary education to be on track for on-time completion?,Academic Progress & Completion,Outcomes & Milestones,PS,Postsecondary persistence,"Percentage of students in a cohort who continue enrolling in college (including transfers to other colleges) or complete a credential the following year, captured for up to 150 percent of program length. Other time frames, such as 100 and 200 percent of program length, should also be reported for this measure.",Postsecondary credential attainment date,Partial,"StudentAcademicRecord.Diploma.Achievement, StudentAcademicRecord.Diploma.DiplomaType",Found,FactPsStudentAcademicAwards.AcademicAwardDateId,FactPsStudentAcademicAwards.AcademicAwardDateId,ACHE Data Dictionary,Automated,Available,,,"SELECT  
    'Number of PS Students with credential attainment date' AS DataElementName,
    'RecordCount' AS CharacteristicType,  
    COUNT(PsStudentId) AS Value,
    NULL AS Remarks
FROM rds.FactPsStudentAcademicAwards f
where AcademicAwardDateId is not null","SELECT  
    'Number of PS Students with credential attainment date' AS DataElementName,
    'RecordCount' AS CharacteristicType,  
    COUNT(PsStudentId) AS Value,
    NULL AS Remarks
FROM rds.FactPsStudentAcademicAwards f
where AcademicAwardDateId is not null",,,,,,,
18. Are students experiencing sufficient early momentum in postsecondary education to be on track for on-time completion?,Academic Progress & Completion,Outcomes & Milestones,PS,Transfer (if applicable),"Percentage of students in a certificate or associate’s degree program who transfer to a longer degree program within 150 percent of the original program’s intended length. Other time frames, such as 100 percent and 200 percent of program length, are also useful to track.",Postsecondary degree program length,Not Found,N/A,Not Found,N/A,N/A,,Manual,Not Available,"While we were not able to find a data element for typical degree program length, it is likely that the state calculates this information or assumes fixed lengths for different types of degrees.",,"Missing in CEDS DWH:Degree or Certificate Seeking Student ,Enrollment in Postsecondary Award Type,
Postsecondary Enrollment Type,Transfer-ready,Enrollment in Postsecondary Award
","Missing in CEDS DWH:Degree or Certificate Seeking Student ,Enrollment in Postsecondary Award Type,
Postsecondary Enrollment Type,Transfer-ready,Enrollment in Postsecondary Award
",,,,,,,
18. Are students experiencing sufficient early momentum in postsecondary education to be on track for on-time completion?,Academic Progress & Completion,Outcomes & Milestones,PS,Transfer (if applicable),"Percentage of students in a certificate or associate’s degree program who transfer to a longer degree program within 150 percent of the original program’s intended length. Other time frames, such as 100 percent and 200 percent of program length, are also useful to track.",Transfer indicator or transfer student status,Partial,StudentSchoolAssociation.EntryGradeLevelReasonDescriptor,Not Found,N/A,N/A,ACHE Data Dictionary,Automated,Available,,,"Missing in CEDS DWH:Degree or Certificate Seeking Student ,Enrollment in Postsecondary Award Type,
Postsecondary Enrollment Type,Transfer-ready,Enrollment in Postsecondary Award","Missing in CEDS DWH:Degree or Certificate Seeking Student ,Enrollment in Postsecondary Award Type,
Postsecondary Enrollment Type,Transfer-ready,Enrollment in Postsecondary Award",,,,,,,
18. Are students experiencing sufficient early momentum in postsecondary education to be on track for on-time completion?,Academic Progress & Completion,Outcomes & Milestones,PS,Transfer (if applicable),"Percentage of students in a certificate or associate’s degree program who transfer to a longer degree program within 150 percent of the original program’s intended length. Other time frames, such as 100 percent and 200 percent of program length, are also useful to track.",Postsecondary institution ID (current and prior years),Found,PostSecondaryInstitutionId,Found,FactPsStudentEnrollments.PsInstitutionID,FactPsStudentEnrollments.PsInstitutionID,ACHE Data Dictionary,Automated,Available,,,"SELECT  
    'Number of PS Institutes' AS DataElementName,
    'RecordCount' AS CharacteristicType,  
    COUNT(PsInstitutionID) AS Value,
    NULL AS Remarks
FROM rds.FactPsStudentEnrollments f
where PsInstitutionID is not null","SELECT  
    'Number of PS Institutes' AS DataElementName,
    'RecordCount' AS CharacteristicType,  
    COUNT(PsInstitutionID) AS Value,
    NULL AS Remarks
FROM rds.FactPsStudentEnrollments f
where PsInstitutionID is not null",,,,,,,
18. Are students experiencing sufficient early momentum in postsecondary education to be on track for on-time completion?,Academic Progress & Completion,Outcomes & Milestones,PS,Transfer (if applicable),"Percentage of students in a certificate or associate’s degree program who transfer to a longer degree program within 150 percent of the original program’s intended length. Other time frames, such as 100 percent and 200 percent of program length, are also useful to track.",Enrollment status (current and prior years),Partial,"StudentSchoolAssociation.BeginDate, StudentSchoolAssociation.EndDate",Found,FactPsStudentEnrollments.PsEnrollmentStatusId,FactPsStudentEnrollments.PsEnrollmentStatusId,ACHE Data Dictionary,Automated,Available,,,"SELECT  
    'Number of PS Students with EnrollmentStatus' AS DataElementName,
    'RecordCount' AS CharacteristicType,  
    COUNT(PsEnrollmentStatusId) AS Value,
    NULL AS Remarks
FROM rds.FactPsStudentEnrollments f
where PsEnrollmentStatusId is not null","SELECT  
    'Number of PS Students with EnrollmentStatus' AS DataElementName,
    'RecordCount' AS CharacteristicType,  
    COUNT(PsEnrollmentStatusId) AS Value,
    NULL AS Remarks
FROM rds.FactPsStudentEnrollments f
where PsEnrollmentStatusId is not null",,,,,,,
18. Are students experiencing sufficient early momentum in postsecondary education to be on track for on-time completion?,Career Readiness & Economic Success,E-W System Conditions,PS,Unmet financial need,"Average net price (cost of attendance minus grants, scholarships, or tuition waivers from all sources) minus average expected family contribution (EFC), as calculated by Free Application for Federal Student Aid (FAFSA)",Average cost of attendance,Not Found,N/A,,,,,Semi-Automated,Partially Available,"The U.S. Department of Education's College Score Card (linked here) includes data on the average net price of attending institutions: ""Cost includes tuition, living costs, books and supplies, and fees minus the average grants and scholarships for federal financial aid recipients."" The data necessary to calculate average net cost are submitted by instutitions to the U.S. Department of Education. The Department does not produce an aggregate average net cost at the state level.",,,,,,,,,,
18. Are students experiencing sufficient early momentum in postsecondary education to be on track for on-time completion?,Career Readiness & Economic Success,E-W System Conditions,PS,Unmet financial need,"Average net price (cost of attendance minus grants, scholarships, or tuition waivers from all sources) minus average expected family contribution (EFC), as calculated by Free Application for Federal Student Aid (FAFSA)",Average value of grants,Not Found,N/A,,,,,Semi-Automated,Partially Available,"The U.S. Department of Education's College Score Card (linked here) includes data on the average net price of attending institutions: ""Cost includes tuition, living costs, books and supplies, and fees minus the average grants and scholarships for federal financial aid recipients."" The data necessary to calculate average net cost are submitted by instutitions to the U.S. Department of Education. The Department does not produce an aggregate average net cost at the state level.",,,,,,,,,,
18. Are students experiencing sufficient early momentum in postsecondary education to be on track for on-time completion?,Career Readiness & Economic Success,E-W System Conditions,PS,Unmet financial need,"Average net price (cost of attendance minus grants, scholarships, or tuition waivers from all sources) minus average expected family contribution (EFC), as calculated by Free Application for Federal Student Aid (FAFSA)",Average value of scholarships,Not Found,N/A,,,,,Semi-Automated,Partially Available,"The U.S. Department of Education's College Score Card (linked here) includes data on the average net price of attending institutions: ""Cost includes tuition, living costs, books and supplies, and fees minus the average grants and scholarships for federal financial aid recipients."" The data necessary to calculate average net cost are submitted by instutitions to the U.S. Department of Education. The Department does not produce an aggregate average net cost at the state level.",,,,,,,,,,
18. Are students experiencing sufficient early momentum in postsecondary education to be on track for on-time completion?,Career Readiness & Economic Success,E-W System Conditions,PS,Unmet financial need,"Average net price (cost of attendance minus grants, scholarships, or tuition waivers from all sources) minus average expected family contribution (EFC), as calculated by Free Application for Federal Student Aid (FAFSA)",Average value of tuition waivers,Not Found,N/A,,,,,Semi-Automated,Partially Available,"The U.S. Department of Education's College Score Card (linked here) includes data on the average net price of attending institutions: ""Cost includes tuition, living costs, books and supplies, and fees minus the average grants and scholarships for federal financial aid recipients."" The data necessary to calculate average net cost are submitted by instutitions to the U.S. Department of Education. The Department does not produce an aggregate average net cost at the state level.",,,,,,,,,,
18. Are students experiencing sufficient early momentum in postsecondary education to be on track for on-time completion?,Career Readiness & Economic Success,E-W System Conditions,PS,Unmet financial need,"Average net price (cost of attendance minus grants, scholarships, or tuition waivers from all sources) minus average expected family contribution (EFC), as calculated by Free Application for Federal Student Aid (FAFSA)",Average expected family contribution (EFC),Not Found,N/A,,,,,Semi-Automated,Partially Available,Expected Family Contribution can be calculated from data on FAFSA forms. (Explanation linked here),,,,,,,,,,
19. Are students completing credentials of value after high school that set them up for success in the workforce?,Academic Progress & Completion,Outcomes & Milestones,PS,Enrollment in graduate education,"Percentage of bachelor’s degree recipients enrolling in post-baccalaureate or graduate programs within one to five years of completion. Other time frames, such as within 10 years of completion, should also be reported for this measure.",Bachelor's degree completion date,Not Found,N/A,Not Found,N/A,N/A,ACHE Data Dictionary,Automated,Available,,,Missing elements in CEDS DWH,Missing elements in CEDS DWH,,,,,,,
19. Are students completing credentials of value after high school that set them up for success in the workforce?,Academic Progress & Completion,Outcomes & Milestones,PS,Enrollment in graduate education,"Percentage of bachelor’s degree recipients enrolling in post-baccalaureate or graduate programs within one to five years of completion. Other time frames, such as within 10 years of completion, should also be reported for this measure.",Post-baccalaureate program enrollment date,Not Found,N/A,Not Found,N/A,N/A,ACHE Data Dictionary,Automated,Available,,,Missing elements in CEDS DWH,Missing elements in CEDS DWH,,,,,,,
19. Are students completing credentials of value after high school that set them up for success in the workforce?,Academic Progress & Completion,Outcomes & Milestones,PS,Enrollment in graduate education,"Percentage of bachelor’s degree recipients enrolling in post-baccalaureate or graduate programs within one to five years of completion. Other time frames, such as within 10 years of completion, should also be reported for this measure.",Graduate program enrollment date,Not Found,N/A,Not Found,N/A,N/A,ACHE Data Dictionary,Automated,Available,,,Missing elements in CEDS DWH,Missing elements in CEDS DWH,,,,,,,
19. Are students completing credentials of value after high school that set them up for success in the workforce?,Academic Progress & Completion,Outcomes & Milestones,PS,Postsecondary certificate or degree completion,"Percentage of graduate students completing a graduate degree within 150 percent of their current program’s length. Other time frames, such as 100 percent and 200 percent of program length, should also be reported for this measure.",Postsecondary degree program length,Not Found,N/A,Not Found,N/A,N/A,,Manual,Not Available,"While we were not able to find a data element for typical degree program length, it is likely that the state calculates this information or assumes fixed lengths for different types of degrees.",,"Missing in CEDS DWH:Degree or Certificate Seeking Student ,Enrollment in Postsecondary Award Type,
Postsecondary Enrollment Type,Transfer-ready,Enrollment in Postsecondary Award
","Missing in CEDS DWH:Degree or Certificate Seeking Student ,Enrollment in Postsecondary Award Type,
Postsecondary Enrollment Type,Transfer-ready,Enrollment in Postsecondary Award
",,,,,,,
19. Are students completing credentials of value after high school that set them up for success in the workforce?,Academic Progress & Completion,Outcomes & Milestones,PS,Postsecondary certificate or degree completion,"Percentage of graduate students completing a graduate degree within 150 percent of their current program’s length. Other time frames, such as 100 percent and 200 percent of program length, should also be reported for this measure.",Graduate program enrollment date,Not Found,N/A,Not Found,N/A,N/A,ACHE Data Dictionary,Automated,Available,,,Missing elements in CEDS DWH:Enrollment in Postsecondary Award,Missing elements in CEDS DWH:Enrollment in Postsecondary Award,,,,,,,
19. Are students completing credentials of value after high school that set them up for success in the workforce?,Academic Progress & Completion,Outcomes & Milestones,PS,Postsecondary certificate or degree completion,"Percentage of graduate students completing a graduate degree within 150 percent of their current program’s length. Other time frames, such as 100 percent and 200 percent of program length, should also be reported for this measure.",Graduate credential attainment date,Not Found,N/A,Not Found,N/A,N/A,ACHE Data Dictionary,Automated,Available,,,Missing elements in CEDS DWH,Missing elements in CEDS DWH,,,,,,,
19. Are students completing credentials of value after high school that set them up for success in the workforce?,"Social, Emotional, & Physical Wellbeing",Outcomes & Milestones,K-12,Civic engagement,Percentage of students reporting a high level of civic engagement on surveys such as the Youth Civic and Character Measures Toolkit Survey  and Youth Civic Engagement Indicators Project Survey,Civic engagement survey results (K-12),Found,"SurveyQuestionResponseSurveyQuestionResponseValue.NumericResponse, SurveyQuestionResponseSurveyQuestionResponseValue.TextResponse ",,,,,Manual,Not Available,,,,,,,,,,,
19. Are students completing credentials of value after high school that set them up for success in the workforce?,"Social, Emotional, & Physical Wellbeing",Outcomes & Milestones,PS,Civic engagement,Percentage of individuals reporting a high level of civic engagement on surveys such as the Index of Civic and Political Engagement,Civic engagement survey results (Postsecondary),Likely not available,"SurveyQuestionResponseSurveyQuestionResponseValue.NumericResponse, SurveyQuestionResponseSurveyQuestionResponseValue.TextResponse ",,,,,Manual,Not Available,,,,,,,,,,,
19. Are students completing credentials of value after high school that set them up for success in the workforce?,"Social, Emotional, & Physical Wellbeing",Outcomes & Milestones,WF,Civic engagement,Percentage of individuals reporting a high level of civic engagement on surveys such as the Index of Civic and Political Engagement,Civic engagement survey results (Workforce),Not Found,N/A,,,,,Manual,Not Available,,,,,,,,,,,
19. Are students completing credentials of value after high school that set them up for success in the workforce?,Career Readiness & Economic Success,Outcomes & Milestones,K-12,Industry-recognized credential,Percentage of 12th-grade students enrolled in CTE who earn at least one industry-recognized credential,Student grade level,Found,StudentSchoolAssociation.EntryGradeLevel,,,,ALSDE Data Code Manual,Automated,Available,,,,,,,,,,,
19. Are students completing credentials of value after high school that set them up for success in the workforce?,Career Readiness & Economic Success,Outcomes & Milestones,K-12,Industry-recognized credential,Percentage of 12th-grade students enrolled in CTE who earn at least one industry-recognized credential,CTE course enrollment,Found,StudentCTEProgramAssociation.BeginDate,,,,Student Data Application Guide,Automated,Available,p. 64,,,,,,,,,,
19. Are students completing credentials of value after high school that set them up for success in the workforce?,Career Readiness & Economic Success,Outcomes & Milestones,K-12,Industry-recognized credential,Percentage of 12th-grade students enrolled in CTE who earn at least one industry-recognized credential,Industry-recognized credential attainment,Found,"StudentAcademicRecord.Diploma.Achievement, StudentAcademicRecord.Diploma.DiplomaType",,,,ALSDE Data Code Manual,Automated,Available,,,,,,,,,,,
19. Are students completing credentials of value after high school that set them up for success in the workforce?,Career Readiness & Economic Success,Outcomes & Milestones,PS,Industry-recognized credential,Percentage of students enrolled in a CTE program who earn at least one industry-recognized credential,Indicator of current enrollment in postsecondary,Partial,"StudentSchoolAssociation.EntryDate, School.PostsecondaryInstitutionId",,,,ACHE Data Dictionary,Automated,Available,,,,,,,,,,,
19. Are students completing credentials of value after high school that set them up for success in the workforce?,Career Readiness & Economic Success,Outcomes & Milestones,PS,Industry-recognized credential,Percentage of students enrolled in a CTE program who earn at least one industry-recognized credential,CTE course enrollment,Partial,StudentCTEProgramAssociation.BeginDate,,,,Student Data Application Guide,Automated,Available,p. 64,,,,,,,,,,
19. Are students completing credentials of value after high school that set them up for success in the workforce?,Career Readiness & Economic Success,Outcomes & Milestones,PS,Industry-recognized credential,Percentage of students enrolled in a CTE program who earn at least one industry-recognized credential,Industry-recognized credential attainment,Not Found,N/A,,,,ALSDE Data Code Manual,Automated,Available,,,,,,,,,,,
19. Are students completing credentials of value after high school that set them up for success in the workforce?,Career Readiness & Economic Success,Outcomes & Milestones,WF,Industry-recognized credential,Percentage of program participants who have completed at least one industry-recognized credential,Workforce development program participation,Not Found,N/A,,,,,Semi-Automated,Partially Available,"The workforce Innovation Opportunity Act (WIOA) ""requires Titles I and III programs to submit programmatic performance data to the Department of Labor (WIOA sec. 116 (d)); states report data annually through the ETA-9169 (OMB Control Number 1205-0526) reporting template."" The U.S. Department of Labor reports the resulting data on WIOA Adult, Dislocated Worker, and Youth Programs as well as Wagner-Peyser programs. Reports include such data as total number of participants receiving training, employment rates two and four quarters after exit, median earnings. For all programs except Wagner-Peyser, it reports on credential attainment rates and measurable skill gains. (See linked dashboard). In addition, the U.S. Department of Labor reports on data quality, system reach, and services (among other indicators) in its State Workforce Services dashboards (https://www.dol.gov/agencies/eta/datahub/state-dashboards). The data are of course limited to WIOA participants.",,,,,,,,,,
19. Are students completing credentials of value after high school that set them up for success in the workforce?,Career Readiness & Economic Success,Outcomes & Milestones,WF,Industry-recognized credential,Percentage of program participants who have completed at least one industry-recognized credential,Industry-recognized credential attainment,Not Found,N/A,,,,ALSDE Data Code Manual,Automated,Available,,,,,,,,,,,
19. Are students completing credentials of value after high school that set them up for success in the workforce?,Career Readiness & Economic Success,Outcomes & Milestones,K-12,Digital skills,"Reflecting the lack of developed tools in the field, we are unable to recommend a specific measurement tool for K-12 students. Two validated instruments discussed in previous literature—the Instant Digital Competence Assessment, or iDCA,  and the Student Tool for Technology Literacy, or ST2L —do not appear to be available at this time.",Digital skills assessment results (K-12),Found,"Assessment.AssessmentTitle, StudentAssessmentPerformanceLevel.PerfomanceLevelDescriptorId
PerformanceLevelDescriptor.DescriptorId",,,,,Manual,Not Available,,,,,,,,,,,
19. Are students completing credentials of value after high school that set them up for success in the workforce?,Career Readiness & Economic Success,Outcomes & Milestones,PS,Digital skills,"Percentage of individuals who demonstrate proficiency on a performance assessment that measures digital skills required for workforce success, such as the Problem Solving in Technology-Rich Environments assessment within the Education & Skills Online assessment suite, which can be used by researchers and institutions to gather individual-level results based on Organisation for Economic Co-operation and Development (OECD) Survey of Adult Skills (Programme for the International Assessment of Adult Competencies [PIAAC]) domains.",Digital skills assessment results (Postsecondary),Likely not available,"Assessment.AssessmentTitle, StudentAssessmentPerformanceLevel.PerfomanceLevelDescriptorId
PerformanceLevelDescriptor.DescriptorId",,,,,Manual,Not Available,,,,,,,,,,,
19. Are students completing credentials of value after high school that set them up for success in the workforce?,Career Readiness & Economic Success,Outcomes & Milestones,WF,Digital skills,"Percentage of individuals who demonstrate proficiency on a performance assessment that measures digital skills required for workforce success, such as the Problem Solving in Technology-Rich Environments assessment within the Education & Skills Online assessment suite, which can be used by researchers and institutions to gather individual-level results based on Organisation for Economic Co-operation and Development (OECD) Survey of Adult Skills (Programme for the International Assessment of Adult Competencies [PIAAC]) domains.",Digital skills assessment results (Workforce),Not Found,N/A,,,,,Manual,Not Available,,,,,,,,,,,
19. Are students completing credentials of value after high school that set them up for success in the workforce?,Career Readiness & Economic Success,Outcomes & Milestones,K-12,Communication skills,"Percentage of students who demonstrate proficiency on assessments such as the College and Career Readiness Assessment (CCRA+),  an assessment for grades 6–12 that measures critical thinking, problem solving, and written communications",Communication skills performance assessment results (K-12),Found,"Assessment.AssessmentTitle, StudentAssessmentPerformanceLevel.PerfomanceLevelDescriptorId
PerformanceLevelDescriptor.DescriptorId",,,,,Manual,Not Available,,,,,,,,,,,
19. Are students completing credentials of value after high school that set them up for success in the workforce?,Career Readiness & Economic Success,Outcomes & Milestones,PS,Communication skills,"Percentage of students who demonstrate proficiency on assessments such as the following:
o	The Collegiate Learning Assessment (CLA+)  or Success Skills Assessment (SSA+)  for postsecondary students that measure critical thinking, problem solving, and written communications
o	The HEIghten Outcomes Assessment for Written Communication",Communication skills performance assessment results (Postsecondary),Likely not available,"Assessment.AssessmentTitle, StudentAssessmentPerformanceLevel.PerfomanceLevelDescriptorId
PerformanceLevelDescriptor.DescriptorId",,,,,Manual,Not Available,,,,,,,,,,,
19. Are students completing credentials of value after high school that set them up for success in the workforce?,Career Readiness & Economic Success,Outcomes & Milestones,WF,Communication skills,"Percentage of individuals demonstrating proficiency on a performance assessment, such as the National Work Readiness Credential Essential Soft Skills assessment",Communication skills performance assessment results (Workforce),Not Found,N/A,,,,,Manual,Not Available,,,,,,,,,,,
19. Are students completing credentials of value after high school that set them up for success in the workforce?,Career Readiness & Economic Success,Outcomes & Milestones,K-12,Higher-order thinking skills,"Percentage of students who demonstrate proficiency on assessments such as the College and Career Readiness Assessment (CLA+),  an assessment for grades 6–12 that measures critical thinking, problem solving, and written communications",Higher-order thinking skills performance assessment results (K-12),Found,"Assessment.AssessmentTitle, StudentAssessmentPerformanceLevel.PerfomanceLevelDescriptorId
PerformanceLevelDescriptor.DescriptorId",,,,,Manual,Not Available,,,,,,,,,,,
19. Are students completing credentials of value after high school that set them up for success in the workforce?,Career Readiness & Economic Success,Outcomes & Milestones,PS,Higher-order thinking skills,"Percentage of students who demonstrate proficiency on assessments such as the following:
o	The CLA+ or Success Skills Assessment (SSA+),  assessments for postsecondary students that measure critical thinking, problem solving, and written communications
o	The HEIghten Outcomes Assessment for Critical Thinking",Higher-order thinking skills performance assessment results (Postsecondary),Likely not available,"Assessment.AssessmentTitle, StudentAssessmentPerformanceLevel.PerfomanceLevelDescriptorId
PerformanceLevelDescriptor.DescriptorId",,,,,Manual,Not Available,,,,,,,,,,,
19. Are students completing credentials of value after high school that set them up for success in the workforce?,Career Readiness & Economic Success,Outcomes & Milestones,WF,Higher-order thinking skills,"Percentage of individuals demonstrating proficiency on assessments such as the Watson Glaser Critical Thinking Appraisal,  a scenario-based assessment used by employers to evaluate candidates or identify areas of opportunity for growth",Higher-order thinking skills performance assessment results (Workforce),Not Found,N/A,,,,,Manual,Not Available,,,,,,,,,,,
19. Are students completing credentials of value after high school that set them up for success in the workforce?,"Social, Emotional, & Physical Wellbeing",Outcomes & Milestones,K-12,Cultural competency,"Reflecting the lack of developed tools in the field, we are unable to recommend a specific measurement tool. In some contexts, it might be possible to adapt an existing measure for adults for use with youth. For examples, we refer to the tools recommended for postsecondary and workforce contexts (HEIghten Outcomes Assessment for Intercultural Competency & Diversity or The Intercultural Development Inventory)",Cultural competency assessment results (K-12),Found,"Assessment.AssessmentTitle, StudentAssessmentPerformanceLevel.PerfomanceLevelDescriptorId
PerformanceLevelDescriptor.DescriptorId",,,,,Manual,Not Available,,,,,,,,,,,
19. Are students completing credentials of value after high school that set them up for success in the workforce?,"Social, Emotional, & Physical Wellbeing",Outcomes & Milestones,PS,Cultural competency,"Percentage of students demonstrating proficiency on an assessment of cultural competency, such as the HEIghten Outcomes Assessment for Intercultural Competency  & Diversity or The Intercultural Development Inventory®",Cultural competency assessment results (Postsecondary),Likely not available,"Assessment.AssessmentTitle, StudentAssessmentPerformanceLevel.PerfomanceLevelDescriptorId
PerformanceLevelDescriptor.DescriptorId",,,,,Manual,Not Available,,,,,,,,,,,
19. Are students completing credentials of value after high school that set them up for success in the workforce?,"Social, Emotional, & Physical Wellbeing",Outcomes & Milestones,WF,Cultural competency,"Percentage of individuals demonstrating proficiency on an assessment of cultural competency, such as The Intercultural Development Inventory®",Cultural competency assessment results (Workforce),Not Found,N/A,,,,,Manual,Not Available,,,,,,,,,,,
19. Are students completing credentials of value after high school that set them up for success in the workforce?,Career Readiness & Economic Success,E-W System Conditions,PS,Cumulative student debt,Median student debt,Median student debt,Not Found,N/A,,,,,Semi-Automated,Partially Available,,Challenge,,,,,,,,,
19. Are students completing credentials of value after high school that set them up for success in the workforce?,Career Readiness & Economic Success,E-W System Conditions,WF,Cumulative student debt,Median student debt,Median student debt,Not Found,N/A,,,,,Semi-Automated,Partially Available,,Challenge,,,,,,,,,
19. Are students completing credentials of value after high school that set them up for success in the workforce?,Academic Progress & Completion,E-W System Conditions,K-12,Institutions' contributions to student outcomes,"Schools’ contributions to student outcomes, including achievement, attendance, social-emotional learning, college enrollment, and earnings, using value-added models",School value-added,Not Found,N/A,Not Found,N/A,N/A,,Manual,Not Available,,,Missing elements in CEDS DWH,Missing elements in CEDS DWH,,,,,,,
19. Are students completing credentials of value after high school that set them up for success in the workforce?,Academic Progress & Completion,E-W System Conditions,PS,Institutions' contributions to student outcomes,"Colleges’ contributions to student outcomes, including graduation rates, earnings, and student loan repayment, using value-added models",College value-added,Not Found,N/A,Not Found,N/A,N/A,,Manual,Not Available,,,Missing elements in CEDS DWH,Missing elements in CEDS DWH,,,,,,,
19. Are students completing credentials of value after high school that set them up for success in the workforce?,Career Readiness & Economic Success,Outcomes & Milestones,PS,Minimum economic return,Percentage of individuals that earn at least as much as the median high school graduate in their state plus enough to recoup their total net price plus interest (if they pursued postsecondary education) within 10 years of completing their highest degree or leaving education (high school or postsecondary),High school graduation date,Found,Diploma.DiplomaAwardDate,,,,ALSDE Data Code Manual,Automated,Available,,,,,,,,,,,
19. Are students completing credentials of value after high school that set them up for success in the workforce?,Career Readiness & Economic Success,Outcomes & Milestones,PS,Minimum economic return,Percentage of individuals that earn at least as much as the median high school graduate in their state plus enough to recoup their total net price plus interest (if they pursued postsecondary education) within 10 years of completing their highest degree or leaving education (high school or postsecondary),Postsecondary degree attainment date,Partial,Diploma.DiplomaAwardDate,,,,ACHE Data Dictionary,Automated,Available,,,,,,,,,,,
19. Are students completing credentials of value after high school that set them up for success in the workforce?,Career Readiness & Economic Success,Outcomes & Milestones,PS,Minimum economic return,Percentage of individuals that earn at least as much as the median high school graduate in their state plus enough to recoup their total net price plus interest (if they pursued postsecondary education) within 10 years of completing their highest degree or leaving education (high school or postsecondary),Earnings,Not Found,N/A,,,,,Automated,Available,Employment Outcomes Report 2022,,,,,,,,,,
19. Are students completing credentials of value after high school that set them up for success in the workforce?,Career Readiness & Economic Success,Outcomes & Milestones,PS,Minimum economic return,Percentage of individuals that earn at least as much as the median high school graduate in their state plus enough to recoup their total net price plus interest (if they pursued postsecondary education) within 10 years of completing their highest degree or leaving education (high school or postsecondary),Total net price of education plus interest,Not Found,N/A,,,,,Automated,Available,College Navigator includes net price information,,,,,,,,,,
19. Are students completing credentials of value after high school that set them up for success in the workforce?,Career Readiness & Economic Success,Outcomes & Milestones,WF,Minimum economic return,Percentage of individuals that earn at least as much as the median high school graduate in their state plus enough to recoup their total net price plus interest (if they pursued postsecondary education) within 10 years of completing their highest degree or leaving education (high school or postsecondary),High school graduation date,Found,Diploma.DiplomaAwardDate,,,,ALSDE Data Code Manual,Automated,Available,,,,,,,,,,,
19. Are students completing credentials of value after high school that set them up for success in the workforce?,Career Readiness & Economic Success,Outcomes & Milestones,WF,Minimum economic return,Percentage of individuals that earn at least as much as the median high school graduate in their state plus enough to recoup their total net price plus interest (if they pursued postsecondary education) within 10 years of completing their highest degree or leaving education (high school or postsecondary),Postsecondary degree attainment date,Partial,Diploma.DiplomaAwardDate,,,,ACHE Data Dictionary,Automated,Available,,,,,,,,,,,
19. Are students completing credentials of value after high school that set them up for success in the workforce?,Career Readiness & Economic Success,Outcomes & Milestones,WF,Minimum economic return,Percentage of individuals that earn at least as much as the median high school graduate in their state plus enough to recoup their total net price plus interest (if they pursued postsecondary education) within 10 years of completing their highest degree or leaving education (high school or postsecondary),Earnings,Not Found,N/A,,,,,Automated,Available,Employment Outcomes Report 2022,,,,,,,,,,
19. Are students completing credentials of value after high school that set them up for success in the workforce?,Career Readiness & Economic Success,Outcomes & Milestones,WF,Minimum economic return,Percentage of individuals that earn at least as much as the median high school graduate in their state plus enough to recoup their total net price plus interest (if they pursued postsecondary education) within 10 years of completing their highest degree or leaving education (high school or postsecondary),Total net price of education plus interest,Not Found,N/A,,,,,Automated,Available,College Navigator includes net price information,,,,,,,,,,
19. Are students completing credentials of value after high school that set them up for success in the workforce?,Academic Progress & Completion,Outcomes & Milestones,PS,Postsecondary certificate or degree completion,"Percentage of students completing a certificate, associate’s, or bachelor’s degree within 150 percent of the program's intended length. Other time frames, such as 100 percent and 200 percent of program length, should also be reported for this measure.",Postsecondary degree program length,Not Found,N/A,Not Found,N/A,N/A,,Manual,Not Available,"While we were not able to find a data element for typical degree program length, it is likely that the state calculates this information or assumes fixed lengths for different types of degrees.",,"Missing in CEDS DWH:Degree or Certificate Seeking Student ,Enrollment in Postsecondary Award Type,
Postsecondary Enrollment Type,Transfer-ready,Enrollment in Postsecondary Award
","Missing in CEDS DWH:Degree or Certificate Seeking Student ,Enrollment in Postsecondary Award Type,
Postsecondary Enrollment Type,Transfer-ready,Enrollment in Postsecondary Award
",,,,,,,
19. Are students completing credentials of value after high school that set them up for success in the workforce?,Academic Progress & Completion,Outcomes & Milestones,PS,Postsecondary certificate or degree completion,"Percentage of students completing a certificate, associate’s, or bachelor’s degree within 150 percent of the program's intended length. Other time frames, such as 100 percent and 200 percent of program length, should also be reported for this measure.",Postsecondary enrollment date,Partial,StudentSchoolAssociation.EntryDate,Found,FactPsStudentEnrollments.PsStudentId,FactPsStudentEnrollments.PsStudentId,ACHE Data Dictionary,Automated,Available,,,"SELECT  
    'Number of Students enrolled in PS' AS DataElementName,
    'RecordCount' AS CharacteristicType,  
    COUNT(PsStudentId) AS Value,
    NULL AS Remarks
FROM rds.FactPsStudentEnrollments 
where EnrollmentEntryDateId is not null","SELECT  
    'Number of Students enrolled in PS' AS DataElementName,
    'RecordCount' AS CharacteristicType,  
    COUNT(PsStudentId) AS Value,
    NULL AS Remarks
FROM rds.FactPsStudentEnrollments 
where EnrollmentEntryDateId is not null",,,,,,,
19. Are students completing credentials of value after high school that set them up for success in the workforce?,Academic Progress & Completion,Outcomes & Milestones,PS,Postsecondary certificate or degree completion,"Percentage of students completing a certificate, associate’s, or bachelor’s degree within 150 percent of the program's intended length. Other time frames, such as 100 percent and 200 percent of program length, should also be reported for this measure.",Postsecondary credential attainment date,Partial,"StudentAcademicRecord.Diploma.Achievement, StudentAcademicRecord.Diploma.DiplomaType",Found,FactPsStudentAcademicAwards.AcademicAwardDateId,FactPsStudentAcademicAwards.AcademicAwardDateId,ACHE Data Dictionary,Automated,Available,,,"SELECT  
    'Number of PS Students with credential attainment date' AS DataElementName,
    'RecordCount' AS CharacteristicType,  
    COUNT(PsStudentId) AS Value,
    NULL AS Remarks
FROM rds.FactPsStudentAcademicAwards f
where AcademicAwardDateId is not null","SELECT  
    'Number of PS Students with credential attainment date' AS DataElementName,
    'RecordCount' AS CharacteristicType,  
    COUNT(PsStudentId) AS Value,
    NULL AS Remarks
FROM rds.FactPsStudentAcademicAwards f
where AcademicAwardDateId is not null",,,,,,,
,,Disaggregate,"PK, K12, PS, WF",,,Race and ethnicity,,,,"FactK12StudentEnrollments.FactK12StudentEnrollmentId

BridgeK12StudentEnrollmentRaces.FactK12StudentEnrollmentId
BridgeK12StudentEnrollmentRaces.RaceId

FactAeStudentEnrollments.FactAeStudentEnrollmentId

BridgeAeStudentEnrollmentRaces.FactAeStudentEnrollmentId
BridgeAeStudentEnrollmentRaces.RaceId

FactPsStudentEnrollments.FactPsStudentEnrollmentId

BridgePsStudentEnrollmentRaces.FactPsStudentEnrollmentId
BridgePsStudentEnrollmentRaces.RaceId

DimRaces.Code/Description","FactK12StudentEnrollments.FactK12StudentEnrollmentId

BridgeK12StudentEnrollmentRaces.FactK12StudentEnrollmentId
BridgeK12StudentEnrollmentRaces.RaceId

FactAeStudentEnrollments.FactAeStudentEnrollmentId

BridgeAeStudentEnrollmentRaces.FactAeStudentEnrollmentId
BridgeAeStudentEnrollmentRaces.RaceId

FactPsStudentEnrollments.FactPsStudentEnrollmentId

BridgePsStudentEnrollmentRaces.FactPsStudentEnrollmentId
BridgePsStudentEnrollmentRaces.RaceId

DimRaces.Code/Description",,,,,,"SELECT 
        'Race and Ethnicity' AS DataElementName,
        'RecordCount' AS CharacteristicType,
        CAST(COUNT(*) AS NVARCHAR(MAX)) AS Value,
        NULL AS Remarks
FROM RDS.BridgeK12StudentEnrollmentRaces b
JOIN RDS.FactK12StudentEnrollments f
        ON f.FactK12StudentEnrollmentId = b.FactK12StudentEnrollmentId
JOIN RDS.DimRaces d 
        ON b.RaceId = d.DimRaceId

OR

SELECT 
        'Race and Ethnicity' AS DataElementName,
        'RecordCount' AS CharacteristicType,
        CAST(COUNT(*) AS NVARCHAR(MAX)) AS Value,
        NULL AS Remarks
FROM RDS.BridgePsStudentEnrollmentRaces b
JOIN RDS.FactPsStudentEnrollments f
        ON f.FactPsStudentEnrollmentId = b.FactPsStudentEnrollmentId
JOIN RDS.DimRaces d 
        ON b.RaceId = d.DimRaceId

OR

SELECT 
        'Race and Ethnicity' AS DataElementName,
        'RecordCount' AS CharacteristicType,
        CAST(COUNT(*) AS NVARCHAR(MAX)) AS Value,
        NULL AS Remarks
FROM RDS.BridgeAeStudentEnrollmentRaces b
JOIN RDS.FactAeStudentEnrollments f
        ON f.FactAeStudentEnrollmentId = b.FactAeStudentEnrollmentId
JOIN RDS.DimRaces d 
        ON b.RaceId = d.DimRaceId","SELECT 
        'Race and Ethnicity' AS DataElementName,
        'RecordCount' AS CharacteristicType,
        CAST(COUNT(*) AS NVARCHAR(MAX)) AS Value,
        NULL AS Remarks
FROM RDS.BridgeK12StudentEnrollmentRaces b
JOIN RDS.FactK12StudentEnrollments f
        ON f.FactK12StudentEnrollmentId = b.FactK12StudentEnrollmentId
JOIN RDS.DimRaces d 
        ON b.RaceId = d.DimRaceId

OR

SELECT 
        'Race and Ethnicity' AS DataElementName,
        'RecordCount' AS CharacteristicType,
        CAST(COUNT(*) AS NVARCHAR(MAX)) AS Value,
        NULL AS Remarks
FROM RDS.BridgePsStudentEnrollmentRaces b
JOIN RDS.FactPsStudentEnrollments f
        ON f.FactPsStudentEnrollmentId = b.FactPsStudentEnrollmentId
JOIN RDS.DimRaces d 
        ON b.RaceId = d.DimRaceId

OR

SELECT 
        'Race and Ethnicity' AS DataElementName,
        'RecordCount' AS CharacteristicType,
        CAST(COUNT(*) AS NVARCHAR(MAX)) AS Value,
        NULL AS Remarks
FROM RDS.BridgeAeStudentEnrollmentRaces b
JOIN RDS.FactAeStudentEnrollments f
        ON f.FactAeStudentEnrollmentId = b.FactAeStudentEnrollmentId
JOIN RDS.DimRaces d 
        ON b.RaceId = d.DimRaceId",,,,,,,
,,Disaggregate,"PK, K12, PS, WF",,,Gender,,,,"FactK12StudentEnrollments.K12DemographicId

DimK12Demographics.SexCode/Description","FactK12StudentEnrollments.K12DemographicId

DimK12Demographics.SexCode/Description",,,,,,"SELECT 
	'Gender' AS DataElementName,
	'RecordCount' AS CharacteristicType,
	CAST(COUNT(*) AS NVARCHAR(MAX)) AS Value,
	NULL AS Remarks
FROM RDS.FactK12StudentEnrollments f
JOIN RDS.DimK12Demographics d
	ON f.K12DemographicId = d.DimK12DemographicId;","SELECT 
	'Gender' AS DataElementName,
	'RecordCount' AS CharacteristicType,
	CAST(COUNT(*) AS NVARCHAR(MAX)) AS Value,
	NULL AS Remarks
FROM RDS.FactK12StudentEnrollments f
JOIN RDS.DimK12Demographics d
	ON f.K12DemographicId = d.DimK12DemographicId;",,,,,,,
,,Disaggregate,"K12, PS, WF",,,LGBT status,,,,"FactK12StudentEnrollments.CteStatusId

DimCteStatuses.CteNonTraditionalGenderStatusCode/Description","FactK12StudentEnrollments.CteStatusId

DimCteStatuses.CteNonTraditionalGenderStatusCode/Description",,,,,,"SELECT 
	'LGBT Status' AS DataElementName,
	'RecordCount' AS CharacteristicType,
	CAST(COUNT(*) AS NVARCHAR(MAX)) AS Value,
	NULL AS Remarks
FROM RDS.FactK12StudentEnrollments f
JOIN RDS.DimCTEStatuses d
	ON f.CteStatusId = d.DimCTEStatusId;","SELECT 
	'LGBT Status' AS DataElementName,
	'RecordCount' AS CharacteristicType,
	CAST(COUNT(*) AS NVARCHAR(MAX)) AS Value,
	NULL AS Remarks
FROM RDS.FactK12StudentEnrollments f
JOIN RDS.DimCTEStatuses d
	ON f.CteStatusId = d.DimCTEStatusId;",,,,,,,
,,Disaggregate,"PK, K12, PS, WF",,,Disability status,,,,"FactK12StudentCounts.DisabilityStatusId

DimDisabilityStatuses.DimDisabilityStatusCode/Description","FactK12StudentCounts.DisabilityStatusId

DimDisabilityStatuses.DimDisabilityStatusCode/Description",,,,,,"SELECT 
	'Disability status' AS DataElementName,
	'RecordCount' AS CharacteristicType,
	CAST(COUNT(*) AS NVARCHAR(MAX)) AS Value,
	NULL AS Remarks
FROM RDS.FactK12StudentCounts f
JOIN RDS.DimDisabilityStatuses d
	ON f.DisabilityStatusId = d.DimDisabilityStatusId;","SELECT 
	'Disability status' AS DataElementName,
	'RecordCount' AS CharacteristicType,
	CAST(COUNT(*) AS NVARCHAR(MAX)) AS Value,
	NULL AS Remarks
FROM RDS.FactK12StudentCounts f
JOIN RDS.DimDisabilityStatuses d
	ON f.DisabilityStatusId = d.DimDisabilityStatusId;",,,,,,,
,,Disaggregate,"PK, K12, PS, WF",,,Income level,,,,"FactK12StudentEnrollments.EconomicallyDisadvantagedId

DimEconomicallyDisadvantagedStatuses.EconomicDisadvantagedStatusCode","FactK12StudentEnrollments.EconomicallyDisadvantagedId

DimEconomicallyDisadvantagedStatuses.EconomicDisadvantagedStatusCode",,,,,,"SELECT 
	'Income Level' AS DataElementName,
	'RecordCount' AS CharacteristicType,
	CAST(COUNT(*) AS NVARCHAR(MAX)) AS Value,
	NULL AS Remarks
FROM RDS.FactK12StudentEnrollments f
JOIN RDS.DimEconomicallyDisadvantagedStatuses d
	ON f.EconomicallyDisadvantagedStatusId = d.DimEconomicallyDisadvantagedStatusId;","SELECT 
	'Income Level' AS DataElementName,
	'RecordCount' AS CharacteristicType,
	CAST(COUNT(*) AS NVARCHAR(MAX)) AS Value,
	NULL AS Remarks
FROM RDS.FactK12StudentEnrollments f
JOIN RDS.DimEconomicallyDisadvantagedStatuses d
	ON f.EconomicallyDisadvantagedStatusId = d.DimEconomicallyDisadvantagedStatusId;",,,,,,,
,,Disaggregate,"PK, K12, PS, WF",,,Parental education level,,,Not Available,,,,,,,,,,,,,,,,
,,Disaggregate,"K12, PS",,,First-generation college student,,,Not Available,,,,,,,,Missingelement in CEDS DWH but present in Data model,Missingelement in CEDS DWH but present in Data model,,,,,,,
,,Disaggregate,"PK, K12",,,Student from migrant family household,,,,"FactK12StudentEnrollments.MigrantStatusId

DimMigrantStatuses.MigrantStatusCode/Description","FactK12StudentEnrollments.MigrantStatusId

DimMigrantStatuses.MigrantStatusCode/Description",,,,,,"SELECT 
        'Student from migrant family household' AS DataElementName,
        'RecordCount' AS CharacteristicType,
        CAST(COUNT(*) AS NVARCHAR(MAX)) AS Value,
        NULL AS Remarks
FROM RDS.FactK12StudentEnrollments f
JOIN RDS.DimMigrantStatuses d
        ON f.MigrantStatusId = d.DimMigrantStatusId
WHERE d.MigrantStatusCode = 'Yes';","SELECT 
        'Student from migrant family household' AS DataElementName,
        'RecordCount' AS CharacteristicType,
        CAST(COUNT(*) AS NVARCHAR(MAX)) AS Value,
        NULL AS Remarks
FROM RDS.FactK12StudentEnrollments f
JOIN RDS.DimMigrantStatuses d
        ON f.MigrantStatusId = d.DimMigrantStatusId
WHERE d.MigrantStatusCode = 'Yes';",,,,,,,
,,Disaggregate,"PK, K12, PS, WF",,,Home language,,,,"FactK12StudentEnrollments.LanguageHomeId

DimLanguages.Iso6392LanguageCodeCode/Description","FactK12StudentEnrollments.LanguageHomeId

DimLanguages.Iso6392LanguageCodeCode/Description",,,,,,"SELECT 
        'Student with home language' AS DataElementName,
        'RecordCount' AS CharacteristicType,
        CAST(COUNT(*) AS NVARCHAR(MAX)) AS Value,
        NULL AS Remarks
FROM RDS.FactK12StudentEnrollments f
JOIN RDS.DimLanguages d 
ON d.DimLanguageId = f.LanguageHomeId
where DimLanguageId<>-1","SELECT 
        'Student with home language' AS DataElementName,
        'RecordCount' AS CharacteristicType,
        CAST(COUNT(*) AS NVARCHAR(MAX)) AS Value,
        NULL AS Remarks
FROM RDS.FactK12StudentEnrollments f
JOIN RDS.DimLanguages d 
ON d.DimLanguageId = f.LanguageHomeId
where DimLanguageId<>-1",,,,,,,
,,Disaggregate,"PK, K12, PS, WF",,,English learner,,,,"FactK12StudentEnrollments.EnglishLearnerStatusId

DimEnglishLearnerStatuses.EnglishLearnerStatusCode/Desciption","FactK12StudentEnrollments.EnglishLearnerStatusId

DimEnglishLearnerStatuses.EnglishLearnerStatusCode/Desciption",,,,,,"SELECT 
        'English Learner' AS DataElementName,
        'RecordCount' AS CharacteristicType,
        CAST(COUNT(*) AS NVARCHAR(MAX)) AS Value,
        NULL AS Remarks
FROM RDS.FactK12StudentEnrollments f
JOIN RDS.DimEnglishLearnerStatuses d
        ON f.EnglishLearnerStatusId = d.DimEnglishLearnerStatusId;","SELECT 
        'English Learner' AS DataElementName,
        'RecordCount' AS CharacteristicType,
        CAST(COUNT(*) AS NVARCHAR(MAX)) AS Value,
        NULL AS Remarks
FROM RDS.FactK12StudentEnrollments f
JOIN RDS.DimEnglishLearnerStatuses d
        ON f.EnglishLearnerStatusId = d.DimEnglishLearnerStatusId;",,,,,,,
,,Disaggregate,"PK, K12, PS",,,Attendance intensity,,,,FactK12StudentAttendanceRates.StudentAttendanceRate,FactK12StudentAttendanceRates.StudentAttendanceRate,,,,,,"SELECT 
	'Attendance intensity' AS DataElementName,
	'RecordCount' AS CharacteristicType,
	CAST(COUNT(*) AS NVARCHAR(MAX)) AS Value,
	NULL AS Remarks
FROM RDS.FactK12StudentAttendanceRates  f
WHERE f.StudentAttendanceRate IS NOT NULL;","SELECT 
	'Attendance intensity' AS DataElementName,
	'RecordCount' AS CharacteristicType,
	CAST(COUNT(*) AS NVARCHAR(MAX)) AS Value,
	NULL AS Remarks
FROM RDS.FactK12StudentAttendanceRates  f
WHERE f.StudentAttendanceRate IS NOT NULL;",,,,,,,
,,Disaggregate,K12,,,K-12 school type,,,,"FactK12StudentEnrollments.K12SchoolId

DimK12Schools.SchoolTypeCode/Description","FactK12StudentEnrollments.K12SchoolId

DimK12Schools.SchoolTypeCode/Description",,,,,,"SELECT 
        'K-12 school type' AS DataElementName,
        'RecordCount' AS CharacteristicType,
        CAST(COUNT(*) AS NVARCHAR(MAX)) AS Value,
        NULL AS Remarks
FROM RDS.FactK12StudentEnrollments  f
JOIN RDS.DimK12Schools d
        ON f.K12SchoolId = d.DimK12SchoolId
WHERE d.SchoolTypeCode IS NOT NULL;","SELECT 
        'K-12 school type' AS DataElementName,
        'RecordCount' AS CharacteristicType,
        CAST(COUNT(*) AS NVARCHAR(MAX)) AS Value,
        NULL AS Remarks
FROM RDS.FactK12StudentEnrollments  f
JOIN RDS.DimK12Schools d
        ON f.K12SchoolId = d.DimK12SchoolId
WHERE d.SchoolTypeCode IS NOT NULL;",,,,,,,
,,Disaggregate,PS,,,Postsecondary institution classification,,,,"FactPsStudentEnrollments.PsInstitutionStatusId

DimPSInstitutionStatuses.LevelOfInstitutionCode/Description","FactPsStudentEnrollments.PsInstitutionStatusId

DimPSInstitutionStatuses.LevelOfInstitutionCode/Description",,,,,,"SELECT 
	'Postsecondary institution classification' AS DataElementName,
	'RecordCount' AS CharacteristicType,
	CAST(COUNT(*) AS NVARCHAR(MAX)) AS Value,
	NULL AS Remarks
FROM RDS.FactPsStudentEnrollments  f
JOIN RDS.DimPsInstitutions d
	ON f.PSInstitutionId = d.DimPsInstitutionID
WHERE d.MostPrevalentLevelOfInstitutionCode IS NOT NULL;","SELECT 
	'Postsecondary institution classification' AS DataElementName,
	'RecordCount' AS CharacteristicType,
	CAST(COUNT(*) AS NVARCHAR(MAX)) AS Value,
	NULL AS Remarks
FROM RDS.FactPsStudentEnrollments  f
JOIN RDS.DimPsInstitutions d
	ON f.PSInstitutionId = d.DimPsInstitutionID
WHERE d.MostPrevalentLevelOfInstitutionCode IS NOT NULL;",,,,,,,
,,Disaggregate,PS,,,Transfer enrollment status,,,,"FactK12StudentEnrollments.K12EnrollmentStatusId

DimK12EnrollmentStatuses.EnrollmentStatusCode/Description","FactK12StudentEnrollments.K12EnrollmentStatusId

DimK12EnrollmentStatuses.EnrollmentStatusCode/Description",,,,,,"SELECT 
	'Transfer enrollment status' AS DataElementName,
	'RecordCount' AS CharacteristicType,
	CAST(COUNT(*) AS NVARCHAR(MAX)) AS Value,
	NULL AS Remarks
FROM RDS.FactK12StudentEnrollments  f
JOIN RDS.DimK12EnrollmentStatuses d
	ON f.K12EnrollmentStatusId = d.DimK12EnrollmentStatusID
WHERE d.EntryTypeDescription LIKE '%transfer%';","SELECT 
	'Transfer enrollment status' AS DataElementName,
	'RecordCount' AS CharacteristicType,
	CAST(COUNT(*) AS NVARCHAR(MAX)) AS Value,
	NULL AS Remarks
FROM RDS.FactK12StudentEnrollments  f
JOIN RDS.DimK12EnrollmentStatuses d
	ON f.K12EnrollmentStatusId = d.DimK12EnrollmentStatusID
WHERE d.EntryTypeDescription LIKE '%transfer%';",,,,,,,
,,Disaggregate,PS,,,Credential-seeking status,,,Found,FactPsStudentAcademicAwards.PsAcademicAwardStatusId,FactPsStudentAcademicAwards.PsAcademicAwardStatusId,,,,,,"select 'PS Students with credential' AS DataElementName,
        'RecordCount' AS CharacteristicType,
        CAST(COUNT(*) AS NVARCHAR(MAX)) AS Value,
        NULL AS Remarks
FROM RDS.FactPsStudentAcademicAwards f join RDS.DimPsAcademicAwardStatuses d
on d.DimPsAcademicAwardStatusId = f.PsAcademicAwardStatusId
where d.DimPsAcademicAwardStatusId <>-1","select 'PS Students with credential' AS DataElementName,
        'RecordCount' AS CharacteristicType,
        CAST(COUNT(*) AS NVARCHAR(MAX)) AS Value,
        NULL AS Remarks
FROM RDS.FactPsStudentAcademicAwards f join RDS.DimPsAcademicAwardStatuses d
on d.DimPsAcademicAwardStatusId = f.PsAcademicAwardStatusId
where d.DimPsAcademicAwardStatusId <>-1",,,,,,,
,,Disaggregate,PS,,,Student parenting status,,,,"FactK12StudentEnrollments.CteStatusId
DimCTEStatuses.SingleParentOrSinglePregnantWomanStatusCode/Description

DimPsFamilyStatuses.SingleParentORSingPregnantWomanStatusCode/Description","FactK12StudentEnrollments.CteStatusId
DimCTEStatuses.SingleParentOrSinglePregnantWomanStatusCode/Description

DimPsFamilyStatuses.SingleParentORSingPregnantWomanStatusCode/Description",,,,,,"SELECT 
        'Student parenting status' AS DataElementName,
        'RecordCount' AS CharacteristicType,
        CAST(COUNT(*) AS NVARCHAR(MAX)) AS Value,
        NULL AS Remarks
FROM RDS.FactK12StudentEnrollments  f
JOIN RDS.DimCteStatuses d
        ON f.CteStatusId = d.DimCteStatusId
WHERE d.SingleParentOrSinglePregnantWomanStatusCode IS NOT NULL;","SELECT 
        'Student parenting status' AS DataElementName,
        'RecordCount' AS CharacteristicType,
        CAST(COUNT(*) AS NVARCHAR(MAX)) AS Value,
        NULL AS Remarks
FROM RDS.FactK12StudentEnrollments  f
JOIN RDS.DimCteStatuses d
        ON f.CteStatusId = d.DimCteStatusId
WHERE d.SingleParentOrSinglePregnantWomanStatusCode IS NOT NULL;",,,,,,,
19. Are students completing credentials of value after high school that set them up for success in the workforce?,"Social, Emotional, & Physical Wellbeing",Outcomes & Milestones,K-12,Social awareness,"Percentage of students reporting a high level of social awareness on surveys such as the CORE Districts SEL Survey  social awareness scale, or percentage of students meeting benchmarks on teacher ratings of social skills drawn from Elliott and Gresham’s Social Skills Rating Scale",Social awareness survey results (K-12),Found,"SurveyQuestionResponseSurveyQuestionResponseValue.NumericResponse, SurveyQuestionResponseSurveyQuestionResponseValue.TextResponse",,,,,Manual,Not Available,,,,,,,,,,,
19. Are students completing credentials of value after high school that set them up for success in the workforce?,"Social, Emotional, & Physical Wellbeing",Outcomes & Milestones,K-12,Social awareness,Percentage of students meeting benchmarks on teacher ratings of social skills drawn from Elliott and Gresham’s Social Skills Rating Scale,Results on social awareness teacher rating,Found,"SurveyQuestionResponseSurveyQuestionResponseValue.NumericResponse, SurveyQuestionResponseSurveyQuestionResponseValue.TextResponse",,,,,Manual,Not Available,,,,,,,,,,,
19. Are students completing credentials of value after high school that set them up for success in the workforce?,"Social, Emotional, & Physical Wellbeing",Outcomes & Milestones,PS,Social awareness,"Percentage of individuals demonstrating social proficiency on a performance assessment, such as the National Work Readiness Credential Essential Soft Skills assessment",Social proficiency performance assessment results (Postsecondary),Not Found,N/A,,,,,Manual,Not Available,,,,,,,,,,,
19. Are students completing credentials of value after high school that set them up for success in the workforce?,"Social, Emotional, & Physical Wellbeing",Outcomes & Milestones,WF,Social awareness,"Percentage of individuals demonstrating social proficiency on a performance assessment, such as the National Work Readiness Credential Essential Soft Skills assessment",Social proficiency performance assessment results (Workforce),Not Found,N/A,,,,,Manual,Not Available,,,,,,,,,,,
19. Are students completing credentials of value after high school that set them up for success in the workforce?,"Social, Emotional, & Physical Wellbeing",Outcomes & Milestones,K-12,Social capital,"Percentage of students or individuals reporting a high level of social capital on surveys such as the Social Capital Assessment + Learning for Equity (SCALE) Social Capital, Network Diversity, and Network Strength scales",Social capital survey results (K-12),Found,"SurveyQuestionResponseSurveyQuestionResponseValue.NumericResponse, SurveyQuestionResponseSurveyQuestionResponseValue.TextResponse",,,,,Manual,Not Available,,,,,,,,,,,
19. Are students completing credentials of value after high school that set them up for success in the workforce?,"Social, Emotional, & Physical Wellbeing",Outcomes & Milestones,PS,Social capital,"Percentage of students or individuals reporting a high level of social capital on surveys such as the Social Capital Assessment + Learning for Equity (SCALE) Social Capital, Network Diversity, and Network Strength scales",Social capital survey results (Postsecondary),Partial,"SurveyQuestionResponseSurveyQuestionResponseValue.NumericResponse, SurveyQuestionResponseSurveyQuestionResponseValue.TextResponse",,,,,Manual,Not Available,,,,,,,,,,,
19. Are students completing credentials of value after high school that set them up for success in the workforce?,"Social, Emotional, & Physical Wellbeing",Outcomes & Milestones,WF,Social capital,Percentage of individuals reporting a high level of social capital on surveys such as the Social Capital Community Benchmark Survey,Social capital survey results (Workforce),Not Found,N/A,,,,,Manual,Not Available,,,,,,,,,,,
19. Are students completing credentials of value after high school that set them up for success in the workforce?,Career Readiness & Economic Success,Outcomes & Milestones,PS,Student loan repayment,"Percentage of student borrowers in the following repayment categories, as defined on the College Scorecard —making progress, paid in Found, and deferment—1, 2, 3, 5, and 10 years into the repayment phase of the loans",Repayment status,Not Found,N/A,,,,,Automated,Available,Loan repayment information by institution is available on the U.S. Department of Education's College Scorecard (linked here). Covers federal loans..,,,,,,,,,,
19. Are students completing credentials of value after high school that set them up for success in the workforce?,Career Readiness & Economic Success,Outcomes & Milestones,PS,Student loan repayment,"Percentage of student borrowers in the following repayment categories, as defined on the College Scorecard —making progress, paid in Found, and deferment—1, 2, 3, 5, and 10 years into the repayment phase of the loans",Repayment phase start date,Not Found,N/A,,,,,Automated,Available,Loan repayment information by institution is available on the U.S. Department of Education's College Scorecard (linked here). Covers federal loans..,,,,,,,,,,
19. Are students completing credentials of value after high school that set them up for success in the workforce?,Career Readiness & Economic Success,Outcomes & Milestones,WF,Student loan repayment,"Percentage of student borrowers in the following repayment categories, as defined on the College Scorecard —making progress, paid in Found, and deferment—1, 2, 3, 5, and 10 years into the repayment phase of the loans",Repayment status,Not Found,N/A,,,,,Automated,Available,Loan repayment information by institution is available on the U.S. Department of Education's College Scorecard (linked here). Covers federal loans..,,,,,,,,,,
19. Are students completing credentials of value after high school that set them up for success in the workforce?,Career Readiness & Economic Success,Outcomes & Milestones,WF,Student loan repayment,"Percentage of student borrowers in the following repayment categories, as defined on the College Scorecard —making progress, paid in Found, and deferment—1, 2, 3, 5, and 10 years into the repayment phase of the loans",Repayment phase start date,Not Found,N/A,,,,,Automated,Available,Loan repayment information by institution is available on the U.S. Department of Education's College Scorecard (linked here). Covers federal loans..,,,,,,,,,,
20. Are students gaining access to quality jobs that offer economic mobility and security after high school or postsecondary training and education?,Career Readiness & Economic Success,Outcomes & Milestones,WF,Employment in a quality job,"Scores on an indexed measure, such as the Good Jobs Scorecard,  which includes dimensions related to job quality, such as pay and benefits, scheduling, potential career paths, safety, and security",Employment status,Not Found,N/A,,,,,Semi-Automated,Partially Available,"State Unemployment Insiurance data include data on employed people, but the not every class of employer is surveyed, and the data are not necessarily available for individual-level analysis. The linked 2022 Report by the National association of State Workforce Agencies offers more information on the data each state collects.",,,,,,,,,,
20. Are students gaining access to quality jobs that offer economic mobility and security after high school or postsecondary training and education?,Career Readiness & Economic Success,Outcomes & Milestones,WF,Employment in a quality job,"Scores on an indexed measure, such as the Good Jobs Scorecard,  which includes dimensions related to job quality, such as pay and benefits, scheduling, potential career paths, safety, and security",Results on job quality index,Not Found,N/A,,,,,Manual,Not Available,,,,,,,,,,,
20. Are students gaining access to quality jobs that offer economic mobility and security after high school or postsecondary training and education?,Career Readiness & Economic Success,Outcomes & Milestones,WF,Economic mobility,"Percentage of individuals who reach the level of earnings needed to enter the fourth (60th to 80th percentile) income quintile in their state or above 1, 3, 5, 10, and 15 years after completing their highest degree or leaving education (high school or postsecondary)",Earnings,Not Found,N/A,,,,,Semi-Automated,Partially Available,"The U.S. Census Bureau publishes a Postsecondary Employment Outcomes (PSEO) dashboard for dozens of states. The dashboard shows earnings outcomes that can be sorted by all participating institutions in a state, or by individual institutions. The U.S. Census Bureauâ€™s Center for Economic Studies' Longitudinal Employer-Household Dynamics (LEHD) program provides information on employers and employees. The States and insitutions participating in the PSEO coalition work with LEHD to link higher education data and national unemployment insurance wage information. Alabama institutions participate",,,,,,,,,,
20. Are students gaining access to quality jobs that offer economic mobility and security after high school or postsecondary training and education?,Career Readiness & Economic Success,Outcomes & Milestones,WF,Economic mobility,"Percentage of individuals who reach the level of earnings needed to enter the fourth (60th to 80th percentile) income quintile in their state or above 1, 3, 5, 10, and 15 years after completing their highest degree or leaving education (high school or postsecondary)",High school graduation date,Found,Diploma.DiplomaAwardDate,,,,,,,,,,,,,,,,,
20. Are students gaining access to quality jobs that offer economic mobility and security after high school or postsecondary training and education?,Career Readiness & Economic Success,Outcomes & Milestones,WF,Economic mobility,"Percentage of individuals who reach the level of earnings needed to enter the fourth (60th to 80th percentile) income quintile in their state or above 1, 3, 5, 10, and 15 years after completing their highest degree or leaving education (high school or postsecondary)",Postsecondary degree attainment date,Partial,Diploma.DiplomaAwardDate,,,,,,,,,,,,,,,,,
20. Are students gaining access to quality jobs that offer economic mobility and security after high school or postsecondary training and education?,Career Readiness & Economic Success,Outcomes & Milestones,WF,Economic security,"Percentage of individuals who reach median levels of wealth 10, 15, 20, and 30 years after completing their highest degree or leaving education (high school or postsecondary)",Net worth,Not Found,N/A,,,,,,,,,,,,,,,,,
20. Are students gaining access to quality jobs that offer economic mobility and security after high school or postsecondary training and education?,Career Readiness & Economic Success,Outcomes & Milestones,WF,Economic security,"Percentage of individuals who reach median levels of wealth 10, 15, 20, and 30 years after completing their highest degree or leaving education (high school or postsecondary)",High school graduation date,Found,Diploma.DiplomaAwardDate,,,,,,,,,,,,,,,,,
20. Are students gaining access to quality jobs that offer economic mobility and security after high school or postsecondary training and education?,Career Readiness & Economic Success,Outcomes & Milestones,WF,Economic security,"Percentage of individuals who reach median levels of wealth 10, 15, 20, and 30 years after completing their highest degree or leaving education (high school or postsecondary)",Postsecondary degree attainment date,Partial,Diploma.DiplomaAwardDate,,,,,,,,,,,,,,,,,
20. Are students gaining access to quality jobs that offer economic mobility and security after high school or postsecondary training and education?,Career Readiness & Economic Success,E-W System Conditions,WF,Access to jobs paying a living wage,Percentage of jobs in a county or metropolitan statistical area (MSA) for which the ratio of average pay to the location-adjusted cost of living is greater than one,Average pay in county or MSA,Not Found,N/A,,,,,,,,,,,,,,,,,
20. Are students gaining access to quality jobs that offer economic mobility and security after high school or postsecondary training and education?,Career Readiness & Economic Success,E-W System Conditions,WF,Access to jobs paying a living wage,Percentage of jobs in a county or metropolitan statistical area (MSA) for which the ratio of average pay to the location-adjusted cost of living is greater than one,Location-adjusted cost of living in county or MSA,Not Found,N/A,,,,,,,,,,,,,,,,,
20. Are students gaining access to quality jobs that offer economic mobility and security after high school or postsecondary training and education?,Career Readiness & Economic Success,E-W System Conditions,WF,Access to ongoing career skills development,Percentage of employees who have access to on-the-job training or a professional learning and development plan directly from their employer,On-the-job training offered,Not Found,N/A,,,,,,,,,,,,,,,,,
20. Are students gaining access to quality jobs that offer economic mobility and security after high school or postsecondary training and education?,Career Readiness & Economic Success,E-W System Conditions,WF,Access to ongoing career skills development,Percentage of employees who have access to on-the-job training or a professional learning and development plan directly from their employer,Learning and development plan offered,Not Found,N/A,,,,,,,,,,,,,,,,,
,,Disaggregate,"PS, WF",,,Postsecondary major,,,Not Available,,,,,,,,,"select 'PS Students with major' AS DataElementName,
        'RecordCount' AS CharacteristicType,
        CAST(COUNT(*) AS NVARCHAR(MAX)) AS Value,
        NULL AS Remarks
FROM RDS.BridgePsStudentAcademicAwardCipCodes b join RDS.FactPsStudentAcademicAwards f 
on b.FactPsStudentAcademicAwardId = f.FactPsStudentAcademicAwardId
where b.PostsecondaryProgramLevelCode='Major'",,,,,,,
,,Disaggregate,WF,,,Occupation category,,,,"FactK12SalarySchedules.OnetSocOccupationTypeId

DimOnetSocOccupationTypes.OnetSocOccupationCode/Description","FactK12SalarySchedules.OnetSocOccupationTypeId

DimOnetSocOccupationTypes.OnetSocOccupationCode/Description",,,,,,"SELECT 
	'Occupation category' AS DataElementName,
	'RecordCount' AS CharacteristicType,
	CAST(COUNT(*) AS NVARCHAR(MAX)) AS Value,
	NULL AS Remarks
FROM RDS.FactK12SalarySchedules  f
JOIN RDS.DimOnetSocOccupationTypes d
	ON f.OnetSocOccupationTypeId = d.DimOnetSocOccupationTypeID
WHERE d.OnetSocOccupationTypeCode IS NOT NULL;","SELECT 
	'Occupation category' AS DataElementName,
	'RecordCount' AS CharacteristicType,
	CAST(COUNT(*) AS NVARCHAR(MAX)) AS Value,
	NULL AS Remarks
FROM RDS.FactK12SalarySchedules  f
JOIN RDS.DimOnetSocOccupationTypes d
	ON f.OnetSocOccupationTypeId = d.DimOnetSocOccupationTypeID
WHERE d.OnetSocOccupationTypeCode IS NOT NULL;",,,,,,,
,,Disaggregate,"PS, WF",,,Dislocated worker status,,,Not Available,,,,,,,,,,,,,,,,
,,Disaggregate,WF,,,Basic skills level,,,Not Available,,,,,,,,,,,,,,,,
,,Disaggregate,"PK, K12, PS, WF",,,"Age group (for example, adult learners)",,,,"FactK12StudentEnrollments.K12StudentId

FactPsStudentEnrollments.PsStudentId

DimPeople.BirthDate","FactK12StudentEnrollments.K12StudentId

FactPsStudentEnrollments.PsStudentId

DimPeople.BirthDate",,,,,,"WITH CategorizedStudents AS (
    -- Categorize each student into an Age Group
    SELECT
        d.DimPersonId,
        CASE
            -- Calculate Age based on the difference in years between BirthDate and today
            WHEN DATEDIFF(year, d.BirthDate, GETDATE()) < 5 THEN 'Early Childhood'
            WHEN DATEDIFF(year, d.BirthDate, GETDATE()) BETWEEN 5 AND 17 THEN 'School Age'
            WHEN DATEDIFF(year, d.BirthDate, GETDATE()) BETWEEN 18 AND 24 THEN 'Young Adult'
            ELSE 'Adult Learner' -- 25+ years
        END AS CalculatedAgeGroup
    FROM
        RDS.DimPeople d
    JOIN
        RDS.FactK12StudentEnrollments f ON f.K12StudentId = d.DimPersonId
    JOIN
        RDS.FactPsStudentEnrollments ff ON ff.PsStudentId = d.DimPersonId
    WHERE
        d.BirthDate IS NOT NULL
)
-- Step 2: Select the desired output columns and filter/count the records
SELECT
    'Age group' AS DataElementName,
    'RecordCount' AS CharacteristicType,
    CAST(COUNT(*) AS NVARCHAR(MAX)) AS Value,
    NULL AS Remarks
FROM
    CategorizedStudents
WHERE
    CalculatedAgeGroup = 'School Age';
","WITH CategorizedStudents AS (
    -- Categorize each student into an Age Group
    SELECT
        d.DimPersonId,
        CASE
            -- Calculate Age based on the difference in years between BirthDate and today
            WHEN DATEDIFF(year, d.BirthDate, GETDATE()) < 5 THEN 'Early Childhood'
            WHEN DATEDIFF(year, d.BirthDate, GETDATE()) BETWEEN 5 AND 17 THEN 'School Age'
            WHEN DATEDIFF(year, d.BirthDate, GETDATE()) BETWEEN 18 AND 24 THEN 'Young Adult'
            ELSE 'Adult Learner' -- 25+ years
        END AS CalculatedAgeGroup
    FROM
        RDS.DimPeople d
    JOIN
        RDS.FactK12StudentEnrollments f ON f.K12StudentId = d.DimPersonId
    JOIN
        RDS.FactPsStudentEnrollments ff ON ff.PsStudentId = d.DimPersonId
    WHERE
        d.BirthDate IS NOT NULL
)
-- Step 2: Select the desired output columns and filter/count the records
SELECT
    'Age group' AS DataElementName,
    'RecordCount' AS CharacteristicType,
    CAST(COUNT(*) AS NVARCHAR(MAX)) AS Value,
    NULL AS Remarks
FROM
    CategorizedStudents
WHERE
    CalculatedAgeGroup = 'School Age';
",,,,,,,
,,Disaggregate,"PK, K12, PS, WF",,,Urbanicity,,,Not Available,,,,,,,,,,,,,,,,
,,Disaggregate,"PK, K12, PS, WF",,,Individuals experiencing homelessness,,,,"FactK12StudentEnrollments.HomelessnessStatusId

DimHomelessnessStatuses.HomelessnessStatusCode/Description","FactK12StudentEnrollments.HomelessnessStatusId

DimHomelessnessStatuses.HomelessnessStatusCode/Description",,,,,,"SELECT 
	'Individuals experiencing homelessness' AS DataElementName,
	'RecordCount' AS CharacteristicType,
	CAST(COUNT(*) AS NVARCHAR(MAX)) AS Value,
	NULL AS Remarks
FROM RDS.DimHomelessnessStatuses d
JOIN RDS.FactK12StudentEnrollments  f
	ON f.HomelessnessStatusId = d.DimHomelessnessStatusId
WHERE d.HomelessnessStatusCode = 'Yes';","SELECT 
	'Individuals experiencing homelessness' AS DataElementName,
	'RecordCount' AS CharacteristicType,
	CAST(COUNT(*) AS NVARCHAR(MAX)) AS Value,
	NULL AS Remarks
FROM RDS.DimHomelessnessStatuses d
JOIN RDS.FactK12StudentEnrollments  f
	ON f.HomelessnessStatusId = d.DimHomelessnessStatusId
WHERE d.HomelessnessStatusCode = 'Yes';",,,,,,,
,,Disaggregate,"PK, K12, PS, WF",,,Individual or family military status,,,,"FactK12StudentEnrollments.MilitaryStatusId

DimMilitaryStatuses.MilitaryConnectedStudentIndicatorCode/Description
DimMilitaryStatuses.MilitaryActiveStudentIndicatorCode/Description","FactK12StudentEnrollments.MilitaryStatusId

DimMilitaryStatuses.MilitaryConnectedStudentIndicatorCode/Description
DimMilitaryStatuses.MilitaryActiveStudentIndicatorCode/Description",,,,,,"SELECT 
        'Individual or family military status' AS DataElementName,
        'RecordCount' AS CharacteristicType,
        CAST(COUNT(*) AS NVARCHAR(MAX)) AS Value,
        NULL AS Remarks
FROM RDS.DimMilitaryStatuses d
JOIN RDS.FactK12StudentEnrollments  f
        ON f.MilitaryStatusId = d.DimMilitaryStatusId
WHERE d.MilitaryConnectedStudentIndicatorCode IN ('ActiveDuty', 'NationalGuardOrReserve')
        OR d.MilitaryConnectedStudentIndicatorCode IS NOT NULL
        OR d.MilitaryActiveStudentIndicatorCode NOT IN ('MISSING', 'Unknown')
        OR d.MilitaryActiveStudentIndicatorCode IS NOT NULL;","SELECT 
        'Individual or family military status' AS DataElementName,
        'RecordCount' AS CharacteristicType,
        CAST(COUNT(*) AS NVARCHAR(MAX)) AS Value,
        NULL AS Remarks
FROM RDS.DimMilitaryStatuses d
JOIN RDS.FactK12StudentEnrollments  f
        ON f.MilitaryStatusId = d.DimMilitaryStatusId
WHERE d.MilitaryConnectedStudentIndicatorCode IN ('ActiveDuty', 'NationalGuardOrReserve')
        OR d.MilitaryConnectedStudentIndicatorCode IS NOT NULL
        OR d.ActiveMilitaryStatusIndicatorCode NOT IN ('MISSING', 'Unknown')
        OR d.ActiveMilitaryStatusIndicatorCode IS NOT NULL;",,,,,,,
,,Disaggregate,"PK, K12, PS",,,Individual with current or past child welfare involvement,,,,"FactSpecialEducation.IndividualizedProgramStatusId

DimIndividualizedProgramStatuses.StudentSupportServiceTypeCode/Description","FactSpecialEducation.IndividualizedProgramStatusId

DimIndividualizedProgramStatuses.StudentSupportServiceTypeCode/Description",,,,,,"SELECT
        'Individual with current or past child welfare involvement' AS DataElementName,
        'RecordCount' AS CharacteristicType,
        CAST(COUNT(*) AS NVARCHAR(MAX)) AS Value,
        NULL AS Remarks
FROM RDS.FactSpecialEducation f
JOIN RDS.DimIndividualizedProgramStatuses d
  ON f.IndividualizedProgramStatusId = d.DimIndividualizedProgramStatusId
WHERE d.IndividualizedProgramTypeDescription = 'Children''s protective services'","SELECT
        'Individual with current or past child welfare involvement' AS DataElementName,
        'RecordCount' AS CharacteristicType,
        CAST(COUNT(*) AS NVARCHAR(MAX)) AS Value,
        NULL AS Remarks
FROM RDS.FactSpecialEducation f
JOIN RDS.DimIndividualizedProgramStatuses d
  ON f.IndividualizedProgramStatusId = d.DimIndividualizedProgramStatusId
WHERE d.IndividualizedProgramTypeDescription = 'Children''s protective services'",,,,,,,
,,Disaggregate,"K12, PS, WF",,,Justice involvement,,,,"FactK12StudentDisciplines.DisciplineStatusId

DimDisciplineStatuses.DisciplinaryActionTakenDescription = 'Juvenile justice referral'","FactK12StudentDisciplines.DisciplineStatusId

DimDisciplineStatuses.DisciplinaryActionTakenDescription = 'Juvenile justice referral'",,,,,,"SELECT 
	'Justice involvement' AS DataElementName,
	'RecordCount' AS CharacteristicType,
	CAST(COUNT(*) AS NVARCHAR(MAX)) AS Value,
	NULL AS Remarks
FROM RDS.DimDisciplineStatuses d
JOIN RDS.FactK12StudentDisciplines  f
	ON f.DisciplineStatusId = d.DimDisciplineStatusId
WHERE d.DisciplinaryActionTakenDescription = 'Juvenile justice referral'","SELECT 
	'Justice involvement' AS DataElementName,
	'RecordCount' AS CharacteristicType,
	CAST(COUNT(*) AS NVARCHAR(MAX)) AS Value,
	NULL AS Remarks
FROM RDS.DimDisciplineStatuses d
JOIN RDS.FactK12StudentDisciplines  f
	ON f.DisciplineStatusId = d.DimDisciplineStatusId
WHERE d.DisciplinaryActionTakenDescription = 'Juvenile justice referral'",,,,,,,